product_id,name,category,calories,protein_g,carbs_g,fiber_g,fat_g,sugar_g,sodium_mg,sat_fat_g,has_high_fructose_corn_syrup,has_hydrogenated_oils,has_artificial_sweeteners,has_artificial_colors,has_healthy_evoo_oil,health_score,nutriscore_grade
PROD_00001,Dairy Product #1,Dairy & Cheese,334.9,9.5,14.5,0.0,20.3,8.2,101.0,9.8,0,0,0,0,0,5.33,C
PROD_00002,Prepared Meal #2,Fast Food & Prepared Meals,350.5,37.8,72.0,4.3,14.3,4.4,1158.4,9.6,1,0,0,1,1,3.14,E
PROD_00003,Processed Snack #3,Processed Snacks & Sweets,333.9,5.9,51.0,2.6,23.0,26.9,158.6,11.5,0,1,1,1,0,1.0,E
PROD_00004,Condiment #4,Condiments & Sauces,20.7,1.8,10.5,1.0,5.6,10.5,856.1,0.6,0,0,0,0,0,1.61,E
PROD_00005,Condiment #5,Condiments & Sauces,109.1,1.0,33.7,1.3,13.5,15.6,904.1,2.9,0,0,0,1,1,1.0,E
PROD_00006,Condiment #6,Condiments & Sauces,15.9,1.6,25.3,1.1,13.9,3.0,630.2,0.3,0,0,0,1,0,1.52,E
PROD_00007,Condiment #7,Condiments & Sauces,124.9,1.2,11.1,0.8,6.9,11.1,1218.7,2.2,1,0,1,0,1,1.0,E
PROD_00008,Dairy Product #8,Dairy & Cheese,232.1,16.7,13.1,0.0,7.0,10.5,369.3,5.5,0,0,0,0,0,5.4,C
PROD_00009,Lean Protein #9,Lean Proteins & Poultry,197.4,27.4,0.5,0.5,3.8,0.5,403.3,1.5,0,0,0,0,1,7.95,B
PROD_00010,Fresh Produce Item #10,Whole Foods & Produce,46.7,2.0,21.4,7.2,0.1,8.6,23.8,0.1,0,0,0,0,0,4.41,D
PROD_00011,Condiment #11,Condiments & Sauces,170.6,0.6,19.1,1.1,6.5,19.1,1354.9,0.8,1,0,0,1,0,1.0,E
PROD_00012,Grain/Legume #12,Whole Grains & Legumes,205.9,13.6,52.2,10.8,2.8,3.0,120.6,0.3,0,0,0,0,0,8.0,A
PROD_00013,Fresh Produce Item #13,Whole Foods & Produce,94.2,1.8,17.6,5.8,1.1,3.2,42.6,0.2,0,0,0,0,0,6.03,C
PROD_00014,Beverage Item #14,Beverages & Drinks,4.0,1.0,13.6,0.3,0.2,13.6,52.5,0.0,0,0,1,1,0,1.0,E
PROD_00015,Superfood Oil/Nut #15,Superfoods & Healthy Oils,153.5,5.3,5.6,1.1,13.1,2.0,25.8,1.8,0,0,0,0,1,6.35,C
PROD_00016,Dairy Product #16,Dairy & Cheese,188.5,12.6,13.6,0.0,29.0,13.6,515.7,12.9,1,0,0,0,0,3.85,D
PROD_00017,Beverage Item #17,Beverages & Drinks,139.4,0.7,56.4,0.5,0.3,16.8,63.4,0.0,1,0,0,1,0,1.0,E
PROD_00018,Beverage Item #18,Beverages & Drinks,88.0,1.5,43.3,0.2,0.5,28.0,80.0,0.0,1,0,0,0,0,1.0,E
PROD_00019,Processed Snack #19,Processed Snacks & Sweets,512.2,4.2,65.8,1.8,20.7,28.3,276.9,9.4,1,1,0,1,0,1.0,E
PROD_00020,Superfood Oil/Nut #20,Superfoods & Healthy Oils,272.5,3.6,4.4,2.9,27.6,0.2,15.3,1.6,0,0,0,0,1,5.25,C
PROD_00021,Fresh Produce Item #21,Whole Foods & Produce,55.1,1.1,16.1,7.6,1.4,9.4,9.4,0.3,0,0,0,0,0,4.52,D
PROD_00022,Lean Protein #22,Lean Proteins & Poultry,155.2,41.2,0.7,0.7,7.3,0.6,217.9,1.3,0,0,0,0,0,8.6,A
PROD_00023,Nutrition Shake/Supplement #23,Dietary Supplements & Shakes,101.1,33.8,7.3,1.5,4.5,1.1,316.0,0.6,0,0,0,0,0,7.88,B
PROD_00024,Prepared Meal #24,Fast Food & Prepared Meals,704.5,12.8,37.2,5.2,28.8,6.3,1155.0,14.8,1,0,0,1,1,1.04,E
PROD_00025,Beverage Item #25,Beverages & Drinks,98.7,1.4,8.3,0.1,1.0,8.3,14.5,0.0,1,0,0,0,0,3.24,E
PROD_00026,Dairy Product #26,Dairy & Cheese,217.1,19.1,2.9,0.0,29.5,2.9,186.3,3.6,0,0,0,0,0,6.8,B
PROD_00027,Dairy Product #27,Dairy & Cheese,290.3,14.3,13.7,0.0,4.4,9.9,136.8,4.0,0,0,1,1,0,3.24,E
PROD_00028,Beverage Item #28,Beverages & Drinks,41.6,0.9,23.9,0.3,0.6,2.5,51.2,0.0,0,0,0,0,0,2.71,E
PROD_00029,Grain/Legume #29,Whole Grains & Legumes,280.5,13.4,62.8,15.4,4.5,3.4,161.2,0.7,0,0,0,0,0,7.08,B
PROD_00030,Grain/Legume #30,Whole Grains & Legumes,267.7,15.8,51.1,7.3,2.1,1.5,78.6,0.2,0,0,0,0,0,6.91,B
PROD_00031,Dairy Product #31,Dairy & Cheese,102.8,12.1,15.5,0.0,3.7,13.4,211.9,3.7,0,0,0,0,0,6.58,B
PROD_00032,Superfood Oil/Nut #32,Superfoods & Healthy Oils,207.7,4.4,4.5,2.9,23.2,0.3,12.5,2.7,0,0,0,0,1,5.22,C
PROD_00033,Dairy Product #33,Dairy & Cheese,377.8,22.3,8.9,0.0,24.8,8.9,102.9,17.3,0,0,0,0,0,5.42,C
PROD_00034,Superfood Oil/Nut #34,Superfoods & Healthy Oils,255.5,3.8,7.7,3.4,18.7,1.0,4.2,1.3,0,0,0,0,1,5.3,C
PROD_00035,Superfood Oil/Nut #35,Superfoods & Healthy Oils,208.6,2.7,7.6,3.9,12.0,1.9,48.7,4.0,0,0,0,0,1,6.63,B
PROD_00036,Superfood Oil/Nut #36,Superfoods & Healthy Oils,241.8,5.9,0.8,0.4,22.6,0.1,41.1,3.1,0,0,0,0,1,5.14,C
PROD_00037,Grain/Legume #37,Whole Grains & Legumes,242.9,8.8,48.3,14.5,4.5,1.6,182.0,0.7,0,0,0,0,0,6.94,B
PROD_00038,Prepared Meal #38,Fast Food & Prepared Meals,773.1,18.5,54.8,3.5,24.4,11.3,1221.5,14.4,0,0,0,0,0,4.85,D
PROD_00039,Superfood Oil/Nut #39,Superfoods & Healthy Oils,180.0,3.3,6.9,1.1,27.3,0.0,48.5,1.1,0,0,0,0,1,5.02,C
PROD_00040,Grain/Legume #40,Whole Grains & Legumes,185.7,14.3,28.0,6.8,1.9,1.8,199.2,0.8,0,0,0,0,0,9.34,A
PROD_00041,Dairy Product #41,Dairy & Cheese,94.5,11.3,17.2,0.0,28.8,8.4,418.3,6.7,0,0,0,0,0,5.73,C
PROD_00042,Superfood Oil/Nut #42,Superfoods & Healthy Oils,161.6,4.6,0.3,0.3,17.4,0.3,13.5,1.4,0,0,0,0,1,6.05,C
PROD_00043,Processed Snack #43,Processed Snacks & Sweets,487.9,5.7,62.7,2.0,17.2,42.8,712.9,2.9,1,1,0,0,0,2.1,E
PROD_00044,Superfood Oil/Nut #44,Superfoods & Healthy Oils,275.2,7.7,6.7,2.3,17.5,0.5,2.8,3.6,0,0,0,0,1,5.62,C
PROD_00045,Fresh Produce Item #45,Whole Foods & Produce,75.8,3.1,23.3,5.5,1.5,11.8,22.0,0.1,0,0,0,0,0,4.2,D
PROD_00046,Beverage Item #46,Beverages & Drinks,54.9,1.3,37.1,0.2,0.1,36.9,67.2,0.0,0,0,0,0,0,1.0,E
PROD_00047,Prepared Meal #47,Fast Food & Prepared Meals,930.8,14.3,82.5,4.2,33.7,11.6,1509.3,13.0,0,0,0,0,0,4.76,D
PROD_00048,Processed Snack #48,Processed Snacks & Sweets,516.5,2.7,53.1,2.5,16.7,32.5,710.5,11.5,1,0,0,1,0,1.75,E
PROD_00049,Condiment #49,Condiments & Sauces,22.6,1.2,13.5,0.3,10.4,10.2,844.7,1.4,0,0,0,1,0,2.35,E
PROD_00050,Lean Protein #50,Lean Proteins & Poultry,194.3,25.6,4.1,0.3,5.2,0.1,269.5,2.1,0,0,0,0,0,8.42,A
PROD_00051,Lean Protein #51,Lean Proteins & Poultry,128.0,28.3,1.6,0.1,6.6,1.4,254.7,1.0,0,0,0,0,0,9.06,A
PROD_00052,Beverage Item #52,Beverages & Drinks,50.2,0.7,29.1,0.3,0.4,25.4,92.2,0.0,1,0,1,0,0,1.0,E
PROD_00053,Dairy Product #53,Dairy & Cheese,243.7,16.1,3.7,0.0,16.0,3.7,187.9,6.6,0,0,1,0,0,4.57,D
PROD_00054,Superfood Oil/Nut #54,Superfoods & Healthy Oils,262.5,5.7,5.4,3.9,19.0,0.2,26.9,2.8,0,0,0,0,1,5.62,C
PROD_00055,Condiment #55,Condiments & Sauces,111.8,1.1,14.5,0.5,16.2,14.5,493.2,1.5,1,0,1,1,0,1.0,E
PROD_00056,Condiment #56,Condiments & Sauces,163.0,0.2,19.3,0.6,17.7,4.0,677.4,2.9,0,0,0,1,0,1.99,E
PROD_00057,Superfood Oil/Nut #57,Superfoods & Healthy Oils,235.0,5.3,3.8,3.8,13.7,1.9,35.5,1.6,0,0,0,0,1,6.08,C
PROD_00058,Fresh Produce Item #58,Whole Foods & Produce,83.0,1.5,16.6,2.9,1.0,8.9,7.3,0.2,0,0,0,0,0,5.1,C
PROD_00059,Dairy Product #59,Dairy & Cheese,255.7,9.8,13.0,0.0,5.5,3.9,41.7,4.0,0,0,0,0,0,5.8,C
PROD_00060,Grain/Legume #60,Whole Grains & Legumes,290.8,17.3,32.2,5.7,4.0,3.1,169.2,0.3,0,0,0,0,0,8.53,A
PROD_00061,Processed Snack #61,Processed Snacks & Sweets,257.5,5.1,59.9,1.8,15.9,40.9,405.1,10.3,1,1,0,1,0,1.0,E
PROD_00062,Superfood Oil/Nut #62,Superfoods & Healthy Oils,176.9,4.1,4.3,0.3,14.1,1.1,21.6,2.0,0,0,0,0,1,5.59,C
PROD_00063,Processed Snack #63,Processed Snacks & Sweets,317.2,1.7,65.7,2.1,19.7,41.5,662.6,3.9,1,1,0,1,0,1.0,E
PROD_00064,Nutrition Shake/Supplement #64,Dietary Supplements & Shakes,175.3,39.6,5.4,5.4,2.5,5.1,289.2,0.8,0,0,0,0,0,10.0,A
PROD_00065,Processed Snack #65,Processed Snacks & Sweets,442.9,3.7,41.3,1.4,12.0,41.3,529.2,6.3,0,0,0,1,0,4.36,D
PROD_00066,Condiment #66,Condiments & Sauces,158.9,1.9,20.6,1.0,16.6,20.1,383.0,1.7,0,0,0,0,0,4.25,D
PROD_00067,Dairy Product #67,Dairy & Cheese,119.3,10.5,4.6,0.0,8.4,4.6,242.6,7.3,0,0,0,0,0,4.42,D
PROD_00068,Superfood Oil/Nut #68,Superfoods & Healthy Oils,120.7,3.7,3.2,2.7,26.6,0.7,17.3,3.2,0,0,0,0,1,5.23,C
PROD_00069,Fresh Produce Item #69,Whole Foods & Produce,80.8,0.6,23.3,3.5,1.2,4.2,6.5,0.2,0,0,0,0,0,4.68,D
PROD_00070,Lean Protein #70,Lean Proteins & Poultry,202.9,24.5,4.8,0.1,5.9,0.2,448.7,2.0,0,0,0,0,0,7.45,B
PROD_00071,Dairy Product #71,Dairy & Cheese,216.6,21.2,7.6,0.0,16.6,7.6,270.4,16.2,0,0,0,0,0,6.35,C
PROD_00072,Fresh Produce Item #72,Whole Foods & Produce,63.1,2.5,8.1,3.1,1.7,8.1,21.8,0.1,0,0,0,0,0,7.18,B
PROD_00073,Fresh Produce Item #73,Whole Foods & Produce,27.4,1.0,19.3,6.0,0.2,4.9,15.4,0.2,0,0,0,0,1,5.03,C
PROD_00074,Processed Snack #74,Processed Snacks & Sweets,510.6,3.8,62.4,2.5,29.8,31.9,674.5,11.6,0,1,0,1,0,1.25,E
PROD_00075,Lean Protein #75,Lean Proteins & Poultry,111.8,22.1,1.0,0.0,3.4,1.0,218.6,3.2,0,0,0,0,0,7.07,B
PROD_00076,Lean Protein #76,Lean Proteins & Poultry,160.8,20.9,4.2,0.3,9.6,0.7,394.4,1.2,0,0,0,0,0,7.41,B
PROD_00077,Condiment #77,Condiments & Sauces,33.8,1.1,34.5,0.7,3.3,14.1,814.9,2.2,0,0,0,0,0,1.39,E
PROD_00078,Prepared Meal #78,Fast Food & Prepared Meals,898.6,15.1,69.6,2.7,36.7,15.7,1570.2,6.9,1,1,0,0,0,1.6,E
PROD_00079,Condiment #79,Condiments & Sauces,56.4,1.3,18.3,0.9,15.1,11.9,1125.1,1.3,1,0,0,1,0,1.0,E
PROD_00080,Dairy Product #80,Dairy & Cheese,275.3,24.0,8.3,0.0,30.7,3.9,335.1,6.6,0,0,0,0,0,6.96,B
PROD_00081,Fresh Produce Item #81,Whole Foods & Produce,72.2,2.6,11.7,6.6,0.3,3.0,37.8,0.2,0,0,0,0,0,7.45,B
PROD_00082,Processed Snack #82,Processed Snacks & Sweets,227.2,1.0,73.5,0.5,10.3,22.4,674.8,10.3,0,0,0,1,0,1.0,E
PROD_00083,Condiment #83,Condiments & Sauces,140.1,1.3,27.0,1.1,11.5,27.0,1284.0,1.9,0,1,0,1,0,1.0,E
PROD_00084,Grain/Legume #84,Whole Grains & Legumes,290.8,8.3,29.6,9.6,4.2,3.9,15.7,0.6,0,0,0,0,0,7.9,B
PROD_00085,Dairy Product #85,Dairy & Cheese,91.8,17.3,5.7,0.0,6.5,3.1,464.7,6.5,0,0,1,0,0,4.51,D
PROD_00086,Superfood Oil/Nut #86,Superfoods & Healthy Oils,238.1,5.2,3.4,3.4,17.5,0.9,49.5,1.0,0,0,0,0,1,5.07,C
PROD_00087,Lean Protein #87,Lean Proteins & Poultry,241.5,40.0,5.0,0.4,9.6,0.8,242.0,2.4,0,0,0,0,0,8.41,A
PROD_00088,Grain/Legume #88,Whole Grains & Legumes,291.1,6.0,43.7,8.3,4.4,3.7,119.9,0.4,0,0,0,0,0,5.38,C
PROD_00089,Superfood Oil/Nut #89,Superfoods & Healthy Oils,137.5,4.1,1.0,1.0,24.4,0.5,29.4,3.9,0,0,0,0,1,5.09,C
PROD_00090,Lean Protein #90,Lean Proteins & Poultry,133.4,44.8,1.2,0.9,8.3,1.2,255.1,1.2,0,0,0,0,1,9.32,A
PROD_00091,Nutrition Shake/Supplement #91,Dietary Supplements & Shakes,108.1,43.7,21.2,6.6,6.2,3.0,205.5,1.7,0,0,1,0,0,8.56,A
PROD_00092,Processed Snack #92,Processed Snacks & Sweets,485.5,2.1,40.1,1.8,21.0,31.1,209.5,10.8,1,1,0,0,0,1.3,E
PROD_00093,Nutrition Shake/Supplement #93,Dietary Supplements & Shakes,278.1,34.7,15.1,1.6,4.6,4.8,127.9,1.9,0,0,1,1,0,5.32,C
PROD_00094,Fresh Produce Item #94,Whole Foods & Produce,30.8,3.6,15.3,7.4,1.2,10.6,29.5,0.4,0,0,0,0,0,6.58,B
PROD_00095,Condiment #95,Condiments & Sauces,146.6,1.3,30.1,1.3,12.8,23.6,1037.0,2.0,0,0,0,0,0,1.87,E
PROD_00096,Dairy Product #96,Dairy & Cheese,131.4,21.5,15.3,0.0,17.7,2.1,215.1,12.5,0,0,0,0,0,5.21,C
PROD_00097,Condiment #97,Condiments & Sauces,150.1,0.3,11.4,0.0,7.8,11.4,670.6,0.5,0,0,0,0,0,3.67,D
PROD_00098,Fresh Produce Item #98,Whole Foods & Produce,80.3,1.7,17.4,2.3,1.8,14.7,48.6,0.4,0,0,0,0,0,2.29,E
PROD_00099,Dairy Product #99,Dairy & Cheese,101.0,21.6,7.9,0.0,26.7,5.5,40.6,4.7,0,0,0,1,0,5.53,C
PROD_00100,Beverage Item #100,Beverages & Drinks,201.6,1.5,13.8,0.1,0.9,13.8,13.4,0.0,0,0,0,0,0,5.41,C
PROD_00101,Beverage Item #101,Beverages & Drinks,95.4,0.5,59.0,0.2,0.9,12.6,33.4,0.0,1,0,0,1,0,1.0,E
PROD_00102,Condiment #102,Condiments & Sauces,41.3,0.4,5.0,0.2,8.2,5.0,221.4,2.4,1,0,0,1,0,1.0,E
PROD_00103,Dairy Product #103,Dairy & Cheese,120.1,19.0,8.9,0.0,8.8,8.9,79.2,8.8,0,0,0,0,0,5.4,C
PROD_00104,Lean Protein #104,Lean Proteins & Poultry,205.3,29.9,4.9,0.7,8.4,1.5,431.1,3.2,0,0,0,0,0,7.69,B
PROD_00105,Processed Snack #105,Processed Snacks & Sweets,236.7,2.2,74.4,0.9,19.0,32.4,606.6,7.8,1,1,0,1,0,1.0,E
PROD_00106,Beverage Item #106,Beverages & Drinks,85.9,0.6,58.6,0.1,0.7,45.2,14.5,0.0,0,0,0,1,0,1.0,E
PROD_00107,Prepared Meal #107,Fast Food & Prepared Meals,706.9,28.0,71.8,2.8,52.3,21.1,1294.2,15.0,0,0,0,0,0,5.67,C
PROD_00108,Processed Snack #108,Processed Snacks & Sweets,214.3,1.8,49.7,2.3,21.1,33.5,461.5,8.3,1,0,0,0,0,3.66,D
PROD_00109,Grain/Legume #109,Whole Grains & Legumes,274.9,12.0,47.2,12.9,1.9,5.0,195.1,0.7,0,0,0,0,0,7.82,B
PROD_00110,Fresh Produce Item #110,Whole Foods & Produce,104.8,1.1,24.2,4.5,1.7,10.2,38.1,0.4,0,0,0,0,0,5.07,C
PROD_00111,Lean Protein #111,Lean Proteins & Poultry,231.4,34.5,2.2,0.7,6.6,1.7,410.3,1.8,0,0,0,0,0,7.98,B
PROD_00112,Processed Snack #112,Processed Snacks & Sweets,418.0,4.2,63.0,0.8,23.7,42.0,266.8,4.8,0,1,0,1,0,1.0,E
PROD_00113,Prepared Meal #113,Fast Food & Prepared Meals,872.4,23.6,65.9,3.1,38.3,6.9,978.0,17.6,0,0,0,0,0,5.46,C
PROD_00114,Processed Snack #114,Processed Snacks & Sweets,354.7,2.7,50.2,2.2,11.2,26.8,532.1,11.2,1,1,0,0,0,1.0,E
PROD_00115,Grain/Legume #115,Whole Grains & Legumes,247.4,15.4,53.2,9.9,4.5,3.0,110.3,0.2,0,0,0,0,0,7.89,B
PROD_00116,Nutrition Shake/Supplement #116,Dietary Supplements & Shakes,108.7,18.7,12.9,7.5,3.9,6.3,62.5,0.8,0,0,0,1,0,8.84,A
PROD_00117,Lean Protein #117,Lean Proteins & Poultry,155.2,44.3,2.9,0.3,7.0,0.7,262.9,0.9,0,0,0,0,1,8.74,A
PROD_00118,Grain/Legume #118,Whole Grains & Legumes,150.7,14.1,42.8,14.5,1.7,3.6,168.4,1.0,0,0,0,0,0,8.18,A
PROD_00119,Lean Protein #119,Lean Proteins & Poultry,144.2,40.8,4.3,0.8,2.7,1.6,417.5,2.3,0,0,0,0,0,8.38,A
PROD_00120,Superfood Oil/Nut #120,Superfoods & Healthy Oils,137.1,6.3,8.0,0.2,27.6,0.8,43.5,3.3,0,0,0,0,1,5.35,C
PROD_00121,Superfood Oil/Nut #121,Superfoods & Healthy Oils,137.5,6.2,6.1,4.6,17.9,1.8,43.9,2.0,0,0,0,0,1,6.89,B
PROD_00122,Prepared Meal #122,Fast Food & Prepared Meals,739.4,20.5,72.8,4.2,37.1,10.8,1190.5,12.4,0,0,0,1,0,4.03,D
PROD_00123,Condiment #123,Condiments & Sauces,125.3,1.2,17.3,0.6,15.5,15.0,775.0,0.1,1,0,0,0,0,2.48,E
PROD_00124,Prepared Meal #124,Fast Food & Prepared Meals,798.1,30.6,66.3,5.2,31.7,20.1,546.2,17.4,0,0,0,1,0,4.7,D
PROD_00125,Processed Snack #125,Processed Snacks & Sweets,235.5,3.4,41.6,1.2,14.8,38.5,500.5,5.5,0,0,0,1,0,1.0,E
PROD_00126,Nutrition Shake/Supplement #126,Dietary Supplements & Shakes,276.0,20.5,9.5,6.6,2.9,9.5,177.4,0.7,0,0,1,0,0,6.44,C
PROD_00127,Dairy Product #127,Dairy & Cheese,284.2,15.8,11.5,0.0,26.0,11.1,146.6,8.1,0,0,0,0,0,5.0,C
PROD_00128,Condiment #128,Condiments & Sauces,150.7,0.8,24.0,0.1,11.2,13.2,903.9,0.5,0,0,0,1,1,1.63,E
PROD_00129,Processed Snack #129,Processed Snacks & Sweets,412.5,3.7,40.4,1.5,21.1,28.4,792.1,3.8,0,0,0,0,0,4.4,D
PROD_00130,Dairy Product #130,Dairy & Cheese,327.2,11.0,12.3,0.0,20.3,7.6,263.8,7.8,0,0,0,0,0,5.87,C
PROD_00131,Grain/Legume #131,Whole Grains & Legumes,145.4,13.7,35.8,11.5,3.7,1.5,94.1,0.4,0,0,0,0,1,7.48,B
PROD_00132,Processed Snack #132,Processed Snacks & Sweets,455.7,3.3,32.7,1.9,29.1,17.8,598.5,4.4,0,1,0,0,0,3.03,E
PROD_00133,Fresh Produce Item #133,Whole Foods & Produce,53.6,3.9,14.5,4.3,0.3,14.5,5.9,0.3,0,0,0,0,0,6.77,B
PROD_00134,Beverage Item #134,Beverages & Drinks,149.7,0.2,45.3,0.1,0.8,43.0,88.0,0.0,1,0,1,1,0,1.0,E
PROD_00135,Lean Protein #135,Lean Proteins & Poultry,163.3,28.7,1.2,0.5,10.2,0.6,427.0,3.1,0,0,0,0,1,7.83,B
PROD_00136,Grain/Legume #136,Whole Grains & Legumes,216.0,12.0,40.9,10.9,3.5,3.5,108.8,0.8,0,0,0,0,1,8.49,A
PROD_00137,Dairy Product #137,Dairy & Cheese,177.5,7.5,8.4,0.0,8.0,8.4,251.1,8.0,0,0,0,1,0,3.86,D
PROD_00138,Prepared Meal #138,Fast Food & Prepared Meals,847.6,20.3,92.2,5.2,41.3,6.2,1095.6,11.1,1,1,0,0,0,1.89,E
PROD_00139,Beverage Item #139,Beverages & Drinks,105.5,0.2,38.4,0.1,0.6,35.8,26.7,0.0,1,0,0,1,0,1.0,E
PROD_00140,Superfood Oil/Nut #140,Superfoods & Healthy Oils,188.9,2.4,0.6,0.6,14.8,0.4,34.6,2.9,0,0,0,0,1,4.88,D
PROD_00141,Beverage Item #141,Beverages & Drinks,239.2,1.6,36.9,0.2,0.6,29.0,56.9,0.0,1,0,0,1,0,1.0,E
PROD_00142,Prepared Meal #142,Fast Food & Prepared Meals,846.5,31.1,81.2,1.5,31.1,12.7,475.9,7.6,0,1,0,0,0,4.09,D
PROD_00143,Grain/Legume #143,Whole Grains & Legumes,313.5,13.6,33.0,5.7,1.2,2.2,56.8,0.7,0,0,0,0,0,6.76,B
PROD_00144,Beverage Item #144,Beverages & Drinks,207.5,0.5,39.1,0.4,0.6,39.1,53.2,0.0,0,0,1,1,0,1.0,E
PROD_00145,Condiment #145,Condiments & Sauces,67.0,1.4,16.4,0.4,15.1,2.0,1282.1,1.4,0,0,0,0,0,3.51,D
PROD_00146,Processed Snack #146,Processed Snacks & Sweets,237.0,5.9,49.9,0.6,8.8,36.6,578.4,8.8,1,1,0,1,0,1.0,E
PROD_00147,Beverage Item #147,Beverages & Drinks,83.9,1.5,39.7,0.1,0.2,5.4,82.6,0.0,0,0,1,1,0,1.0,E
PROD_00148,Superfood Oil/Nut #148,Superfoods & Healthy Oils,276.2,6.3,0.1,0.1,14.7,0.1,48.0,2.4,0,0,0,0,1,4.74,D
PROD_00149,Lean Protein #149,Lean Proteins & Poultry,155.1,23.1,2.4,0.1,6.6,1.8,258.3,2.3,0,0,0,0,1,7.41,B
PROD_00150,Condiment #150,Condiments & Sauces,86.3,0.9,22.2,1.4,4.3,4.3,437.0,2.7,0,0,0,0,0,2.57,E
PROD_00151,Superfood Oil/Nut #151,Superfoods & Healthy Oils,207.0,6.1,1.8,1.8,23.5,1.1,9.0,1.2,0,0,0,0,1,6.39,C
PROD_00152,Superfood Oil/Nut #152,Superfoods & Healthy Oils,270.0,1.3,1.3,0.7,23.1,1.3,10.7,2.5,0,0,0,0,1,8.22,A
PROD_00153,Condiment #153,Condiments & Sauces,71.5,0.8,27.0,1.1,11.0,3.9,381.9,0.3,0,0,0,1,0,1.91,E
PROD_00154,Processed Snack #154,Processed Snacks & Sweets,547.1,1.5,48.1,2.5,12.5,30.3,626.5,8.4,1,1,0,1,0,1.0,E
PROD_00155,Prepared Meal #155,Fast Food & Prepared Meals,858.8,33.8,85.0,1.5,44.7,17.7,1365.8,14.6,0,0,0,0,0,5.75,C
PROD_00156,Nutrition Shake/Supplement #156,Dietary Supplements & Shakes,295.0,32.8,11.6,3.9,6.7,0.5,235.9,1.2,0,0,1,0,0,6.56,B
PROD_00157,Beverage Item #157,Beverages & Drinks,122.4,1.4,6.2,0.1,0.7,2.9,63.5,0.0,0,0,0,1,0,3.88,D
PROD_00158,Processed Snack #158,Processed Snacks & Sweets,220.5,2.7,65.3,2.3,25.3,29.1,436.1,3.9,1,0,1,1,0,1.0,E
PROD_00159,Superfood Oil/Nut #159,Superfoods & Healthy Oils,269.3,6.1,3.4,3.2,24.1,0.2,20.5,3.5,0,0,0,0,1,5.42,C
PROD_00160,Grain/Legume #160,Whole Grains & Legumes,170.6,10.3,38.4,5.3,1.1,4.2,58.2,0.6,0,0,0,0,0,5.32,C
PROD_00161,Grain/Legume #161,Whole Grains & Legumes,142.3,16.2,34.0,9.1,2.8,2.7,89.9,0.9,0,0,0,0,0,7.83,B
PROD_00162,Dairy Product #162,Dairy & Cheese,238.9,14.3,13.7,0.0,25.2,4.2,412.2,4.3,0,0,0,0,0,6.05,C
PROD_00163,Condiment #163,Condiments & Sauces,24.4,0.6,10.6,0.4,16.3,7.7,526.3,2.3,1,0,1,0,1,1.0,E
PROD_00164,Fresh Produce Item #164,Whole Foods & Produce,98.3,0.8,9.7,6.4,1.1,3.7,44.7,0.2,0,0,0,0,0,6.6,B
PROD_00165,Condiment #165,Condiments & Sauces,57.9,1.5,34.4,0.4,11.8,6.3,878.4,1.4,0,0,0,1,1,1.0,E
PROD_00166,Dairy Product #166,Dairy & Cheese,298.8,16.4,17.7,0.0,9.6,7.7,371.0,9.6,0,0,0,0,0,6.02,C
PROD_00167,Lean Protein #167,Lean Proteins & Poultry,177.9,24.1,4.7,0.8,8.5,0.9,214.7,2.5,0,0,0,0,0,8.51,A
PROD_00168,Nutrition Shake/Supplement #168,Dietary Supplements & Shakes,315.2,38.8,13.9,3.4,8.0,6.8,277.5,2.0,1,0,1,0,0,5.25,C
PROD_00169,Beverage Item #169,Beverages & Drinks,208.9,0.5,27.1,0.5,0.8,1.5,17.2,0.0,1,0,0,0,0,1.66,E
PROD_00170,Beverage Item #170,Beverages & Drinks,108.4,0.8,5.6,0.2,0.2,5.6,20.3,0.0,1,0,0,1,0,2.0,E
PROD_00171,Condiment #171,Condiments & Sauces,146.7,0.8,32.2,0.8,2.8,19.8,1151.9,1.0,0,0,0,0,1,1.0,E
PROD_00172,Grain/Legume #172,Whole Grains & Legumes,291.2,15.8,37.5,13.8,4.9,4.4,27.9,0.8,0,0,0,0,0,8.82,A
PROD_00173,Fresh Produce Item #173,Whole Foods & Produce,64.7,3.9,18.4,5.8,0.4,13.5,24.2,0.1,0,0,0,0,1,5.92,C
PROD_00174,Superfood Oil/Nut #174,Superfoods & Healthy Oils,251.7,2.7,3.0,3.0,16.1,0.6,45.9,1.3,0,0,0,0,1,9.41,A
PROD_00175,Superfood Oil/Nut #175,Superfoods & Healthy Oils,195.4,7.6,3.7,1.8,18.9,1.7,16.8,1.5,0,0,0,0,1,6.29,C
PROD_00176,Fresh Produce Item #176,Whole Foods & Produce,47.8,1.0,12.0,4.7,1.5,10.5,32.9,0.2,0,0,0,0,0,4.69,D
PROD_00177,Processed Snack #177,Processed Snacks & Sweets,210.9,4.7,34.8,1.3,8.1,34.5,258.6,8.1,0,1,1,1,0,1.0,E
PROD_00178,Grain/Legume #178,Whole Grains & Legumes,137.3,9.6,51.1,15.3,4.5,3.9,158.7,0.7,0,0,0,0,0,7.15,B
PROD_00179,Fresh Produce Item #179,Whole Foods & Produce,108.1,0.5,8.4,4.3,0.8,4.9,22.2,0.1,0,0,0,0,0,6.97,B
PROD_00180,Fresh Produce Item #180,Whole Foods & Produce,29.0,3.1,23.4,3.7,1.7,5.8,46.0,0.4,0,0,0,0,0,6.49,C
PROD_00181,Beverage Item #181,Beverages & Drinks,235.6,1.2,33.6,0.3,0.5,33.6,59.5,0.0,1,0,1,1,0,1.0,E
PROD_00182,Grain/Legume #182,Whole Grains & Legumes,195.4,9.6,54.7,5.5,4.6,4.3,135.2,0.7,0,0,0,0,0,5.18,C
PROD_00183,Dairy Product #183,Dairy & Cheese,250.0,21.9,6.6,0.0,15.4,5.7,521.4,11.7,0,0,0,0,0,5.3,C
PROD_00184,Superfood Oil/Nut #184,Superfoods & Healthy Oils,265.5,6.4,6.6,4.4,20.3,1.0,21.5,2.0,0,0,0,0,1,5.97,C
PROD_00185,Superfood Oil/Nut #185,Superfoods & Healthy Oils,174.5,2.3,1.4,1.4,18.0,1.4,32.0,3.0,0,0,0,0,1,4.87,D
PROD_00186,Processed Snack #186,Processed Snacks & Sweets,428.3,5.8,57.0,2.4,19.1,32.9,196.1,4.9,1,0,1,1,0,1.0,E
PROD_00187,Nutrition Shake/Supplement #187,Dietary Supplements & Shakes,313.7,24.9,13.6,2.4,6.1,3.7,112.1,1.5,1,0,1,1,0,2.88,E
PROD_00188,Fresh Produce Item #188,Whole Foods & Produce,45.8,1.9,5.9,3.7,1.7,5.7,41.8,0.3,0,0,0,0,0,6.3,C
PROD_00189,Dairy Product #189,Dairy & Cheese,359.8,15.4,13.2,0.0,31.8,3.8,207.6,8.7,0,0,0,0,0,6.27,C
PROD_00190,Fresh Produce Item #190,Whole Foods & Produce,103.3,3.8,21.4,2.0,1.3,2.7,16.6,0.0,0,0,0,0,0,5.54,C
PROD_00191,Lean Protein #191,Lean Proteins & Poultry,145.9,36.6,4.0,0.7,2.5,1.2,269.8,2.5,0,0,0,0,0,9.4,A
PROD_00192,Lean Protein #192,Lean Proteins & Poultry,203.6,37.0,1.8,0.6,1.6,1.3,415.3,1.6,0,0,0,0,0,7.92,B
PROD_00193,Beverage Item #193,Beverages & Drinks,153.1,1.5,31.8,0.4,1.0,31.8,86.4,0.0,0,0,0,1,0,1.0,E
PROD_00194,Fresh Produce Item #194,Whole Foods & Produce,45.5,2.1,21.3,2.4,0.8,13.1,23.2,0.0,0,0,0,0,0,2.43,E
PROD_00195,Prepared Meal #195,Fast Food & Prepared Meals,823.4,23.6,82.9,5.2,49.2,20.5,1031.8,8.5,0,0,0,0,0,5.65,C
PROD_00196,Condiment #196,Condiments & Sauces,42.3,1.3,3.5,1.1,17.0,3.5,820.7,1.1,1,0,0,0,1,2.52,E
PROD_00197,Grain/Legume #197,Whole Grains & Legumes,246.8,16.1,48.2,11.2,1.4,1.3,194.5,0.4,0,0,0,0,0,7.61,B
PROD_00198,Nutrition Shake/Supplement #198,Dietary Supplements & Shakes,108.6,15.9,11.5,2.1,1.7,9.2,187.6,1.1,0,0,1,0,0,7.23,B
PROD_00199,Grain/Legume #199,Whole Grains & Legumes,234.3,11.3,64.8,11.0,1.4,3.2,34.6,0.2,0,0,0,0,0,6.92,B
PROD_00200,Prepared Meal #200,Fast Food & Prepared Meals,498.1,33.8,56.4,5.2,43.1,7.2,1135.1,13.5,1,0,0,0,0,3.07,E
PROD_00201,Condiment #201,Condiments & Sauces,180.0,0.3,29.0,0.3,14.1,20.8,560.6,1.0,0,0,0,1,0,2.88,E
PROD_00202,Grain/Legume #202,Whole Grains & Legumes,261.8,10.2,43.3,5.4,4.0,3.0,16.3,0.7,0,0,0,0,0,6.09,C
PROD_00203,Nutrition Shake/Supplement #203,Dietary Supplements & Shakes,307.7,19.5,13.2,7.9,5.1,10.4,226.6,1.3,0,0,1,0,0,6.58,B
PROD_00204,Superfood Oil/Nut #204,Superfoods & Healthy Oils,178.0,6.8,7.2,2.3,18.0,1.2,29.6,3.4,0,0,0,0,1,5.15,C
PROD_00205,Processed Snack #205,Processed Snacks & Sweets,270.2,1.5,68.4,1.6,26.6,41.5,190.6,10.9,1,0,0,0,0,1.99,E
PROD_00206,Prepared Meal #206,Fast Food & Prepared Meals,783.6,30.0,43.1,2.8,28.7,18.5,826.3,6.9,0,1,0,0,0,4.36,D
PROD_00207,Fresh Produce Item #207,Whole Foods & Produce,33.5,0.5,5.9,4.1,1.3,2.9,5.3,0.5,0,0,0,0,0,7.06,B
PROD_00208,Processed Snack #208,Processed Snacks & Sweets,414.8,1.4,51.9,0.7,17.0,25.4,192.9,5.8,1,0,0,1,0,2.05,E
PROD_00209,Processed Snack #209,Processed Snacks & Sweets,382.9,2.5,33.5,1.8,25.5,33.5,182.6,3.2,1,1,0,1,0,1.0,E
PROD_00210,Dairy Product #210,Dairy & Cheese,232.5,10.3,12.2,0.0,31.4,10.4,258.3,13.0,0,0,0,0,0,5.23,C
PROD_00211,Nutrition Shake/Supplement #211,Dietary Supplements & Shakes,228.9,33.7,4.6,4.6,3.3,4.6,296.8,2.1,0,0,0,1,0,7.74,B
PROD_00212,Dairy Product #212,Dairy & Cheese,130.8,22.8,15.2,0.0,23.9,5.8,285.5,3.7,0,0,0,0,0,7.31,B
PROD_00213,Prepared Meal #213,Fast Food & Prepared Meals,774.2,13.6,85.4,1.5,24.1,17.3,877.0,5.4,0,1,0,0,0,3.59,D
PROD_00214,Processed Snack #214,Processed Snacks & Sweets,518.5,2.9,73.4,0.7,23.1,28.3,402.0,8.5,0,1,0,0,0,2.07,E
PROD_00215,Grain/Legume #215,Whole Grains & Legumes,342.5,15.1,63.0,12.7,2.2,1.0,157.5,0.7,0,0,0,0,1,7.14,B
PROD_00216,Superfood Oil/Nut #216,Superfoods & Healthy Oils,196.2,1.9,5.1,3.9,10.1,1.7,9.3,2.7,0,0,0,0,1,9.46,A
PROD_00217,Beverage Item #217,Beverages & Drinks,204.1,0.4,39.4,0.2,0.9,11.9,84.6,0.0,0,0,1,1,0,1.0,E
PROD_00218,Prepared Meal #218,Fast Food & Prepared Meals,736.9,22.3,77.8,2.4,50.5,9.2,946.5,4.8,1,0,0,1,0,3.28,E
PROD_00219,Grain/Legume #219,Whole Grains & Legumes,330.4,16.1,53.4,15.4,1.1,3.8,69.4,0.9,0,0,0,0,0,8.22,A
PROD_00220,Nutrition Shake/Supplement #220,Dietary Supplements & Shakes,214.2,35.3,9.9,6.4,7.3,6.5,342.8,0.8,1,0,0,0,0,7.83,B
PROD_00221,Lean Protein #221,Lean Proteins & Poultry,135.4,30.9,1.7,0.3,9.3,0.4,306.7,2.2,0,0,0,0,0,8.71,A
PROD_00222,Beverage Item #222,Beverages & Drinks,203.3,0.0,53.9,0.4,0.8,25.2,53.8,0.0,1,0,1,1,0,1.0,E
PROD_00223,Lean Protein #223,Lean Proteins & Poultry,194.5,31.8,0.3,0.3,7.6,0.3,145.7,2.1,0,0,0,0,0,9.29,A
PROD_00224,Prepared Meal #224,Fast Food & Prepared Meals,569.4,17.9,46.7,2.1,39.5,18.1,1230.7,6.1,0,0,0,0,0,5.89,C
PROD_00225,Fresh Produce Item #225,Whole Foods & Produce,57.8,3.7,10.8,4.8,1.8,10.8,7.8,0.1,0,0,0,0,1,7.21,B
PROD_00226,Prepared Meal #226,Fast Food & Prepared Meals,599.4,19.8,80.7,3.1,52.9,21.3,1288.2,17.0,0,0,0,1,0,4.23,D
PROD_00227,Processed Snack #227,Processed Snacks & Sweets,258.0,3.2,39.4,0.6,26.6,39.4,665.5,10.6,1,0,0,0,0,2.02,E
PROD_00228,Grain/Legume #228,Whole Grains & Legumes,226.1,13.1,27.9,11.8,4.9,1.4,159.6,0.9,0,0,0,0,0,9.12,A
PROD_00229,Grain/Legume #229,Whole Grains & Legumes,339.6,17.6,40.7,14.4,4.1,1.9,50.2,0.6,0,0,0,0,0,9.11,A
PROD_00230,Grain/Legume #230,Whole Grains & Legumes,132.0,10.3,62.0,7.5,3.5,1.5,67.7,0.9,0,0,0,0,0,5.37,C
PROD_00231,Prepared Meal #231,Fast Food & Prepared Meals,607.2,12.8,63.9,4.5,18.9,9.2,987.1,16.9,0,1,0,0,0,2.5,E
PROD_00232,Processed Snack #232,Processed Snacks & Sweets,220.2,3.2,42.4,2.1,29.8,24.7,523.0,6.4,0,0,0,0,0,4.79,D
PROD_00233,Dairy Product #233,Dairy & Cheese,241.9,10.2,2.6,0.0,4.0,2.6,568.7,4.0,0,0,0,0,0,5.39,C
PROD_00234,Nutrition Shake/Supplement #234,Dietary Supplements & Shakes,284.7,19.3,12.5,7.3,7.8,5.1,278.9,2.1,0,0,0,1,0,7.42,B
PROD_00235,Condiment #235,Condiments & Sauces,45.7,0.7,30.2,0.3,1.3,2.9,1328.9,1.3,1,0,0,1,0,1.0,E
PROD_00236,Processed Snack #236,Processed Snacks & Sweets,380.5,3.3,32.0,1.2,28.5,24.9,505.4,7.6,0,1,0,0,0,3.92,D
PROD_00237,Condiment #237,Condiments & Sauces,52.3,0.6,12.0,0.3,0.0,12.0,1360.2,0.0,0,0,0,0,0,1.0,E
PROD_00238,Processed Snack #238,Processed Snacks & Sweets,263.6,2.9,70.6,2.5,29.7,36.9,405.6,8.1,0,1,0,0,0,3.16,E
PROD_00239,Lean Protein #239,Lean Proteins & Poultry,219.3,34.6,4.8,0.0,4.3,1.2,168.6,2.6,0,0,0,0,0,9.01,A
PROD_00240,Superfood Oil/Nut #240,Superfoods & Healthy Oils,147.5,8.8,3.6,0.8,13.2,0.2,40.2,1.4,0,0,0,0,1,6.67,B
PROD_00241,Nutrition Shake/Supplement #241,Dietary Supplements & Shakes,260.4,40.9,9.0,6.6,3.0,4.5,150.7,2.5,0,0,0,0,0,10.0,A
PROD_00242,Fresh Produce Item #242,Whole Foods & Produce,54.6,2.2,15.1,4.3,1.8,2.2,40.2,0.1,0,0,0,0,0,7.03,B
PROD_00243,Fresh Produce Item #243,Whole Foods & Produce,117.2,2.0,9.7,6.2,1.7,9.1,48.5,0.0,0,0,0,0,0,7.24,B
PROD_00244,Processed Snack #244,Processed Snacks & Sweets,533.4,2.1,69.6,2.5,22.9,32.6,355.8,10.3,0,1,0,0,0,2.15,E
PROD_00245,Lean Protein #245,Lean Proteins & Poultry,226.6,42.7,0.1,0.1,2.0,0.1,165.1,1.4,0,0,0,0,0,8.47,A
PROD_00246,Superfood Oil/Nut #246,Superfoods & Healthy Oils,260.5,5.8,2.0,1.8,11.5,0.7,33.9,1.2,0,0,0,0,1,5.39,C
PROD_00247,Dairy Product #247,Dairy & Cheese,382.2,18.2,12.7,0.0,21.3,4.8,295.2,14.8,0,0,0,0,0,5.42,C
PROD_00248,Nutrition Shake/Supplement #248,Dietary Supplements & Shakes,199.0,44.3,5.3,4.8,8.8,5.3,106.9,1.7,0,0,0,1,0,8.48,A
PROD_00249,Processed Snack #249,Processed Snacks & Sweets,271.9,3.4,42.1,1.2,22.4,42.1,542.4,3.2,1,0,0,1,0,1.09,E
PROD_00250,Lean Protein #250,Lean Proteins & Poultry,147.4,20.4,4.8,0.3,8.6,1.4,294.0,1.4,0,0,0,0,0,8.17,A
PROD_00251,Lean Protein #251,Lean Proteins & Poultry,231.3,43.7,0.5,0.2,11.4,0.5,403.2,1.1,0,0,0,0,0,9.37,A
PROD_00252,Fresh Produce Item #252,Whole Foods & Produce,26.5,2.5,10.1,4.7,1.9,7.2,42.8,0.1,0,0,0,0,0,7.91,B
PROD_00253,Prepared Meal #253,Fast Food & Prepared Meals,411.1,12.2,61.0,1.9,44.7,20.5,1035.9,7.6,0,0,0,1,0,3.25,E
PROD_00254,Nutrition Shake/Supplement #254,Dietary Supplements & Shakes,254.2,21.1,17.4,6.7,1.9,11.0,58.9,1.2,1,0,1,0,0,5.45,C
PROD_00255,Lean Protein #255,Lean Proteins & Poultry,212.6,35.2,3.4,0.1,11.5,1.7,372.0,3.0,0,0,0,0,0,8.01,A
PROD_00256,Nutrition Shake/Supplement #256,Dietary Supplements & Shakes,213.0,22.6,24.7,3.0,7.3,5.4,111.9,2.1,0,0,0,0,0,7.07,B
PROD_00257,Grain/Legume #257,Whole Grains & Legumes,276.6,15.4,43.2,11.9,2.0,3.7,88.4,0.6,0,0,0,0,0,8.81,A
PROD_00258,Nutrition Shake/Supplement #258,Dietary Supplements & Shakes,104.8,24.0,14.1,1.4,5.2,11.2,81.6,2.0,0,0,0,1,0,7.3,B
PROD_00259,Prepared Meal #259,Fast Food & Prepared Meals,417.1,25.4,82.2,5.7,44.6,17.0,1565.8,10.2,0,1,0,0,0,3.13,E
PROD_00260,Nutrition Shake/Supplement #260,Dietary Supplements & Shakes,282.3,38.7,9.8,7.4,8.6,4.3,156.3,1.5,0,0,0,1,0,8.12,A
PROD_00261,Superfood Oil/Nut #261,Superfoods & Healthy Oils,132.4,7.6,2.8,2.6,24.3,1.8,17.2,2.4,0,0,0,0,1,5.93,C
PROD_00262,Superfood Oil/Nut #262,Superfoods & Healthy Oils,145.7,6.4,1.4,1.4,14.1,0.2,8.3,1.0,0,0,0,0,1,5.99,C
PROD_00263,Lean Protein #263,Lean Proteins & Poultry,184.5,39.7,1.5,0.5,5.1,0.8,343.0,3.1,0,0,0,0,1,8.59,A
PROD_00264,Lean Protein #264,Lean Proteins & Poultry,182.7,35.2,1.2,0.1,5.6,0.5,137.8,3.4,0,0,0,0,0,9.64,A
PROD_00265,Superfood Oil/Nut #265,Superfoods & Healthy Oils,186.5,4.4,4.3,3.5,22.6,0.3,25.0,2.2,0,0,0,0,1,6.11,C
PROD_00266,Fresh Produce Item #266,Whole Foods & Produce,72.1,3.8,13.8,7.9,1.1,3.5,39.4,0.3,0,0,0,0,0,9.32,A
PROD_00267,Dairy Product #267,Dairy & Cheese,214.2,6.3,14.7,0.0,5.0,8.6,382.0,5.0,0,0,0,1,0,3.1,E
PROD_00268,Fresh Produce Item #268,Whole Foods & Produce,69.2,3.6,9.1,2.8,0.6,8.9,28.0,0.4,0,0,0,0,0,8.12,A
PROD_00269,Processed Snack #269,Processed Snacks & Sweets,204.7,3.0,59.1,0.5,14.2,18.9,177.3,7.1,1,0,0,1,0,1.0,E
PROD_00270,Prepared Meal #270,Fast Food & Prepared Meals,610.1,37.9,68.5,2.9,23.0,10.3,952.9,5.0,0,0,0,0,0,6.32,C
PROD_00271,Lean Protein #271,Lean Proteins & Poultry,202.6,32.1,0.0,0.0,9.6,0.0,76.6,2.8,0,0,0,0,0,8.75,A
PROD_00272,Dairy Product #272,Dairy & Cheese,296.8,20.4,2.2,0.0,9.0,2.2,275.8,9.0,0,0,0,0,0,6.58,B
PROD_00273,Dairy Product #273,Dairy & Cheese,273.7,14.2,14.4,0.0,27.7,9.6,502.5,7.2,0,0,0,0,0,5.56,C
PROD_00274,Lean Protein #274,Lean Proteins & Poultry,169.5,42.7,2.5,0.2,2.3,1.4,203.1,2.3,0,0,0,0,0,9.12,A
PROD_00275,Fresh Produce Item #275,Whole Foods & Produce,50.8,2.9,10.3,7.6,1.3,6.2,17.1,0.1,0,0,0,0,0,7.66,B
PROD_00276,Prepared Meal #276,Fast Food & Prepared Meals,387.9,32.2,84.3,3.6,54.3,18.2,1494.4,14.5,1,1,0,0,0,1.72,E
PROD_00277,Grain/Legume #277,Whole Grains & Legumes,325.5,15.9,50.2,14.4,4.1,2.4,44.2,0.6,0,0,0,0,0,8.66,A
PROD_00278,Lean Protein #278,Lean Proteins & Poultry,228.3,26.2,2.9,0.1,2.5,2.0,180.7,2.5,0,0,0,0,0,8.25,A
PROD_00279,Nutrition Shake/Supplement #279,Dietary Supplements & Shakes,101.3,29.0,15.6,3.1,3.9,11.6,317.5,2.2,0,0,1,1,0,5.34,C
PROD_00280,Dairy Product #280,Dairy & Cheese,347.9,17.8,11.0,0.0,21.1,11.0,398.0,11.9,0,0,0,0,0,6.69,B
PROD_00281,Nutrition Shake/Supplement #281,Dietary Supplements & Shakes,130.5,32.4,15.5,7.1,4.3,4.8,235.6,1.8,0,0,0,0,0,10.0,A
PROD_00282,Prepared Meal #282,Fast Food & Prepared Meals,705.9,13.4,62.3,4.5,41.8,10.7,1721.3,6.3,0,0,0,0,0,4.59,D
PROD_00283,Nutrition Shake/Supplement #283,Dietary Supplements & Shakes,222.0,37.4,20.8,3.9,3.0,1.0,223.9,1.4,0,0,1,0,0,7.8,B
PROD_00284,Beverage Item #284,Beverages & Drinks,230.6,1.1,29.3,0.2,0.2,29.3,40.5,0.0,0,0,0,0,0,1.28,E
PROD_00285,Condiment #285,Condiments & Sauces,113.0,1.4,4.2,0.3,16.5,4.2,495.5,2.1,0,0,0,0,0,3.59,D
PROD_00286,Superfood Oil/Nut #286,Superfoods & Healthy Oils,279.6,1.2,7.2,3.1,27.5,0.9,42.4,1.2,0,0,0,0,1,5.07,C
PROD_00287,Beverage Item #287,Beverages & Drinks,83.4,0.9,23.8,0.3,0.9,16.8,70.7,0.0,0,0,0,1,0,1.0,E
PROD_00288,Condiment #288,Condiments & Sauces,31.7,0.3,6.9,1.5,13.7,6.9,727.7,0.8,0,0,0,1,1,1.99,E
PROD_00289,Dairy Product #289,Dairy & Cheese,197.0,12.7,6.8,0.0,31.3,4.4,587.9,15.2,1,0,0,0,0,2.5,E
PROD_00290,Grain/Legume #290,Whole Grains & Legumes,235.3,15.4,37.1,8.4,1.0,1.3,175.7,0.6,0,0,0,0,0,9.53,A
PROD_00291,Nutrition Shake/Supplement #291,Dietary Supplements & Shakes,280.9,16.7,12.2,4.2,6.9,7.1,250.2,2.1,0,0,1,0,0,5.4,C
PROD_00292,Grain/Legume #292,Whole Grains & Legumes,237.7,14.9,44.7,10.3,4.4,2.1,172.7,0.5,0,0,0,0,0,8.3,A
PROD_00293,Beverage Item #293,Beverages & Drinks,99.9,1.0,54.2,0.4,0.8,28.1,91.0,0.0,0,0,0,1,0,1.0,E
PROD_00294,Prepared Meal #294,Fast Food & Prepared Meals,862.8,16.3,86.3,3.7,30.7,20.3,1265.2,12.1,0,0,0,0,0,5.34,C
PROD_00295,Nutrition Shake/Supplement #295,Dietary Supplements & Shakes,180.8,17.6,15.2,6.9,7.5,2.5,251.8,0.9,0,0,0,1,0,7.6,B
PROD_00296,Beverage Item #296,Beverages & Drinks,90.4,0.5,15.9,0.3,0.2,15.9,36.1,0.0,0,0,0,0,0,2.13,E
PROD_00297,Nutrition Shake/Supplement #297,Dietary Supplements & Shakes,272.9,32.7,3.1,3.1,6.8,3.1,278.1,1.5,0,0,0,0,0,8.42,A
PROD_00298,Grain/Legume #298,Whole Grains & Legumes,297.8,6.5,50.9,7.5,3.7,2.6,155.8,0.3,0,0,0,0,0,5.65,C
PROD_00299,Fresh Produce Item #299,Whole Foods & Produce,106.0,3.7,24.9,6.8,1.5,4.8,20.1,0.2,0,0,0,0,0,7.08,B
PROD_00300,Condiment #300,Condiments & Sauces,48.0,0.1,20.8,1.0,3.8,16.0,1227.8,2.5,0,0,0,0,0,1.17,E
PROD_00301,Condiment #301,Condiments & Sauces,142.9,0.5,13.4,0.0,17.3,13.4,1319.8,0.8,0,0,0,0,0,3.62,D
PROD_00302,Nutrition Shake/Supplement #302,Dietary Supplements & Shakes,300.8,25.2,13.0,5.7,5.6,4.5,180.7,2.1,0,0,1,0,0,6.69,B
PROD_00303,Fresh Produce Item #303,Whole Foods & Produce,33.5,4.0,15.8,7.9,1.9,7.9,13.9,0.1,0,0,0,0,0,7.14,B
PROD_00304,Dairy Product #304,Dairy & Cheese,389.8,14.5,10.0,0.0,10.2,8.6,443.8,10.2,0,0,0,0,0,5.63,C
PROD_00305,Grain/Legume #305,Whole Grains & Legumes,155.3,17.3,56.4,10.1,4.5,1.6,144.8,0.9,0,0,0,0,0,7.72,B
PROD_00306,Dairy Product #306,Dairy & Cheese,114.3,14.4,13.7,0.0,30.3,10.5,566.5,16.0,0,0,0,1,0,3.35,E
PROD_00307,Nutrition Shake/Supplement #307,Dietary Supplements & Shakes,166.0,32.9,12.5,2.2,2.4,6.8,320.7,1.2,0,0,0,0,0,8.29,A
PROD_00308,Dairy Product #308,Dairy & Cheese,303.9,13.8,11.0,0.0,30.3,3.2,194.9,15.3,1,0,1,0,0,1.95,E
PROD_00309,Prepared Meal #309,Fast Food & Prepared Meals,478.8,13.7,70.7,4.8,15.3,15.9,1168.6,5.4,1,0,0,1,0,1.0,E
PROD_00310,Dairy Product #310,Dairy & Cheese,117.0,6.5,10.4,0.0,9.3,10.4,390.4,4.3,0,0,0,0,0,3.5,D
PROD_00311,Prepared Meal #311,Fast Food & Prepared Meals,636.4,21.1,56.8,5.1,27.5,7.8,564.3,10.5,0,0,0,1,0,4.67,D
PROD_00312,Fresh Produce Item #312,Whole Foods & Produce,51.2,1.2,5.3,5.3,0.2,5.3,32.1,0.2,0,0,0,0,0,5.66,C
PROD_00313,Prepared Meal #313,Fast Food & Prepared Meals,446.7,29.1,93.3,4.0,43.3,5.2,1013.9,5.6,0,0,0,0,1,6.25,C
PROD_00314,Nutrition Shake/Supplement #314,Dietary Supplements & Shakes,283.4,39.4,16.5,3.6,3.4,1.7,156.5,1.3,0,0,0,1,0,6.28,C
PROD_00315,Beverage Item #315,Beverages & Drinks,133.5,0.1,54.4,0.1,0.2,28.5,88.1,0.0,1,0,1,0,0,1.0,E
PROD_00316,Lean Protein #316,Lean Proteins & Poultry,234.1,43.4,4.6,0.6,8.1,0.8,351.0,2.1,0,0,0,0,0,8.61,A
PROD_00317,Dairy Product #317,Dairy & Cheese,314.1,21.7,4.3,0.0,27.2,4.3,555.2,9.3,0,0,0,0,0,5.48,C
PROD_00318,Superfood Oil/Nut #318,Superfoods & Healthy Oils,169.4,5.6,2.6,0.2,14.9,0.0,48.9,3.9,0,0,0,0,1,5.73,C
PROD_00319,Beverage Item #319,Beverages & Drinks,56.1,0.4,51.4,0.4,0.4,7.3,52.0,0.0,0,0,0,0,0,1.68,E
PROD_00320,Superfood Oil/Nut #320,Superfoods & Healthy Oils,151.7,1.5,7.1,2.1,18.9,1.8,38.8,1.4,0,0,0,0,1,4.52,D
PROD_00321,Condiment #321,Condiments & Sauces,84.0,1.5,31.6,0.1,7.1,3.7,219.9,2.0,0,1,0,1,0,1.0,E
PROD_00322,Superfood Oil/Nut #322,Superfoods & Healthy Oils,187.1,1.4,0.3,0.3,17.1,0.1,29.2,1.0,0,0,0,0,1,8.37,A
PROD_00323,Nutrition Shake/Supplement #323,Dietary Supplements & Shakes,229.4,26.9,24.4,4.8,3.6,8.7,131.4,2.3,0,0,0,1,0,8.42,A
PROD_00324,Fresh Produce Item #324,Whole Foods & Produce,46.1,1.6,10.2,2.5,0.3,4.5,7.3,0.3,0,0,0,0,0,6.91,B
PROD_00325,Dairy Product #325,Dairy & Cheese,147.6,20.3,2.8,0.0,17.3,2.8,244.0,8.7,0,0,0,0,0,6.51,B
PROD_00326,Beverage Item #326,Beverages & Drinks,131.4,1.5,20.8,0.2,0.1,9.4,101.0,0.0,0,0,1,0,0,2.25,E
PROD_00327,Prepared Meal #327,Fast Food & Prepared Meals,505.9,35.0,88.7,2.8,23.4,11.4,774.7,13.4,0,0,0,0,0,7.17,B
PROD_00328,Grain/Legume #328,Whole Grains & Legumes,148.0,6.4,64.6,5.3,2.8,2.8,27.9,0.3,0,0,0,0,0,3.76,D
PROD_00329,Processed Snack #329,Processed Snacks & Sweets,402.2,5.3,43.0,1.7,21.6,25.6,427.9,5.6,0,0,0,0,0,5.32,C
PROD_00330,Dairy Product #330,Dairy & Cheese,111.9,17.5,10.4,0.0,10.4,8.6,340.3,5.3,0,0,0,0,0,5.69,C
PROD_00331,Nutrition Shake/Supplement #331,Dietary Supplements & Shakes,290.4,18.1,5.8,5.8,6.6,5.8,147.3,1.9,0,0,0,0,0,7.4,B
PROD_00332,Prepared Meal #332,Fast Food & Prepared Meals,436.0,12.5,62.8,5.7,27.3,15.9,1330.5,7.5,0,1,0,1,0,1.14,E
PROD_00333,Superfood Oil/Nut #333,Superfoods & Healthy Oils,279.5,2.5,4.8,2.1,12.3,0.1,31.1,3.4,0,0,0,0,1,8.48,A
PROD_00334,Lean Protein #334,Lean Proteins & Poultry,169.7,33.7,0.9,0.3,8.5,0.9,70.2,3.2,0,0,0,0,0,9.43,A
PROD_00335,Dairy Product #335,Dairy & Cheese,240.1,7.3,3.4,0.0,20.4,3.4,599.5,8.9,0,0,0,0,0,5.17,C
PROD_00336,Beverage Item #336,Beverages & Drinks,145.3,0.6,50.3,0.3,0.6,13.9,93.2,0.0,1,0,0,1,0,1.0,E
PROD_00337,Processed Snack #337,Processed Snacks & Sweets,407.7,1.1,62.8,1.3,22.6,30.4,372.8,3.8,1,0,0,0,0,1.92,E
PROD_00338,Condiment #338,Condiments & Sauces,62.6,0.6,31.4,0.0,5.8,16.0,377.9,0.3,0,0,0,0,0,2.39,E
PROD_00339,Superfood Oil/Nut #339,Superfoods & Healthy Oils,181.4,6.3,7.9,1.1,17.0,1.0,6.9,1.2,0,0,0,0,1,5.72,C
PROD_00340,Processed Snack #340,Processed Snacks & Sweets,512.0,3.3,44.4,1.7,15.0,28.1,708.7,8.1,0,1,0,0,0,3.44,E
PROD_00341,Beverage Item #341,Beverages & Drinks,168.1,1.5,52.4,0.2,0.7,34.1,30.5,0.0,1,0,1,1,0,1.0,E
PROD_00342,Processed Snack #342,Processed Snacks & Sweets,279.1,3.8,53.6,1.2,14.6,21.2,651.5,8.7,0,0,0,1,0,1.0,E
PROD_00343,Nutrition Shake/Supplement #343,Dietary Supplements & Shakes,165.0,43.0,14.5,2.9,4.5,7.4,245.9,0.8,0,0,0,1,0,7.85,B
PROD_00344,Processed Snack #344,Processed Snacks & Sweets,519.0,1.1,44.2,0.6,24.9,35.2,365.4,8.9,1,0,0,1,0,2.26,E
PROD_00345,Prepared Meal #345,Fast Food & Prepared Meals,680.3,32.5,54.1,4.1,28.2,18.7,1080.1,5.1,1,1,0,0,0,2.15,E
PROD_00346,Superfood Oil/Nut #346,Superfoods & Healthy Oils,186.4,4.1,5.3,2.2,21.7,0.1,40.7,3.8,0,0,0,0,1,5.37,C
PROD_00347,Prepared Meal #347,Fast Food & Prepared Meals,431.2,17.1,45.8,2.7,35.5,6.0,1622.0,8.2,1,0,0,1,0,1.15,E
PROD_00348,Dairy Product #348,Dairy & Cheese,270.5,22.6,11.2,0.0,13.0,11.2,369.6,3.3,0,0,0,0,0,7.24,B
PROD_00349,Processed Snack #349,Processed Snacks & Sweets,253.0,3.2,56.8,0.7,28.7,36.9,531.3,10.4,1,0,0,0,0,3.25,E
PROD_00350,Dairy Product #350,Dairy & Cheese,297.1,12.1,17.8,0.0,12.4,7.5,408.0,12.4,0,0,0,0,0,4.81,D
PROD_00351,Superfood Oil/Nut #351,Superfoods & Healthy Oils,263.2,2.2,6.3,3.1,16.2,1.7,0.6,1.7,0,0,0,0,1,7.82,B
PROD_00352,Lean Protein #352,Lean Proteins & Poultry,200.2,29.5,0.3,0.3,11.0,0.3,136.5,1.8,0,0,0,0,1,8.8,A
PROD_00353,Nutrition Shake/Supplement #353,Dietary Supplements & Shakes,197.1,21.0,8.8,4.5,2.0,3.0,330.6,1.4,0,0,1,1,0,5.66,C
PROD_00354,Processed Snack #354,Processed Snacks & Sweets,419.0,3.9,38.3,0.6,21.3,37.2,490.2,4.7,0,1,0,1,0,2.04,E
PROD_00355,Processed Snack #355,Processed Snacks & Sweets,459.8,2.2,56.9,1.5,26.8,43.4,724.3,5.1,1,0,1,1,0,1.0,E
PROD_00356,Processed Snack #356,Processed Snacks & Sweets,507.3,3.8,73.2,0.6,10.2,13.5,270.4,7.6,0,1,0,0,0,2.96,E
PROD_00357,Condiment #357,Condiments & Sauces,89.5,1.9,34.5,1.2,13.6,19.4,399.3,0.2,0,0,1,0,1,1.54,E
PROD_00358,Superfood Oil/Nut #358,Superfoods & Healthy Oils,128.9,3.6,6.1,2.1,21.8,1.2,1.1,4.0,0,0,0,0,1,4.58,D
PROD_00359,Processed Snack #359,Processed Snacks & Sweets,538.7,3.7,73.3,0.8,18.8,17.6,183.1,8.4,1,0,0,1,0,1.0,E
PROD_00360,Superfood Oil/Nut #360,Superfoods & Healthy Oils,223.6,7.8,2.6,2.6,27.3,1.5,24.5,2.9,0,0,0,0,1,6.51,B
PROD_00361,Dairy Product #361,Dairy & Cheese,275.9,6.3,5.1,0.0,26.5,5.1,486.3,8.3,0,0,1,0,0,1.81,E
PROD_00362,Prepared Meal #362,Fast Food & Prepared Meals,591.6,25.5,94.8,2.1,41.7,11.1,629.6,6.2,0,0,0,0,0,6.73,B
PROD_00363,Fresh Produce Item #363,Whole Foods & Produce,58.7,1.6,19.6,6.2,1.2,14.2,20.7,0.1,0,0,0,0,0,3.28,E
PROD_00364,Lean Protein #364,Lean Proteins & Poultry,119.7,40.7,1.3,0.5,2.0,1.3,182.2,2.0,0,0,0,0,0,8.65,A
PROD_00365,Grain/Legume #365,Whole Grains & Legumes,291.7,13.3,44.5,6.5,2.0,2.4,121.9,0.6,0,0,0,0,0,6.0,C
PROD_00366,Superfood Oil/Nut #366,Superfoods & Healthy Oils,158.8,1.7,2.5,0.5,12.3,1.1,3.0,1.1,0,0,0,0,1,4.92,D
PROD_00367,Fresh Produce Item #367,Whole Foods & Produce,59.4,0.9,10.1,5.9,0.6,8.4,10.5,0.3,0,0,0,0,0,5.91,C
PROD_00368,Superfood Oil/Nut #368,Superfoods & Healthy Oils,240.0,8.3,4.6,0.9,14.8,0.4,12.3,1.9,0,0,0,0,1,6.17,C
PROD_00369,Prepared Meal #369,Fast Food & Prepared Meals,703.8,13.8,84.9,2.3,43.6,17.9,1415.1,12.1,1,0,0,0,0,2.56,E
PROD_00370,Nutrition Shake/Supplement #370,Dietary Supplements & Shakes,305.2,15.6,6.4,6.4,4.9,6.4,248.9,1.9,0,0,0,0,0,8.27,A
PROD_00371,Superfood Oil/Nut #371,Superfoods & Healthy Oils,260.8,1.4,1.8,1.8,14.6,0.4,6.9,3.6,0,0,0,0,1,9.22,A
PROD_00372,Nutrition Shake/Supplement #372,Dietary Supplements & Shakes,300.6,16.2,14.3,5.8,8.5,7.6,291.1,0.7,0,0,1,0,0,6.5,B
PROD_00373,Superfood Oil/Nut #373,Superfoods & Healthy Oils,144.3,3.6,0.4,0.4,27.4,0.4,31.6,3.2,0,0,0,0,1,4.65,D
PROD_00374,Prepared Meal #374,Fast Food & Prepared Meals,538.0,28.5,58.9,1.5,35.5,20.6,1546.3,15.6,0,1,0,0,0,2.87,E
PROD_00375,Processed Snack #375,Processed Snacks & Sweets,534.7,2.9,45.3,0.7,18.7,15.6,311.6,5.5,0,0,0,0,0,5.14,C
PROD_00376,Superfood Oil/Nut #376,Superfoods & Healthy Oils,265.9,1.8,6.8,1.6,11.0,1.3,11.6,1.7,0,0,0,0,1,5.19,C
PROD_00377,Lean Protein #377,Lean Proteins & Poultry,118.9,24.4,0.0,0.0,2.4,0.0,144.2,2.4,0,0,0,0,0,9.33,A
PROD_00378,Dairy Product #378,Dairy & Cheese,122.1,19.4,13.9,0.0,22.7,5.5,572.6,4.9,1,0,0,0,0,4.45,D
PROD_00379,Prepared Meal #379,Fast Food & Prepared Meals,402.9,17.1,84.2,4.5,40.1,11.2,1230.1,8.3,0,0,0,0,0,4.15,D
PROD_00380,Fresh Produce Item #380,Whole Foods & Produce,53.9,1.0,17.2,3.8,0.7,2.9,20.7,0.4,0,0,0,0,0,5.23,C
PROD_00381,Processed Snack #381,Processed Snacks & Sweets,420.4,5.3,36.0,2.9,20.8,36.0,742.5,4.6,1,1,0,1,0,1.0,E
PROD_00382,Dairy Product #382,Dairy & Cheese,241.8,15.6,4.2,0.0,31.5,4.2,84.8,13.3,0,0,0,0,0,4.86,D
PROD_00383,Grain/Legume #383,Whole Grains & Legumes,309.9,16.7,59.1,12.4,1.5,1.7,14.0,0.9,0,0,0,0,0,7.71,B
PROD_00384,Superfood Oil/Nut #384,Superfoods & Healthy Oils,189.6,8.4,2.8,0.3,13.7,0.8,11.0,1.0,0,0,0,0,1,6.38,C
PROD_00385,Beverage Item #385,Beverages & Drinks,123.1,0.6,49.3,0.4,0.7,48.2,89.5,0.0,1,0,0,1,0,1.0,E
PROD_00386,Fresh Produce Item #386,Whole Foods & Produce,93.3,0.9,5.7,5.7,0.5,2.7,13.5,0.0,0,0,0,0,0,8.48,A
PROD_00387,Lean Protein #387,Lean Proteins & Poultry,173.3,38.5,3.4,0.8,10.7,1.5,318.6,0.6,0,0,0,0,0,8.73,A
PROD_00388,Prepared Meal #388,Fast Food & Prepared Meals,499.2,26.0,94.5,5.4,18.0,16.7,916.5,4.1,0,1,0,0,0,2.85,E
PROD_00389,Condiment #389,Condiments & Sauces,26.3,2.0,33.4,0.2,9.7,6.0,713.8,0.2,1,0,0,0,0,1.0,E
PROD_00390,Fresh Produce Item #390,Whole Foods & Produce,115.6,0.7,11.0,3.8,0.7,4.1,40.2,0.1,0,0,0,0,0,7.59,B
PROD_00391,Processed Snack #391,Processed Snacks & Sweets,314.2,1.1,64.2,0.6,27.0,15.9,261.7,7.0,0,1,0,1,0,1.0,E
PROD_00392,Beverage Item #392,Beverages & Drinks,224.4,1.8,49.2,0.4,0.2,15.6,41.8,0.0,1,0,0,0,0,1.0,E
PROD_00393,Dairy Product #393,Dairy & Cheese,269.5,19.3,5.1,0.0,16.0,5.1,439.4,9.0,0,0,0,0,0,5.28,C
PROD_00394,Fresh Produce Item #394,Whole Foods & Produce,28.8,1.5,24.1,7.7,0.8,2.6,13.1,0.2,0,0,0,0,0,5.23,C
PROD_00395,Lean Protein #395,Lean Proteins & Poultry,216.9,22.7,4.9,0.4,9.6,0.7,301.1,1.1,0,0,0,0,1,8.6,A
PROD_00396,Lean Protein #396,Lean Proteins & Poultry,239.4,40.5,2.8,0.7,11.2,1.2,379.9,2.6,0,0,0,0,0,8.8,A
PROD_00397,Fresh Produce Item #397,Whole Foods & Produce,65.5,3.9,18.2,5.4,1.9,9.6,28.7,0.4,0,0,0,0,0,5.45,C
PROD_00398,Nutrition Shake/Supplement #398,Dietary Supplements & Shakes,139.6,18.3,22.4,3.4,6.6,0.8,257.0,1.1,1,0,0,1,0,4.52,D
PROD_00399,Prepared Meal #399,Fast Food & Prepared Meals,471.3,26.2,47.4,3.9,23.5,19.3,986.3,7.4,0,1,0,1,0,3.78,D
PROD_00400,Grain/Legume #400,Whole Grains & Legumes,250.3,16.6,47.2,10.9,1.8,1.2,183.7,0.5,0,0,0,0,0,8.22,A
PROD_00401,Fresh Produce Item #401,Whole Foods & Produce,35.9,0.5,15.0,5.5,1.2,2.7,19.1,0.2,0,0,0,0,0,5.68,C
PROD_00402,Fresh Produce Item #402,Whole Foods & Produce,67.3,2.2,12.0,7.5,1.2,11.9,41.5,0.2,0,0,0,0,0,6.45,C
PROD_00403,Dairy Product #403,Dairy & Cheese,346.5,24.7,14.7,0.0,20.4,6.7,372.2,2.7,0,0,0,1,0,5.44,C
PROD_00404,Condiment #404,Condiments & Sauces,138.6,0.7,22.9,0.3,13.5,15.7,444.9,0.9,0,0,0,0,0,3.98,D
PROD_00405,Lean Protein #405,Lean Proteins & Poultry,169.8,31.9,4.5,0.5,8.9,0.5,228.7,0.9,0,0,0,0,0,8.84,A
PROD_00406,Lean Protein #406,Lean Proteins & Poultry,131.4,38.2,3.0,0.7,9.6,2.0,279.4,1.5,0,0,0,0,0,9.16,A
PROD_00407,Prepared Meal #407,Fast Food & Prepared Meals,648.4,16.6,41.5,5.3,39.2,9.9,708.8,11.8,0,1,0,0,1,4.98,D
PROD_00408,Processed Snack #408,Processed Snacks & Sweets,257.9,4.5,54.1,2.1,12.3,19.0,177.0,5.6,0,0,0,1,0,2.12,E
PROD_00409,Dairy Product #409,Dairy & Cheese,310.2,23.7,10.4,0.0,10.5,2.7,482.9,4.1,0,0,0,0,0,5.8,C
PROD_00410,Nutrition Shake/Supplement #410,Dietary Supplements & Shakes,256.6,42.0,15.8,1.9,2.4,8.8,105.1,1.2,0,0,1,1,0,6.12,C
PROD_00411,Lean Protein #411,Lean Proteins & Poultry,184.0,28.4,2.6,0.2,10.0,0.4,84.0,1.8,0,0,0,0,0,7.91,B
PROD_00412,Grain/Legume #412,Whole Grains & Legumes,160.1,6.8,60.7,9.3,2.2,3.8,168.1,0.9,0,0,0,0,0,5.84,C
PROD_00413,Nutrition Shake/Supplement #413,Dietary Supplements & Shakes,302.5,15.4,15.2,6.2,5.1,1.5,341.7,1.5,0,0,1,0,0,6.23,C
PROD_00414,Superfood Oil/Nut #414,Superfoods & Healthy Oils,193.1,7.8,0.9,0.9,24.9,0.8,49.1,2.4,0,0,0,0,1,5.96,C
PROD_00415,Dairy Product #415,Dairy & Cheese,91.7,7.0,15.3,0.0,6.4,2.6,307.1,6.4,0,0,0,1,0,2.96,E
PROD_00416,Prepared Meal #416,Fast Food & Prepared Meals,742.3,21.1,72.0,5.5,23.5,11.3,1790.9,16.2,0,0,0,1,0,3.2,E
PROD_00417,Nutrition Shake/Supplement #417,Dietary Supplements & Shakes,238.8,28.7,13.6,6.3,3.6,4.2,327.4,0.6,0,0,0,0,0,8.93,A
PROD_00418,Processed Snack #418,Processed Snacks & Sweets,498.2,3.8,53.2,0.7,8.4,43.8,395.0,8.2,1,0,0,1,0,2.1,E
PROD_00419,Dairy Product #419,Dairy & Cheese,266.2,20.6,8.5,0.0,28.5,8.5,588.5,12.6,0,0,0,0,0,5.57,C
PROD_00420,Processed Snack #420,Processed Snacks & Sweets,305.3,1.9,64.0,1.7,13.0,32.3,176.2,5.6,0,1,0,1,0,1.0,E
PROD_00421,Dairy Product #421,Dairy & Cheese,384.7,12.5,17.8,0.0,27.3,13.3,233.9,2.1,0,0,0,1,0,3.61,D
PROD_00422,Beverage Item #422,Beverages & Drinks,93.1,1.7,8.0,0.5,0.8,8.0,84.4,0.0,1,0,0,1,0,2.05,E
PROD_00423,Fresh Produce Item #423,Whole Foods & Produce,45.4,2.7,23.5,8.0,0.2,5.1,19.0,0.2,0,0,0,0,0,5.65,C
PROD_00424,Lean Protein #424,Lean Proteins & Poultry,222.3,30.9,4.3,0.2,11.5,0.4,180.5,2.8,0,0,0,0,0,7.9,B
PROD_00425,Superfood Oil/Nut #425,Superfoods & Healthy Oils,141.3,2.9,2.3,2.3,14.1,0.6,18.5,3.0,0,0,0,0,1,6.08,C
PROD_00426,Prepared Meal #426,Fast Food & Prepared Meals,441.0,27.5,74.9,3.4,42.7,11.4,1131.3,4.1,0,0,0,1,0,4.87,D
PROD_00427,Condiment #427,Condiments & Sauces,66.3,1.0,30.3,0.7,6.5,15.5,1060.8,1.3,0,0,0,0,0,1.67,E
PROD_00428,Grain/Legume #428,Whole Grains & Legumes,221.8,16.5,33.2,14.1,3.2,0.7,194.5,0.6,0,0,0,0,0,8.94,A
PROD_00429,Lean Protein #429,Lean Proteins & Poultry,227.5,36.3,3.1,0.2,6.9,1.4,439.3,1.1,0,0,0,0,1,8.13,A
PROD_00430,Lean Protein #430,Lean Proteins & Poultry,158.0,44.7,2.4,0.2,10.9,0.9,333.9,3.5,0,0,0,0,1,8.77,A
PROD_00431,Condiment #431,Condiments & Sauces,35.6,1.9,23.0,1.1,1.4,2.3,223.3,0.6,1,0,0,1,0,1.0,E
PROD_00432,Fresh Produce Item #432,Whole Foods & Produce,118.7,1.4,15.2,7.5,1.6,8.3,47.5,0.0,0,0,0,0,0,6.69,B
PROD_00433,Beverage Item #433,Beverages & Drinks,108.7,0.6,57.5,0.1,0.6,15.5,40.7,0.0,1,0,0,1,0,1.0,E
PROD_00434,Processed Snack #434,Processed Snacks & Sweets,455.5,2.8,32.9,0.7,10.5,32.9,456.9,9.3,1,1,0,0,0,2.05,E
PROD_00435,Lean Protein #435,Lean Proteins & Poultry,241.3,37.0,2.9,0.6,11.4,1.6,59.6,2.1,0,0,0,0,0,8.22,A
PROD_00436,Lean Protein #436,Lean Proteins & Poultry,150.3,33.5,2.7,0.4,3.3,2.0,391.3,2.0,0,0,0,0,0,8.44,A
PROD_00437,Superfood Oil/Nut #437,Superfoods & Healthy Oils,163.5,1.8,2.4,0.5,22.0,0.3,42.6,3.5,0,0,0,0,1,8.48,A
PROD_00438,Processed Snack #438,Processed Snacks & Sweets,401.8,2.7,66.4,1.1,12.9,28.6,319.6,2.6,0,0,0,0,0,3.44,E
PROD_00439,Lean Protein #439,Lean Proteins & Poultry,201.6,41.8,1.2,0.5,11.2,1.2,205.5,0.9,0,0,0,0,0,9.57,A
PROD_00440,Condiment #440,Condiments & Sauces,174.5,1.9,10.2,0.5,16.1,10.2,732.1,1.0,1,0,0,0,1,2.21,E
PROD_00441,Beverage Item #441,Beverages & Drinks,197.2,0.3,44.8,0.0,0.9,39.1,10.7,0.0,0,0,0,0,0,1.77,E
PROD_00442,Fresh Produce Item #442,Whole Foods & Produce,48.0,2.9,19.3,5.6,0.3,10.8,7.9,0.3,0,0,0,0,0,4.62,D
PROD_00443,Lean Protein #443,Lean Proteins & Poultry,227.8,20.8,4.2,0.5,3.8,0.3,431.3,0.7,0,0,0,0,1,6.62,B
PROD_00444,Condiment #444,Condiments & Sauces,159.8,0.2,25.6,0.4,13.7,20.5,208.9,1.5,1,0,0,0,0,2.97,E
PROD_00445,Grain/Legume #445,Whole Grains & Legumes,145.0,9.8,35.7,10.6,4.1,4.4,169.7,0.5,0,0,0,0,0,7.86,B
PROD_00446,Superfood Oil/Nut #446,Superfoods & Healthy Oils,278.9,7.2,1.8,0.9,25.6,0.9,6.9,3.6,0,0,0,0,1,5.94,C
PROD_00447,Nutrition Shake/Supplement #447,Dietary Supplements & Shakes,316.5,42.3,21.7,1.4,2.3,7.0,209.4,1.4,0,0,0,0,0,9.13,A
PROD_00448,Grain/Legume #448,Whole Grains & Legumes,255.2,13.6,45.7,5.6,1.9,2.7,65.5,0.3,0,0,0,0,0,7.05,B
PROD_00449,Superfood Oil/Nut #449,Superfoods & Healthy Oils,128.4,4.6,4.4,1.5,18.2,0.3,15.2,2.9,0,0,0,0,1,5.21,C
PROD_00450,Beverage Item #450,Beverages & Drinks,27.4,1.3,50.1,0.3,0.6,25.2,68.2,0.0,1,0,0,1,0,1.0,E
PROD_00451,Processed Snack #451,Processed Snacks & Sweets,302.4,3.7,36.0,2.2,25.5,17.4,217.8,3.9,0,0,0,1,0,3.81,D
PROD_00452,Beverage Item #452,Beverages & Drinks,150.3,0.2,6.7,0.0,0.3,6.7,38.6,0.0,1,0,0,0,0,3.63,D
PROD_00453,Nutrition Shake/Supplement #453,Dietary Supplements & Shakes,211.5,32.2,23.5,7.0,2.8,5.5,189.2,2.1,0,0,0,0,0,9.89,A
PROD_00454,Lean Protein #454,Lean Proteins & Poultry,119.1,40.5,3.2,0.6,2.8,1.3,443.0,2.8,0,0,0,0,0,7.83,B
PROD_00455,Processed Snack #455,Processed Snacks & Sweets,274.4,1.5,32.9,2.0,26.2,32.9,451.4,10.0,0,1,0,0,0,3.02,E
PROD_00456,Processed Snack #456,Processed Snacks & Sweets,367.3,2.8,60.7,2.2,23.7,20.8,355.2,3.7,0,1,0,0,0,1.91,E
PROD_00457,Condiment #457,Condiments & Sauces,177.2,1.0,30.7,1.1,9.0,16.5,364.7,2.8,1,0,0,1,0,1.0,E
PROD_00458,Condiment #458,Condiments & Sauces,23.0,1.7,16.5,0.5,9.8,3.5,1108.0,1.7,1,1,0,1,0,1.0,E
PROD_00459,Condiment #459,Condiments & Sauces,35.6,1.1,5.6,0.3,18.0,5.6,540.9,3.0,0,0,0,0,0,3.74,D
PROD_00460,Nutrition Shake/Supplement #460,Dietary Supplements & Shakes,177.5,18.8,5.9,5.7,7.9,5.9,238.5,0.9,0,0,0,0,0,10.0,A
PROD_00461,Prepared Meal #461,Fast Food & Prepared Meals,816.1,13.8,74.6,5.1,41.6,13.0,1732.9,8.2,1,0,0,1,0,1.42,E
PROD_00462,Dairy Product #462,Dairy & Cheese,136.3,10.5,9.9,0.0,29.5,5.0,128.0,14.9,0,0,0,1,0,2.78,E
PROD_00463,Fresh Produce Item #463,Whole Foods & Produce,49.1,3.6,16.5,4.1,1.7,8.4,46.0,0.5,0,0,0,0,0,5.44,C
PROD_00464,Dairy Product #464,Dairy & Cheese,361.2,9.7,17.2,0.0,9.0,10.6,176.1,9.0,0,0,0,0,0,5.74,C
PROD_00465,Condiment #465,Condiments & Sauces,26.7,1.6,13.1,0.9,9.3,13.1,328.7,1.3,1,0,0,0,1,2.48,E
PROD_00466,Superfood Oil/Nut #466,Superfoods & Healthy Oils,178.5,2.8,1.7,0.3,10.3,0.2,8.6,2.3,0,0,0,0,1,4.83,D
PROD_00467,Processed Snack #467,Processed Snacks & Sweets,491.3,6.0,37.4,2.2,22.8,37.4,790.6,9.0,1,0,0,0,0,2.62,E
PROD_00468,Dairy Product #468,Dairy & Cheese,149.7,7.5,11.2,0.0,5.9,8.3,613.7,5.9,0,0,0,0,0,4.27,D
PROD_00469,Lean Protein #469,Lean Proteins & Poultry,147.5,42.8,3.2,0.7,4.2,1.4,61.2,1.6,0,0,0,0,0,9.1,A
PROD_00470,Processed Snack #470,Processed Snacks & Sweets,341.8,4.0,34.8,0.5,28.0,20.9,682.8,12.0,1,1,0,0,0,1.0,E
PROD_00471,Grain/Legume #471,Whole Grains & Legumes,148.5,15.2,50.2,15.9,2.4,0.8,148.2,0.6,0,0,0,0,0,7.77,B
PROD_00472,Superfood Oil/Nut #472,Superfoods & Healthy Oils,174.8,8.9,5.0,2.1,13.0,2.0,41.0,1.8,0,0,0,0,1,7.22,B
PROD_00473,Prepared Meal #473,Fast Food & Prepared Meals,384.0,15.1,69.8,5.7,34.4,19.2,1051.9,13.9,0,1,0,0,0,2.63,E
PROD_00474,Dairy Product #474,Dairy & Cheese,176.0,6.7,12.2,0.0,27.9,6.8,278.1,17.1,0,0,0,0,0,3.29,E
PROD_00475,Lean Protein #475,Lean Proteins & Poultry,168.4,23.6,0.5,0.0,10.7,0.5,134.6,2.7,0,0,0,0,0,8.06,A
PROD_00476,Superfood Oil/Nut #476,Superfoods & Healthy Oils,150.8,6.7,5.3,1.7,10.3,1.4,47.3,2.9,0,0,0,0,1,6.01,C
PROD_00477,Processed Snack #477,Processed Snacks & Sweets,381.3,1.0,49.0,2.3,17.7,36.2,301.5,10.2,0,1,0,0,0,2.69,E
PROD_00478,Prepared Meal #478,Fast Food & Prepared Meals,793.4,12.8,67.5,1.7,42.7,5.0,1680.8,13.8,0,0,0,1,0,3.12,E
PROD_00479,Prepared Meal #479,Fast Food & Prepared Meals,830.5,23.7,78.1,4.1,34.2,7.5,1076.3,7.4,0,1,0,0,0,4.75,D
PROD_00480,Dairy Product #480,Dairy & Cheese,226.1,8.8,16.9,0.0,16.3,4.5,224.5,2.9,0,0,0,0,0,6.75,B
PROD_00481,Nutrition Shake/Supplement #481,Dietary Supplements & Shakes,192.2,30.5,4.9,4.9,6.5,3.8,225.7,0.7,0,0,1,0,0,8.79,A
PROD_00482,Grain/Legume #482,Whole Grains & Legumes,344.0,6.1,41.5,6.1,3.0,0.6,84.3,0.4,0,0,0,0,0,5.66,C
PROD_00483,Dairy Product #483,Dairy & Cheese,336.2,22.1,12.2,0.0,4.2,4.9,604.3,4.2,0,0,0,0,0,6.1,C
PROD_00484,Processed Snack #484,Processed Snacks & Sweets,427.5,4.7,31.4,0.8,21.9,31.4,555.4,3.8,1,0,0,1,0,2.37,E
PROD_00485,Beverage Item #485,Beverages & Drinks,19.4,1.3,41.4,0.2,0.2,41.4,33.9,0.0,0,0,0,1,0,1.0,E
PROD_00486,Fresh Produce Item #486,Whole Foods & Produce,51.0,1.9,24.7,5.2,1.1,5.4,36.6,0.0,0,0,0,0,1,5.38,C
PROD_00487,Grain/Legume #487,Whole Grains & Legumes,311.0,6.2,46.7,10.1,3.0,0.8,138.5,0.6,0,0,0,0,0,6.58,B
PROD_00488,Fresh Produce Item #488,Whole Foods & Produce,76.0,3.5,9.3,5.6,0.3,9.3,39.3,0.3,0,0,0,0,0,6.48,C
PROD_00489,Superfood Oil/Nut #489,Superfoods & Healthy Oils,248.6,7.5,7.8,2.5,18.2,1.5,6.6,2.6,0,0,0,0,1,5.7,C
PROD_00490,Nutrition Shake/Supplement #490,Dietary Supplements & Shakes,288.4,18.0,5.0,2.8,8.1,2.0,266.0,0.7,0,0,1,0,0,5.53,C
PROD_00491,Beverage Item #491,Beverages & Drinks,23.2,0.5,19.2,0.4,0.8,19.2,56.0,0.0,1,0,1,1,0,1.0,E
PROD_00492,Grain/Legume #492,Whole Grains & Legumes,153.3,12.1,57.6,15.3,3.1,4.8,109.5,0.5,0,0,0,0,0,6.65,B
PROD_00493,Dairy Product #493,Dairy & Cheese,189.1,21.3,7.4,0.0,4.6,7.4,398.6,4.6,0,0,0,0,0,7.22,B
PROD_00494,Superfood Oil/Nut #494,Superfoods & Healthy Oils,137.1,2.9,7.6,1.5,13.0,0.9,15.4,1.1,0,0,0,0,1,5.84,C
PROD_00495,Processed Snack #495,Processed Snacks & Sweets,390.4,3.8,46.0,1.6,29.2,24.5,317.8,4.8,0,0,0,0,0,4.98,D
PROD_00496,Prepared Meal #496,Fast Food & Prepared Meals,521.7,30.8,91.7,5.6,37.9,12.3,1554.7,13.6,1,0,0,0,0,3.58,D
PROD_00497,Nutrition Shake/Supplement #497,Dietary Supplements & Shakes,158.9,30.6,8.2,1.9,2.4,7.2,270.4,1.1,1,0,1,0,0,4.13,D
PROD_00498,Condiment #498,Condiments & Sauces,58.7,1.3,3.7,0.2,0.1,3.7,1162.7,0.1,1,0,0,1,0,1.0,E
PROD_00499,Lean Protein #499,Lean Proteins & Poultry,137.3,27.8,3.1,0.6,8.8,0.2,389.8,2.1,0,0,0,0,0,7.81,B
PROD_00500,Lean Protein #500,Lean Proteins & Poultry,113.8,30.1,5.0,0.2,8.6,0.3,339.9,2.0,0,0,0,0,0,7.53,B
PROD_00501,Superfood Oil/Nut #501,Superfoods & Healthy Oils,238.9,6.8,1.1,1.1,12.8,0.6,12.4,2.1,0,0,0,0,1,5.97,C
PROD_00502,Superfood Oil/Nut #502,Superfoods & Healthy Oils,152.8,5.5,5.2,1.5,18.3,0.6,18.5,1.5,0,0,0,0,1,5.41,C
PROD_00503,Prepared Meal #503,Fast Food & Prepared Meals,666.2,26.6,45.2,2.4,27.1,14.7,733.7,5.6,0,1,0,0,0,4.24,D
PROD_00504,Lean Protein #504,Lean Proteins & Poultry,123.0,22.5,1.0,1.0,1.5,1.0,106.5,1.5,0,0,0,0,1,8.85,A
PROD_00505,Condiment #505,Condiments & Sauces,131.0,0.8,32.4,1.0,1.6,26.6,510.3,1.0,1,1,0,1,0,1.0,E
PROD_00506,Fresh Produce Item #506,Whole Foods & Produce,50.5,2.3,16.3,2.1,1.6,6.7,23.3,0.4,0,0,0,0,0,4.77,D
PROD_00507,Grain/Legume #507,Whole Grains & Legumes,156.7,17.8,56.2,9.3,3.3,4.6,113.0,0.3,0,0,0,0,0,8.15,A
PROD_00508,Condiment #508,Condiments & Sauces,158.0,1.8,32.4,0.1,9.8,21.0,1108.3,1.8,1,0,0,1,0,1.0,E
PROD_00509,Dairy Product #509,Dairy & Cheese,171.9,12.2,3.8,0.0,14.3,2.5,599.7,13.4,0,0,0,0,0,3.52,D
PROD_00510,Lean Protein #510,Lean Proteins & Poultry,228.0,32.5,4.9,0.1,4.7,1.3,190.0,3.3,0,0,0,0,1,8.53,A
PROD_00511,Fresh Produce Item #511,Whole Foods & Produce,104.4,3.9,20.5,5.7,1.3,13.0,29.4,0.4,0,0,0,0,0,5.44,C
PROD_00512,Condiment #512,Condiments & Sauces,38.4,0.2,19.7,0.1,5.5,19.7,1357.3,2.2,0,0,0,0,0,1.0,E
PROD_00513,Lean Protein #513,Lean Proteins & Poultry,153.6,39.6,2.2,0.5,9.7,0.8,227.3,1.6,0,0,0,0,0,9.48,A
PROD_00514,Fresh Produce Item #514,Whole Foods & Produce,109.4,2.2,19.6,3.9,0.8,4.5,30.3,0.2,0,0,0,0,1,6.04,C
PROD_00515,Prepared Meal #515,Fast Food & Prepared Meals,720.9,25.2,67.7,3.1,17.3,7.5,1733.5,9.7,0,1,0,1,0,2.45,E
PROD_00516,Nutrition Shake/Supplement #516,Dietary Supplements & Shakes,120.8,18.8,12.1,6.3,8.3,8.1,81.6,1.8,0,0,0,0,0,10.0,A
PROD_00517,Dairy Product #517,Dairy & Cheese,167.6,24.6,11.5,0.0,23.6,2.1,356.1,2.6,0,0,0,0,0,6.26,C
PROD_00518,Dairy Product #518,Dairy & Cheese,146.9,22.1,16.5,0.0,18.7,10.8,196.7,15.6,0,0,0,1,0,4.71,D
PROD_00519,Nutrition Shake/Supplement #519,Dietary Supplements & Shakes,246.1,25.2,23.6,7.4,3.1,1.0,272.4,2.2,0,0,0,0,0,10.0,A
PROD_00520,Processed Snack #520,Processed Snacks & Sweets,512.2,4.7,52.9,3.0,13.9,39.5,427.4,8.7,0,0,0,1,0,3.51,D
PROD_00521,Condiment #521,Condiments & Sauces,87.7,1.7,24.6,1.3,3.7,24.6,271.7,2.7,1,0,0,0,1,1.0,E
PROD_00522,Fresh Produce Item #522,Whole Foods & Produce,36.9,1.6,22.7,6.6,1.5,12.4,17.1,0.4,0,0,0,0,0,3.36,E
PROD_00523,Lean Protein #523,Lean Proteins & Poultry,146.7,30.9,0.8,0.8,9.6,0.5,286.3,2.7,0,0,0,0,0,8.51,A
PROD_00524,Prepared Meal #524,Fast Food & Prepared Meals,687.3,26.4,41.9,2.1,35.7,8.8,478.4,14.1,1,0,0,0,0,4.86,D
PROD_00525,Condiment #525,Condiments & Sauces,86.1,0.6,21.9,0.1,1.7,1.9,799.0,1.7,1,0,0,0,0,1.0,E
PROD_00526,Nutrition Shake/Supplement #526,Dietary Supplements & Shakes,207.1,36.1,21.7,3.5,3.5,11.4,267.9,0.9,0,0,0,0,0,8.62,A
PROD_00527,Lean Protein #527,Lean Proteins & Poultry,215.5,35.6,2.7,0.7,9.1,1.3,193.9,1.7,0,0,0,0,0,8.89,A
PROD_00528,Beverage Item #528,Beverages & Drinks,92.1,0.8,42.9,0.3,0.3,22.6,33.9,0.0,0,0,1,1,0,1.0,E
PROD_00529,Superfood Oil/Nut #529,Superfoods & Healthy Oils,143.2,5.2,7.7,3.0,27.7,1.7,1.8,3.0,0,0,0,0,1,5.17,C
PROD_00530,Dairy Product #530,Dairy & Cheese,191.6,23.5,5.3,0.0,28.3,2.4,95.4,16.5,0,0,0,0,0,4.89,D
PROD_00531,Superfood Oil/Nut #531,Superfoods & Healthy Oils,144.9,2.8,1.7,1.7,13.4,0.1,49.9,1.1,0,0,0,0,1,4.85,D
PROD_00532,Grain/Legume #532,Whole Grains & Legumes,252.0,16.8,62.0,5.1,1.3,1.6,135.5,0.9,0,0,0,0,0,6.37,C
PROD_00533,Processed Snack #533,Processed Snacks & Sweets,418.2,5.9,55.2,1.3,19.4,44.3,602.6,8.9,1,0,0,1,0,1.0,E
PROD_00534,Processed Snack #534,Processed Snacks & Sweets,466.4,4.6,46.5,0.6,24.6,43.5,306.1,5.6,1,0,0,1,0,1.95,E
PROD_00535,Beverage Item #535,Beverages & Drinks,28.0,1.3,20.5,0.4,0.5,20.5,28.6,0.0,0,0,0,0,0,1.0,E
PROD_00536,Condiment #536,Condiments & Sauces,108.9,1.8,33.1,1.1,1.6,19.1,692.4,1.4,1,1,0,0,0,1.0,E
PROD_00537,Processed Snack #537,Processed Snacks & Sweets,499.0,4.7,42.3,0.8,13.5,42.3,528.0,7.6,0,1,0,1,0,2.25,E
PROD_00538,Dairy Product #538,Dairy & Cheese,358.3,20.5,6.0,0.0,4.1,3.4,484.4,4.1,0,0,0,0,0,7.02,B
PROD_00539,Prepared Meal #539,Fast Food & Prepared Meals,593.8,24.6,67.4,5.2,21.0,18.5,1385.4,11.8,0,0,0,1,0,4.47,D
PROD_00540,Condiment #540,Condiments & Sauces,90.3,1.2,10.4,0.6,12.2,7.1,922.4,2.1,1,0,0,0,1,2.14,E
PROD_00541,Superfood Oil/Nut #541,Superfoods & Healthy Oils,257.4,1.7,6.9,1.6,13.2,0.5,20.9,1.8,0,0,0,0,1,4.71,D
PROD_00542,Fresh Produce Item #542,Whole Foods & Produce,79.4,2.0,11.9,6.5,1.8,11.8,19.9,0.4,0,0,0,0,0,6.36,C
PROD_00543,Fresh Produce Item #543,Whole Foods & Produce,86.4,3.6,5.8,5.8,1.2,5.8,28.5,0.4,0,0,0,0,1,8.2,A
PROD_00544,Processed Snack #544,Processed Snacks & Sweets,206.2,3.6,53.8,1.5,14.5,34.5,285.1,10.1,0,0,0,1,0,1.17,E
PROD_00545,Nutrition Shake/Supplement #545,Dietary Supplements & Shakes,263.0,34.9,10.8,6.7,3.7,7.1,273.6,1.3,0,0,0,0,0,9.53,A
PROD_00546,Beverage Item #546,Beverages & Drinks,54.6,0.7,29.9,0.2,0.2,7.2,11.4,0.0,1,0,0,1,0,1.0,E
PROD_00547,Grain/Legume #547,Whole Grains & Legumes,260.1,16.6,60.6,13.2,1.1,3.1,158.4,0.2,0,0,0,0,0,6.97,B
PROD_00548,Lean Protein #548,Lean Proteins & Poultry,111.5,30.4,0.8,0.7,8.9,0.4,405.4,1.8,0,0,0,0,1,8.6,A
PROD_00549,Nutrition Shake/Supplement #549,Dietary Supplements & Shakes,124.9,32.1,22.0,4.3,9.0,8.3,72.2,2.5,0,0,1,0,0,7.81,B
PROD_00550,Dairy Product #550,Dairy & Cheese,388.1,9.3,4.8,0.0,29.5,4.8,78.5,12.2,0,0,1,0,0,2.71,E
PROD_00551,Nutrition Shake/Supplement #551,Dietary Supplements & Shakes,314.5,22.0,22.4,3.3,2.3,10.5,240.8,0.8,0,0,1,0,0,5.59,C
PROD_00552,Nutrition Shake/Supplement #552,Dietary Supplements & Shakes,130.4,27.8,15.2,5.2,3.6,5.1,283.5,2.4,0,0,0,0,0,9.19,A
PROD_00553,Nutrition Shake/Supplement #553,Dietary Supplements & Shakes,166.8,27.0,10.0,4.3,3.6,10.0,143.9,0.7,0,0,1,1,0,6.93,B
PROD_00554,Fresh Produce Item #554,Whole Foods & Produce,95.3,2.0,11.7,3.9,1.6,2.7,5.6,0.4,0,0,0,0,0,6.48,C
PROD_00555,Grain/Legume #555,Whole Grains & Legumes,142.0,12.4,62.4,11.6,4.2,4.1,186.8,0.8,0,0,0,0,0,6.63,B
PROD_00556,Fresh Produce Item #556,Whole Foods & Produce,63.5,3.8,6.8,5.1,1.8,6.8,12.0,0.2,0,0,0,0,0,7.52,B
PROD_00557,Grain/Legume #557,Whole Grains & Legumes,193.5,13.0,48.7,12.9,4.0,2.8,69.5,0.9,0,0,0,0,0,7.11,B
PROD_00558,Beverage Item #558,Beverages & Drinks,54.4,1.9,54.5,0.4,0.0,18.0,79.1,0.0,1,0,0,0,0,1.07,E
PROD_00559,Nutrition Shake/Supplement #559,Dietary Supplements & Shakes,149.8,41.2,20.9,2.6,3.0,8.7,144.5,1.1,0,0,1,0,0,7.2,B
PROD_00560,Lean Protein #560,Lean Proteins & Poultry,229.8,30.9,1.0,0.2,9.6,0.5,356.9,1.1,0,0,0,0,0,8.13,A
PROD_00561,Processed Snack #561,Processed Snacks & Sweets,499.1,1.0,72.1,0.8,26.5,27.9,578.6,7.4,0,0,0,1,0,2.05,E
PROD_00562,Superfood Oil/Nut #562,Superfoods & Healthy Oils,156.8,2.6,0.3,0.3,14.7,0.1,11.5,3.4,0,0,0,0,1,5.49,C
PROD_00563,Processed Snack #563,Processed Snacks & Sweets,332.0,5.5,33.1,0.6,28.4,33.1,396.7,9.7,0,0,1,0,0,2.74,E
PROD_00564,Beverage Item #564,Beverages & Drinks,135.8,1.2,2.4,0.2,0.6,2.4,80.2,0.0,1,0,1,1,0,1.0,E
PROD_00565,Processed Snack #565,Processed Snacks & Sweets,218.7,3.2,32.2,1.9,16.4,32.2,348.7,8.1,0,1,1,1,0,1.0,E
PROD_00566,Condiment #566,Condiments & Sauces,30.4,0.9,31.3,1.0,7.4,8.9,650.1,1.5,1,0,0,0,0,1.26,E
PROD_00567,Dairy Product #567,Dairy & Cheese,349.6,12.9,12.6,0.0,16.7,4.8,407.0,3.0,0,0,0,0,0,6.25,C
PROD_00568,Prepared Meal #568,Fast Food & Prepared Meals,429.5,29.5,65.5,4.7,28.5,9.9,1088.0,16.3,1,0,0,0,0,3.19,E
PROD_00569,Fresh Produce Item #569,Whole Foods & Produce,47.8,0.8,23.6,5.5,1.4,13.9,20.6,0.3,0,0,0,0,1,3.65,D
PROD_00570,Dairy Product #570,Dairy & Cheese,300.8,13.4,7.5,0.0,27.2,3.4,452.3,6.2,1,0,0,0,0,4.35,D
PROD_00571,Dairy Product #571,Dairy & Cheese,241.4,22.4,5.9,0.0,5.3,5.9,496.1,5.3,0,0,0,0,0,6.14,C
PROD_00572,Beverage Item #572,Beverages & Drinks,92.0,0.3,40.0,0.1,0.6,32.3,59.0,0.0,0,0,1,1,0,1.0,E
PROD_00573,Grain/Legume #573,Whole Grains & Legumes,319.9,9.2,48.6,10.6,1.1,4.7,20.3,0.8,0,0,0,0,0,7.86,B
PROD_00574,Condiment #574,Condiments & Sauces,151.9,0.6,17.4,0.4,8.3,17.4,746.1,1.7,1,0,1,1,0,1.0,E
PROD_00575,Condiment #575,Condiments & Sauces,89.3,0.7,14.8,0.4,16.6,14.8,216.1,0.1,0,0,0,1,0,3.57,D
PROD_00576,Dairy Product #576,Dairy & Cheese,187.4,20.5,8.9,0.0,17.0,8.9,51.2,13.1,0,0,0,1,0,4.36,D
PROD_00577,Superfood Oil/Nut #577,Superfoods & Healthy Oils,267.7,6.5,1.0,1.0,20.7,1.0,2.2,1.7,0,0,0,0,1,4.49,D
PROD_00578,Dairy Product #578,Dairy & Cheese,89.0,10.7,16.1,0.0,15.1,12.1,600.2,8.9,0,0,0,0,0,4.74,D
PROD_00579,Beverage Item #579,Beverages & Drinks,78.5,0.0,42.1,0.1,0.8,27.1,96.3,0.0,0,0,1,0,0,1.0,E
PROD_00580,Lean Protein #580,Lean Proteins & Poultry,242.3,27.1,2.3,0.7,3.2,1.0,345.4,3.1,0,0,0,0,0,8.23,A
PROD_00581,Dairy Product #581,Dairy & Cheese,315.6,20.7,12.5,0.0,16.7,10.0,68.3,12.6,0,0,0,0,0,5.42,C
PROD_00582,Processed Snack #582,Processed Snacks & Sweets,236.4,5.8,70.1,1.2,26.1,29.1,450.2,5.5,0,0,0,0,0,3.33,E
PROD_00583,Dairy Product #583,Dairy & Cheese,220.3,17.6,12.0,0.0,6.8,12.0,208.3,6.8,0,0,0,0,0,6.03,C
PROD_00584,Condiment #584,Condiments & Sauces,90.3,0.8,12.7,1.5,2.4,9.5,782.6,1.4,1,1,1,1,0,1.0,E
PROD_00585,Superfood Oil/Nut #585,Superfoods & Healthy Oils,241.2,7.1,6.5,4.4,14.7,0.4,23.3,1.8,0,0,0,0,1,7.28,B
PROD_00586,Dairy Product #586,Dairy & Cheese,245.9,8.1,16.9,0.0,8.3,5.5,288.0,8.3,0,0,0,0,0,5.77,C
PROD_00587,Condiment #587,Condiments & Sauces,156.0,1.6,5.4,0.2,1.8,1.3,858.4,1.8,1,0,0,1,0,1.28,E
PROD_00588,Condiment #588,Condiments & Sauces,84.9,0.0,16.6,0.1,9.8,10.1,768.1,1.8,0,0,0,0,0,4.02,D
PROD_00589,Dairy Product #589,Dairy & Cheese,272.0,19.2,15.2,0.0,4.6,8.7,366.6,4.6,0,0,0,0,0,7.07,B
PROD_00590,Fresh Produce Item #590,Whole Foods & Produce,29.8,0.7,19.4,4.7,0.6,4.5,35.1,0.0,0,0,0,0,0,5.22,C
PROD_00591,Prepared Meal #591,Fast Food & Prepared Meals,397.8,13.3,61.9,3.5,50.7,6.3,616.4,6.1,1,1,0,0,0,1.86,E
PROD_00592,Fresh Produce Item #592,Whole Foods & Produce,75.1,3.4,22.1,7.6,1.9,9.2,20.3,0.5,0,0,0,0,0,5.55,C
PROD_00593,Fresh Produce Item #593,Whole Foods & Produce,71.8,1.1,24.6,3.0,1.0,6.7,33.8,0.1,0,0,0,0,0,4.2,D
PROD_00594,Beverage Item #594,Beverages & Drinks,61.6,1.4,28.8,0.2,0.2,24.3,94.8,0.0,1,0,1,0,0,1.0,E
PROD_00595,Prepared Meal #595,Fast Food & Prepared Meals,714.1,15.1,54.2,5.4,23.5,14.9,993.6,6.9,0,0,0,0,0,5.06,C
PROD_00596,Superfood Oil/Nut #596,Superfoods & Healthy Oils,150.1,1.4,0.6,0.6,24.1,0.6,9.8,3.9,0,0,0,0,1,8.19,A
PROD_00597,Beverage Item #597,Beverages & Drinks,95.1,1.4,29.4,0.3,0.3,25.0,61.8,0.0,0,0,0,1,0,1.0,E
PROD_00598,Grain/Legume #598,Whole Grains & Legumes,167.1,15.1,64.4,15.4,1.8,4.4,142.4,0.6,0,0,0,0,0,6.79,B
PROD_00599,Grain/Legume #599,Whole Grains & Legumes,172.8,14.8,31.2,14.4,3.1,1.0,140.3,0.6,0,0,0,0,0,8.4,A
PROD_00600,Fresh Produce Item #600,Whole Foods & Produce,32.5,2.3,13.1,5.5,0.3,7.6,12.9,0.3,0,0,0,0,0,5.27,C
PROD_00601,Lean Protein #601,Lean Proteins & Poultry,196.7,27.1,4.5,0.0,5.2,1.4,82.0,1.0,0,0,0,0,0,9.07,A
PROD_00602,Processed Snack #602,Processed Snacks & Sweets,245.0,1.1,61.0,1.3,21.8,17.0,454.9,7.3,0,0,0,1,0,2.14,E
PROD_00603,Superfood Oil/Nut #603,Superfoods & Healthy Oils,215.5,4.4,3.6,1.3,24.9,1.0,27.2,1.9,0,0,0,0,1,4.69,D
PROD_00604,Grain/Legume #604,Whole Grains & Legumes,171.4,13.8,30.9,11.1,3.1,3.8,15.7,0.9,0,0,0,0,0,9.22,A
PROD_00605,Fresh Produce Item #605,Whole Foods & Produce,68.7,1.2,9.2,2.1,1.8,4.7,15.2,0.1,0,0,0,0,0,6.78,B
PROD_00606,Lean Protein #606,Lean Proteins & Poultry,200.3,28.5,3.5,0.6,4.2,1.3,96.5,2.1,0,0,0,0,0,8.57,A
PROD_00607,Processed Snack #607,Processed Snacks & Sweets,436.9,3.5,34.2,1.2,29.6,34.2,358.3,12.0,0,0,1,0,0,3.17,E
PROD_00608,Dairy Product #608,Dairy & Cheese,346.6,19.3,6.7,0.0,12.7,6.3,52.2,11.9,0,0,0,1,0,4.86,D
PROD_00609,Superfood Oil/Nut #609,Superfoods & Healthy Oils,259.4,4.6,2.7,0.7,17.9,1.0,20.2,3.0,0,0,0,0,1,5.18,C
PROD_00610,Processed Snack #610,Processed Snacks & Sweets,509.3,5.7,68.6,2.2,11.7,21.0,288.3,8.2,0,0,0,1,0,1.97,E
PROD_00611,Beverage Item #611,Beverages & Drinks,199.9,0.3,7.8,0.3,0.9,7.8,46.0,0.0,0,0,0,0,0,5.09,C
PROD_00612,Beverage Item #612,Beverages & Drinks,131.8,1.5,47.0,0.2,0.7,36.2,115.5,0.0,0,0,0,0,0,1.0,E
PROD_00613,Lean Protein #613,Lean Proteins & Poultry,186.7,36.0,1.3,0.1,2.8,0.4,250.1,2.8,0,0,0,0,0,8.79,A
PROD_00614,Nutrition Shake/Supplement #614,Dietary Supplements & Shakes,282.8,23.8,22.2,6.4,4.6,9.1,338.4,1.4,0,0,0,0,0,8.41,A
PROD_00615,Dairy Product #615,Dairy & Cheese,382.6,13.8,12.6,0.0,16.5,10.8,314.3,5.2,0,0,0,0,0,6.3,C
PROD_00616,Dairy Product #616,Dairy & Cheese,310.6,15.5,16.3,0.0,29.7,2.8,540.6,2.6,0,0,0,1,0,4.93,D
PROD_00617,Nutrition Shake/Supplement #617,Dietary Supplements & Shakes,165.6,27.4,7.9,7.5,5.2,7.8,270.3,1.2,0,0,0,0,0,9.36,A
PROD_00618,Lean Protein #618,Lean Proteins & Poultry,225.4,35.2,2.2,0.9,2.0,1.7,449.0,2.0,0,0,0,0,0,8.12,A
PROD_00619,Condiment #619,Condiments & Sauces,16.9,2.0,11.3,1.0,3.2,11.3,1284.8,1.0,0,1,0,1,1,1.0,E
PROD_00620,Superfood Oil/Nut #620,Superfoods & Healthy Oils,254.5,4.8,0.3,0.3,10.9,0.3,48.1,1.6,0,0,0,0,1,4.81,D
PROD_00621,Condiment #621,Condiments & Sauces,108.4,0.3,24.8,0.8,11.7,24.8,728.5,2.7,0,0,0,1,0,1.0,E
PROD_00622,Lean Protein #622,Lean Proteins & Poultry,197.3,21.4,0.1,0.1,5.0,0.1,155.1,1.0,0,0,0,0,0,8.54,A
PROD_00623,Dairy Product #623,Dairy & Cheese,118.4,15.2,13.0,0.0,25.6,2.3,583.2,11.7,0,0,0,0,0,4.61,D
PROD_00624,Superfood Oil/Nut #624,Superfoods & Healthy Oils,222.8,1.3,5.0,3.9,19.0,0.7,13.9,2.9,0,0,0,0,1,9.3,A
PROD_00625,Lean Protein #625,Lean Proteins & Poultry,227.0,30.4,3.8,0.2,4.9,1.9,444.5,2.0,0,0,0,0,0,7.05,B
PROD_00626,Fresh Produce Item #626,Whole Foods & Produce,30.1,3.8,15.6,5.7,1.0,3.2,39.6,0.4,0,0,0,0,0,8.07,A
PROD_00627,Prepared Meal #627,Fast Food & Prepared Meals,781.4,26.8,79.3,2.1,50.2,14.5,621.2,10.5,0,0,0,1,0,5.13,C
PROD_00628,Dairy Product #628,Dairy & Cheese,89.9,16.5,14.2,0.0,18.6,13.8,60.4,8.2,0,0,0,1,0,5.0,C
PROD_00629,Grain/Legume #629,Whole Grains & Legumes,161.8,14.3,30.7,12.0,1.2,2.3,39.6,0.3,0,0,0,0,0,9.59,A
PROD_00630,Processed Snack #630,Processed Snacks & Sweets,389.8,3.6,36.4,0.5,25.8,14.9,562.0,11.2,1,0,1,0,0,1.08,E
PROD_00631,Grain/Legume #631,Whole Grains & Legumes,159.4,15.7,64.6,9.2,2.8,0.7,7.7,0.9,0,0,0,0,1,6.46,C
PROD_00632,Prepared Meal #632,Fast Food & Prepared Meals,498.3,31.5,50.7,5.5,50.6,7.5,1278.7,5.2,0,0,0,0,0,5.12,C
PROD_00633,Prepared Meal #633,Fast Food & Prepared Meals,576.8,14.7,78.1,3.8,43.1,8.5,888.0,8.7,1,1,0,0,0,1.01,E
PROD_00634,Condiment #634,Condiments & Sauces,62.6,1.3,11.5,0.4,7.2,11.5,800.4,2.0,1,0,0,0,0,1.0,E
PROD_00635,Superfood Oil/Nut #635,Superfoods & Healthy Oils,120.1,8.5,1.3,1.2,14.7,0.1,6.2,4.0,0,0,0,0,1,6.05,C
PROD_00636,Grain/Legume #636,Whole Grains & Legumes,348.0,9.0,45.3,14.3,2.0,2.4,124.9,0.6,0,0,0,0,0,7.88,B
PROD_00637,Grain/Legume #637,Whole Grains & Legumes,259.1,13.5,51.1,5.8,3.5,4.8,110.5,0.8,0,0,0,0,0,6.91,B
PROD_00638,Beverage Item #638,Beverages & Drinks,22.8,0.4,24.8,0.1,0.9,8.7,60.1,0.0,0,0,0,1,0,1.0,E
PROD_00639,Superfood Oil/Nut #639,Superfoods & Healthy Oils,210.9,4.5,0.5,0.5,24.8,0.5,41.6,2.5,0,0,0,0,1,5.38,C
PROD_00640,Condiment #640,Condiments & Sauces,99.5,0.3,20.8,0.6,11.9,20.8,691.3,0.9,1,0,0,1,1,1.0,E
PROD_00641,Lean Protein #641,Lean Proteins & Poultry,158.4,28.9,0.0,0.0,1.8,0.0,406.8,1.8,0,0,0,0,0,7.09,B
PROD_00642,Beverage Item #642,Beverages & Drinks,93.3,0.8,44.8,0.0,0.5,31.0,64.4,0.0,0,0,0,0,0,1.55,E
PROD_00643,Grain/Legume #643,Whole Grains & Legumes,218.0,7.8,45.1,13.8,2.8,2.7,170.5,0.8,0,0,0,0,0,7.18,B
PROD_00644,Nutrition Shake/Supplement #644,Dietary Supplements & Shakes,171.4,38.5,19.7,4.4,1.8,4.1,137.7,1.8,1,0,0,0,0,8.39,A
PROD_00645,Processed Snack #645,Processed Snacks & Sweets,351.3,4.4,57.4,2.4,17.8,27.6,568.3,3.5,1,0,1,1,0,1.0,E
PROD_00646,Lean Protein #646,Lean Proteins & Poultry,230.9,39.3,0.8,0.8,9.6,0.8,184.9,1.3,0,0,0,0,1,8.5,A
PROD_00647,Prepared Meal #647,Fast Food & Prepared Meals,883.3,13.3,68.8,4.4,22.6,6.6,1670.9,17.6,0,0,0,0,0,4.55,D
PROD_00648,Prepared Meal #648,Fast Food & Prepared Meals,667.9,29.4,84.9,2.2,15.6,19.8,875.2,5.8,0,0,0,1,0,4.74,D
PROD_00649,Nutrition Shake/Supplement #649,Dietary Supplements & Shakes,305.9,22.0,4.9,2.8,1.6,0.9,324.5,1.2,0,0,1,1,0,4.16,D
PROD_00650,Processed Snack #650,Processed Snacks & Sweets,440.9,2.1,49.7,2.5,25.2,27.0,664.9,10.5,0,1,0,1,0,1.0,E
PROD_00651,Superfood Oil/Nut #651,Superfoods & Healthy Oils,273.8,6.0,2.1,1.5,22.7,1.5,15.2,2.0,0,0,0,0,1,4.77,D
PROD_00652,Beverage Item #652,Beverages & Drinks,61.8,1.4,2.4,0.4,0.4,2.4,34.3,0.0,0,0,0,1,0,3.45,E
PROD_00653,Prepared Meal #653,Fast Food & Prepared Meals,623.8,35.2,64.9,5.3,46.9,11.4,760.6,9.7,0,1,0,0,0,4.96,D
PROD_00654,Nutrition Shake/Supplement #654,Dietary Supplements & Shakes,274.7,41.2,21.7,6.4,3.5,9.8,210.0,0.6,0,0,0,0,0,9.52,A
PROD_00655,Processed Snack #655,Processed Snacks & Sweets,357.8,1.5,61.8,0.6,27.1,16.6,232.8,4.2,0,0,0,1,0,3.09,E
PROD_00656,Superfood Oil/Nut #656,Superfoods & Healthy Oils,172.4,7.9,1.0,1.0,17.1,1.0,7.7,1.0,0,0,0,0,1,5.75,C
PROD_00657,Dairy Product #657,Dairy & Cheese,186.7,14.5,11.1,0.0,15.6,7.8,487.0,13.7,0,0,0,0,0,4.07,D
PROD_00658,Superfood Oil/Nut #658,Superfoods & Healthy Oils,170.2,2.1,1.7,0.5,22.3,1.3,47.5,3.2,0,0,0,0,1,8.91,A
PROD_00659,Nutrition Shake/Supplement #659,Dietary Supplements & Shakes,150.5,22.2,11.2,2.6,5.7,2.0,146.1,2.3,0,0,0,1,0,7.26,B
PROD_00660,Superfood Oil/Nut #660,Superfoods & Healthy Oils,127.6,7.4,4.8,1.0,18.9,1.5,38.5,2.5,0,0,0,0,1,5.79,C
PROD_00661,Prepared Meal #661,Fast Food & Prepared Meals,934.2,29.2,59.5,2.8,44.0,8.4,681.8,11.4,0,0,0,1,0,4.37,D
PROD_00662,Superfood Oil/Nut #662,Superfoods & Healthy Oils,210.7,5.5,3.8,3.8,12.4,0.6,30.8,3.1,0,0,0,0,1,7.18,B
PROD_00663,Nutrition Shake/Supplement #663,Dietary Supplements & Shakes,292.6,27.5,11.9,1.3,5.6,8.6,84.3,1.1,0,0,1,1,0,3.63,D
PROD_00664,Condiment #664,Condiments & Sauces,131.6,1.0,30.7,0.2,12.2,16.4,776.1,1.5,0,0,1,1,0,1.0,E
PROD_00665,Processed Snack #665,Processed Snacks & Sweets,545.3,4.1,59.3,1.0,13.3,33.8,741.3,11.8,1,1,1,0,0,1.0,E
PROD_00666,Fresh Produce Item #666,Whole Foods & Produce,74.7,1.2,11.7,4.0,0.1,3.8,36.3,0.1,0,0,0,0,0,6.59,B
PROD_00667,Prepared Meal #667,Fast Food & Prepared Meals,540.0,29.6,52.4,4.1,16.7,7.4,1000.0,16.7,0,0,0,1,0,3.95,D
PROD_00668,Nutrition Shake/Supplement #668,Dietary Supplements & Shakes,278.4,44.4,23.4,7.3,7.0,4.7,81.8,1.9,0,0,0,0,0,9.38,A
PROD_00669,Prepared Meal #669,Fast Food & Prepared Meals,447.9,18.5,55.5,2.3,37.8,21.6,1478.0,9.9,1,1,0,0,0,2.15,E
PROD_00670,Grain/Legume #670,Whole Grains & Legumes,284.6,15.5,50.2,6.7,3.8,3.5,9.8,0.5,0,0,0,0,0,6.66,B
PROD_00671,Grain/Legume #671,Whole Grains & Legumes,209.2,14.0,26.6,9.3,4.2,4.1,144.6,0.4,0,0,0,0,0,8.92,A
PROD_00672,Condiment #672,Condiments & Sauces,145.9,0.2,8.1,1.1,0.4,8.1,216.7,0.4,1,0,0,1,1,1.93,E
PROD_00673,Dairy Product #673,Dairy & Cheese,122.8,22.8,12.4,0.0,7.7,2.5,126.1,7.7,0,0,0,1,0,6.59,B
PROD_00674,Processed Snack #674,Processed Snacks & Sweets,496.6,3.2,30.8,0.7,19.2,30.8,600.6,3.2,1,0,0,0,0,3.71,D
PROD_00675,Condiment #675,Condiments & Sauces,130.2,0.4,2.7,0.7,9.2,2.7,349.6,1.8,0,0,0,0,0,3.44,E
PROD_00676,Superfood Oil/Nut #676,Superfoods & Healthy Oils,239.5,7.9,4.0,0.7,22.5,0.4,22.1,1.2,0,0,0,0,1,6.23,C
PROD_00677,Processed Snack #677,Processed Snacks & Sweets,435.4,4.5,55.1,2.8,10.4,17.8,428.6,3.7,0,1,0,1,0,2.37,E
PROD_00678,Nutrition Shake/Supplement #678,Dietary Supplements & Shakes,280.7,31.6,7.0,4.3,8.8,7.0,293.3,0.6,0,0,0,0,0,8.93,A
PROD_00679,Beverage Item #679,Beverages & Drinks,204.6,1.1,11.8,0.2,0.3,11.8,15.7,0.0,1,0,0,1,0,1.91,E
PROD_00680,Grain/Legume #680,Whole Grains & Legumes,284.9,13.8,63.7,14.5,2.8,0.8,97.8,0.8,0,0,0,0,0,6.46,C
PROD_00681,Lean Protein #681,Lean Proteins & Poultry,191.3,29.7,0.9,0.2,7.5,0.8,256.0,1.0,0,0,0,0,0,8.84,A
PROD_00682,Prepared Meal #682,Fast Food & Prepared Meals,935.3,20.7,70.7,1.9,38.8,5.6,1745.0,14.0,0,0,0,0,0,4.43,D
PROD_00683,Condiment #683,Condiments & Sauces,148.2,0.7,12.5,1.3,15.2,10.6,1199.0,2.6,1,1,1,0,0,1.0,E
PROD_00684,Superfood Oil/Nut #684,Superfoods & Healthy Oils,144.0,5.6,2.0,1.1,10.2,0.3,15.5,1.4,0,0,0,0,1,6.25,C
PROD_00685,Grain/Legume #685,Whole Grains & Legumes,130.3,16.5,26.2,12.8,1.2,1.7,102.0,0.5,0,0,0,0,0,10.0,A
PROD_00686,Beverage Item #686,Beverages & Drinks,99.3,0.5,12.4,0.3,0.4,9.9,85.8,0.0,0,0,0,1,0,3.19,E
PROD_00687,Lean Protein #687,Lean Proteins & Poultry,204.3,22.9,3.5,0.4,11.4,0.3,307.1,1.6,0,0,0,0,0,8.58,A
PROD_00688,Condiment #688,Condiments & Sauces,59.6,1.6,34.9,0.4,7.9,15.0,553.9,0.0,1,0,0,1,0,1.0,E
PROD_00689,Nutrition Shake/Supplement #689,Dietary Supplements & Shakes,215.0,38.5,6.4,3.7,5.2,1.8,175.9,1.1,1,0,1,0,0,6.86,B
PROD_00690,Lean Protein #690,Lean Proteins & Poultry,249.2,33.9,0.9,0.3,6.0,0.6,162.3,3.4,0,0,0,0,1,8.75,A
PROD_00691,Prepared Meal #691,Fast Food & Prepared Meals,350.2,27.5,90.0,2.8,21.6,15.7,1412.0,13.6,0,1,0,0,0,2.62,E
PROD_00692,Processed Snack #692,Processed Snacks & Sweets,371.2,5.0,59.8,0.8,18.7,35.0,494.4,6.2,0,0,1,1,0,1.0,E
PROD_00693,Superfood Oil/Nut #693,Superfoods & Healthy Oils,212.3,2.2,1.4,1.4,27.2,1.4,33.1,3.5,0,0,0,0,1,7.9,B
PROD_00694,Beverage Item #694,Beverages & Drinks,192.6,1.7,6.9,0.5,1.0,6.9,17.2,0.0,1,0,0,0,0,3.84,D
PROD_00695,Nutrition Shake/Supplement #695,Dietary Supplements & Shakes,230.6,38.2,21.2,2.2,8.2,8.0,314.6,1.5,0,0,0,0,0,7.9,B
PROD_00696,Superfood Oil/Nut #696,Superfoods & Healthy Oils,182.0,3.3,2.1,2.1,11.3,1.4,8.6,2.0,0,0,0,0,1,4.86,D
PROD_00697,Beverage Item #697,Beverages & Drinks,51.8,0.3,18.8,0.1,0.0,18.8,25.2,0.0,0,0,0,0,0,1.0,E
PROD_00698,Prepared Meal #698,Fast Food & Prepared Meals,591.7,35.6,79.4,3.9,35.7,10.3,1152.7,13.2,0,0,0,0,0,5.05,C
PROD_00699,Superfood Oil/Nut #699,Superfoods & Healthy Oils,185.3,6.5,2.0,2.0,25.8,0.8,45.6,4.0,0,0,0,0,1,5.91,C
PROD_00700,Condiment #700,Condiments & Sauces,176.9,1.5,18.9,1.0,1.8,18.9,898.8,1.8,0,0,0,1,0,1.0,E
PROD_00701,Condiment #701,Condiments & Sauces,128.3,1.3,9.3,0.1,7.4,8.8,1170.8,2.4,1,0,0,0,0,1.67,E
PROD_00702,Superfood Oil/Nut #702,Superfoods & Healthy Oils,199.4,3.4,7.4,2.9,17.3,1.3,38.4,3.9,0,0,0,0,1,4.68,D
PROD_00703,Lean Protein #703,Lean Proteins & Poultry,162.0,31.2,2.7,0.2,3.1,1.8,223.5,1.7,0,0,0,0,1,10.0,A
PROD_00704,Nutrition Shake/Supplement #704,Dietary Supplements & Shakes,102.9,20.2,17.4,1.2,2.0,3.0,203.7,1.6,1,0,1,0,0,5.46,C
PROD_00705,Processed Snack #705,Processed Snacks & Sweets,448.5,3.7,36.5,0.5,25.8,17.8,544.0,5.7,0,1,1,1,0,1.0,E
PROD_00706,Condiment #706,Condiments & Sauces,145.5,0.0,11.7,0.0,6.8,2.7,1296.2,1.2,1,0,0,0,0,1.54,E
PROD_00707,Grain/Legume #707,Whole Grains & Legumes,329.3,16.4,52.0,7.4,3.6,2.8,144.9,0.9,0,0,0,0,0,6.4,C
PROD_00708,Fresh Produce Item #708,Whole Foods & Produce,114.5,3.4,17.5,6.0,0.5,10.5,24.1,0.1,0,0,0,0,0,8.37,A
PROD_00709,Condiment #709,Condiments & Sauces,89.9,0.8,34.4,0.6,1.4,3.4,908.9,1.4,1,0,1,0,0,1.0,E
PROD_00710,Prepared Meal #710,Fast Food & Prepared Meals,816.4,33.6,56.7,2.5,29.8,17.3,1013.8,14.3,1,0,0,1,0,3.16,E
PROD_00711,Prepared Meal #711,Fast Food & Prepared Meals,392.1,12.7,50.7,3.9,51.2,19.2,1112.1,4.5,0,0,0,0,0,4.52,D
PROD_00712,Nutrition Shake/Supplement #712,Dietary Supplements & Shakes,278.6,24.6,6.6,4.1,4.9,0.7,85.1,0.9,0,0,1,0,0,5.24,C
PROD_00713,Prepared Meal #713,Fast Food & Prepared Meals,726.5,21.3,54.4,1.6,34.5,12.7,663.1,14.7,0,1,0,1,0,2.71,E
PROD_00714,Grain/Legume #714,Whole Grains & Legumes,244.8,7.9,51.7,11.7,1.3,0.7,126.0,0.4,0,0,0,0,1,7.34,B
PROD_00715,Beverage Item #715,Beverages & Drinks,75.4,0.9,14.2,0.3,0.3,14.2,87.3,0.0,1,0,0,1,0,1.0,E
PROD_00716,Grain/Legume #716,Whole Grains & Legumes,205.5,10.9,53.8,10.6,4.8,0.7,103.1,0.7,0,0,0,0,0,7.04,B
PROD_00717,Fresh Produce Item #717,Whole Foods & Produce,58.5,1.5,16.2,2.1,0.3,3.6,13.3,0.3,0,0,0,0,0,4.82,D
PROD_00718,Fresh Produce Item #718,Whole Foods & Produce,69.7,0.6,18.8,4.9,0.3,4.8,7.9,0.3,0,0,0,0,0,5.06,C
PROD_00719,Dairy Product #719,Dairy & Cheese,156.4,21.9,14.5,0.0,26.9,12.1,547.9,5.4,0,0,0,0,0,6.67,B
PROD_00720,Lean Protein #720,Lean Proteins & Poultry,110.6,43.1,0.6,0.1,5.0,0.6,135.7,2.3,0,0,0,0,0,9.26,A
PROD_00721,Fresh Produce Item #721,Whole Foods & Produce,111.8,2.4,12.1,2.0,0.2,7.6,23.0,0.1,0,0,0,0,0,6.11,C
PROD_00722,Dairy Product #722,Dairy & Cheese,271.5,15.6,2.8,0.0,30.3,2.8,238.3,4.7,0,0,1,0,0,4.4,D
PROD_00723,Condiment #723,Condiments & Sauces,33.4,0.3,16.1,0.3,0.5,16.1,223.4,0.5,1,0,0,0,1,1.0,E
PROD_00724,Superfood Oil/Nut #724,Superfoods & Healthy Oils,252.5,2.3,4.8,3.0,13.0,0.2,49.0,2.2,0,0,0,0,1,8.54,A
PROD_00725,Beverage Item #725,Beverages & Drinks,174.5,0.2,12.4,0.1,0.8,3.5,85.5,0.0,1,0,0,0,0,3.38,E
PROD_00726,Dairy Product #726,Dairy & Cheese,177.1,22.4,14.5,0.0,30.0,5.4,391.9,6.7,0,0,1,0,0,5.25,C
PROD_00727,Grain/Legume #727,Whole Grains & Legumes,322.5,6.3,47.5,7.4,2.4,4.0,42.4,0.7,0,0,0,0,0,6.05,C
PROD_00728,Prepared Meal #728,Fast Food & Prepared Meals,605.3,26.3,75.7,4.2,30.2,8.8,677.1,13.7,0,0,0,0,0,6.49,C
PROD_00729,Superfood Oil/Nut #729,Superfoods & Healthy Oils,223.8,6.1,4.4,0.1,22.5,0.8,47.1,3.5,0,0,0,0,1,4.47,D
PROD_00730,Processed Snack #730,Processed Snacks & Sweets,437.9,3.8,58.1,0.7,28.9,38.1,393.1,7.8,1,1,0,0,0,2.19,E
PROD_00731,Lean Protein #731,Lean Proteins & Poultry,188.3,33.3,2.0,0.2,2.7,1.5,421.0,1.9,0,0,0,0,0,8.4,A
PROD_00732,Processed Snack #732,Processed Snacks & Sweets,430.6,2.4,69.2,1.7,14.7,29.1,398.3,7.9,1,0,0,1,0,1.0,E
PROD_00733,Nutrition Shake/Supplement #733,Dietary Supplements & Shakes,153.7,31.8,3.5,3.5,4.4,3.5,260.7,1.8,0,0,1,0,0,7.07,B
PROD_00734,Superfood Oil/Nut #734,Superfoods & Healthy Oils,124.8,4.2,4.6,4.6,19.3,1.6,27.4,1.1,0,0,0,0,1,5.42,C
PROD_00735,Condiment #735,Condiments & Sauces,110.0,1.9,30.4,0.3,4.0,6.4,1307.0,2.6,0,0,0,0,0,1.0,E
PROD_00736,Superfood Oil/Nut #736,Superfoods & Healthy Oils,257.2,3.1,4.1,0.5,21.9,1.7,35.9,2.6,0,0,0,0,1,5.0,C
PROD_00737,Fresh Produce Item #737,Whole Foods & Produce,44.4,1.7,14.4,4.0,1.5,6.3,11.2,0.2,0,0,0,0,0,5.69,C
PROD_00738,Lean Protein #738,Lean Proteins & Poultry,124.3,35.0,4.4,0.1,6.2,1.8,375.7,2.1,0,0,0,0,0,7.73,B
PROD_00739,Prepared Meal #739,Fast Food & Prepared Meals,825.2,20.4,78.0,2.1,25.9,6.6,1545.2,7.1,0,0,0,0,0,3.51,D
PROD_00740,Condiment #740,Condiments & Sauces,114.5,2.0,32.9,1.3,16.0,13.6,988.9,2.7,1,0,0,0,0,1.84,E
PROD_00741,Beverage Item #741,Beverages & Drinks,60.0,1.1,41.4,0.3,0.3,32.3,97.6,0.0,1,0,0,1,0,1.0,E
PROD_00742,Nutrition Shake/Supplement #742,Dietary Supplements & Shakes,311.6,30.3,19.1,3.9,4.2,5.2,172.8,1.6,0,0,0,1,0,5.75,C
PROD_00743,Fresh Produce Item #743,Whole Foods & Produce,85.9,1.6,18.1,3.3,0.7,5.1,30.1,0.1,0,0,0,0,0,5.61,C
PROD_00744,Processed Snack #744,Processed Snacks & Sweets,487.2,5.3,37.7,1.2,14.3,20.9,706.0,2.8,1,1,0,1,0,1.0,E
PROD_00745,Processed Snack #745,Processed Snacks & Sweets,527.1,1.0,32.2,1.0,11.7,18.0,586.8,6.9,0,1,0,0,0,3.46,E
PROD_00746,Beverage Item #746,Beverages & Drinks,202.4,1.0,12.4,0.4,0.5,8.4,65.6,0.0,1,0,0,1,0,2.44,E
PROD_00747,Condiment #747,Condiments & Sauces,93.6,1.9,4.5,0.8,12.4,4.5,899.6,2.7,0,1,0,1,0,1.0,E
PROD_00748,Condiment #748,Condiments & Sauces,145.3,1.3,19.6,0.6,5.2,19.6,741.7,1.5,1,0,0,1,1,1.0,E
PROD_00749,Beverage Item #749,Beverages & Drinks,222.7,0.9,44.1,0.2,0.0,5.5,64.6,0.0,0,0,1,0,0,1.38,E
PROD_00750,Grain/Legume #750,Whole Grains & Legumes,182.1,11.4,32.6,8.0,3.1,4.2,83.4,0.8,0,0,0,0,0,8.37,A
PROD_00751,Processed Snack #751,Processed Snacks & Sweets,465.1,2.8,74.5,1.2,13.6,37.5,432.5,5.6,1,0,0,1,0,1.0,E
PROD_00752,Lean Protein #752,Lean Proteins & Poultry,153.4,33.0,3.3,0.4,9.1,0.7,166.1,2.1,0,0,0,0,1,8.58,A
PROD_00753,Prepared Meal #753,Fast Food & Prepared Meals,886.0,25.3,84.5,5.2,52.3,19.1,1319.0,12.5,0,0,0,0,0,6.86,B
PROD_00754,Prepared Meal #754,Fast Food & Prepared Meals,891.3,34.8,83.1,5.7,18.0,8.8,1118.3,15.9,0,0,0,1,0,4.12,D
PROD_00755,Prepared Meal #755,Fast Food & Prepared Meals,448.8,21.1,50.9,3.1,43.0,10.6,1199.6,5.4,0,0,0,0,0,5.31,C
PROD_00756,Lean Protein #756,Lean Proteins & Poultry,248.5,31.6,0.4,0.4,10.4,0.4,411.8,1.5,0,0,0,0,0,7.62,B
PROD_00757,Fresh Produce Item #757,Whole Foods & Produce,66.9,3.0,12.7,3.3,1.3,12.7,19.0,0.2,0,0,0,0,0,5.92,C
PROD_00758,Condiment #758,Condiments & Sauces,78.2,0.5,21.9,1.3,5.8,11.7,688.0,1.7,1,0,0,0,0,1.05,E
PROD_00759,Prepared Meal #759,Fast Food & Prepared Meals,862.6,29.9,66.2,5.2,31.2,7.5,834.6,11.1,0,0,0,0,0,5.78,C
PROD_00760,Condiment #760,Condiments & Sauces,159.1,0.2,10.1,1.0,7.4,10.1,557.6,0.0,1,0,0,0,0,2.2,E
PROD_00761,Condiment #761,Condiments & Sauces,149.1,1.3,13.2,0.1,10.4,13.2,313.1,1.9,1,0,0,1,0,1.0,E
PROD_00762,Processed Snack #762,Processed Snacks & Sweets,396.0,2.5,37.5,1.5,13.1,29.6,279.2,7.3,1,0,0,1,0,1.86,E
PROD_00763,Processed Snack #763,Processed Snacks & Sweets,469.5,1.7,67.5,0.5,12.7,32.3,393.9,11.8,1,0,0,1,0,1.0,E
PROD_00764,Dairy Product #764,Dairy & Cheese,193.4,18.6,18.0,0.0,10.6,10.1,464.8,4.8,0,0,0,0,0,6.14,C
PROD_00765,Dairy Product #765,Dairy & Cheese,391.1,6.3,11.6,0.0,19.3,3.9,132.1,15.5,0,0,0,0,0,3.29,E
PROD_00766,Nutrition Shake/Supplement #766,Dietary Supplements & Shakes,183.6,41.1,17.6,3.4,6.6,0.7,270.7,1.5,0,0,0,0,0,8.43,A
PROD_00767,Beverage Item #767,Beverages & Drinks,67.8,1.7,19.0,0.4,0.1,9.3,44.7,0.0,0,0,0,1,0,1.0,E
PROD_00768,Nutrition Shake/Supplement #768,Dietary Supplements & Shakes,124.7,23.7,16.5,6.6,8.2,7.7,51.7,0.9,1,0,1,0,0,7.26,B
PROD_00769,Condiment #769,Condiments & Sauces,132.2,0.3,29.5,0.9,10.5,6.7,288.9,1.4,0,1,0,0,0,1.77,E
PROD_00770,Lean Protein #770,Lean Proteins & Poultry,207.8,35.6,0.9,0.5,9.1,0.9,208.2,1.5,0,0,0,0,0,9.05,A
PROD_00771,Dairy Product #771,Dairy & Cheese,346.3,11.4,7.8,0.0,16.5,7.8,145.2,8.1,0,0,0,0,0,5.05,C
PROD_00772,Fresh Produce Item #772,Whole Foods & Produce,66.9,2.7,20.5,2.2,1.2,4.4,20.6,0.2,0,0,0,0,0,4.75,D
PROD_00773,Lean Protein #773,Lean Proteins & Poultry,116.2,29.8,2.1,0.5,10.2,0.2,331.6,1.5,0,0,0,0,0,7.23,B
PROD_00774,Nutrition Shake/Supplement #774,Dietary Supplements & Shakes,253.4,32.6,21.3,1.5,6.7,6.6,163.7,1.2,0,0,0,0,0,8.8,A
PROD_00775,Lean Protein #775,Lean Proteins & Poultry,232.1,23.9,1.0,0.7,5.2,1.0,113.1,1.3,0,0,0,0,1,8.46,A
PROD_00776,Processed Snack #776,Processed Snacks & Sweets,250.6,1.7,72.5,2.5,12.0,25.4,381.2,10.0,0,1,0,1,0,1.0,E
PROD_00777,Dairy Product #777,Dairy & Cheese,200.2,15.5,7.5,0.0,10.0,7.5,51.7,10.0,0,0,1,0,0,4.23,D
PROD_00778,Processed Snack #778,Processed Snacks & Sweets,285.3,1.8,68.7,1.7,16.9,26.8,781.8,10.6,0,1,0,0,0,1.0,E
PROD_00779,Grain/Legume #779,Whole Grains & Legumes,191.3,11.7,61.7,9.3,3.3,4.1,88.3,0.4,0,0,0,0,0,5.61,C
PROD_00780,Dairy Product #780,Dairy & Cheese,168.2,21.2,16.7,0.0,20.5,13.2,522.9,5.3,0,0,1,0,0,5.06,C
PROD_00781,Lean Protein #781,Lean Proteins & Poultry,204.1,39.6,2.7,0.6,3.6,0.6,114.8,1.2,0,0,0,0,0,9.95,A
PROD_00782,Nutrition Shake/Supplement #782,Dietary Supplements & Shakes,298.5,42.5,23.5,2.9,4.5,10.5,157.7,1.7,0,0,1,0,0,7.3,B
PROD_00783,Fresh Produce Item #783,Whole Foods & Produce,92.1,3.2,14.1,6.2,0.8,4.1,22.9,0.3,0,0,0,0,0,8.0,A
PROD_00784,Lean Protein #784,Lean Proteins & Poultry,155.6,38.0,0.4,0.4,1.7,0.4,234.9,1.7,0,0,0,0,0,8.73,A
PROD_00785,Fresh Produce Item #785,Whole Foods & Produce,104.4,3.9,13.8,4.4,1.7,7.5,29.8,0.1,0,0,0,0,0,8.48,A
PROD_00786,Fresh Produce Item #786,Whole Foods & Produce,44.0,2.3,18.4,7.5,1.1,14.6,47.4,0.4,0,0,0,0,0,4.55,D
PROD_00787,Lean Protein #787,Lean Proteins & Poultry,140.5,36.2,2.1,0.1,6.5,0.0,343.6,0.7,0,0,0,0,0,8.06,A
PROD_00788,Nutrition Shake/Supplement #788,Dietary Supplements & Shakes,257.1,37.1,6.0,6.0,7.7,2.9,105.8,0.8,0,0,0,0,0,9.61,A
PROD_00789,Grain/Legume #789,Whole Grains & Legumes,294.2,13.3,52.5,5.2,2.2,3.4,6.8,0.2,0,0,0,0,0,5.6,C
PROD_00790,Nutrition Shake/Supplement #790,Dietary Supplements & Shakes,176.8,35.1,17.1,7.5,7.8,7.9,152.5,2.1,0,0,0,1,0,9.31,A
PROD_00791,Fresh Produce Item #791,Whole Foods & Produce,31.6,2.7,23.8,2.0,1.5,10.5,38.0,0.2,0,0,0,0,0,3.94,D
PROD_00792,Fresh Produce Item #792,Whole Foods & Produce,57.2,1.1,13.4,6.8,1.0,9.0,49.8,0.2,0,0,0,0,0,4.89,D
PROD_00793,Fresh Produce Item #793,Whole Foods & Produce,111.1,0.6,13.6,2.3,0.3,10.6,34.1,0.0,0,0,0,0,1,6.03,C
PROD_00794,Lean Protein #794,Lean Proteins & Poultry,115.3,32.2,3.6,0.9,11.3,0.7,104.3,1.2,0,0,0,0,0,8.45,A
PROD_00795,Condiment #795,Condiments & Sauces,36.6,1.4,20.5,1.2,13.3,17.9,1383.7,1.6,1,0,0,0,0,2.28,E
PROD_00796,Processed Snack #796,Processed Snacks & Sweets,375.6,2.4,59.2,2.3,27.0,27.7,796.4,11.8,0,0,0,1,0,2.57,E
PROD_00797,Lean Protein #797,Lean Proteins & Poultry,167.3,42.4,0.8,0.8,2.7,0.0,406.0,1.2,0,0,0,0,0,8.32,A
PROD_00798,Nutrition Shake/Supplement #798,Dietary Supplements & Shakes,189.9,39.7,18.0,6.5,7.6,1.5,236.9,0.5,1,0,0,0,0,8.1,A
PROD_00799,Dairy Product #799,Dairy & Cheese,348.3,24.0,15.9,0.0,17.0,6.7,134.2,8.8,0,0,0,0,0,5.82,C
PROD_00800,Dairy Product #800,Dairy & Cheese,371.5,9.3,6.6,0.0,18.0,5.7,168.0,12.2,1,0,1,0,0,2.72,E
PROD_00801,Fresh Produce Item #801,Whole Foods & Produce,94.8,2.5,21.4,5.4,1.9,4.8,37.1,0.2,0,0,0,0,0,7.07,B
PROD_00802,Condiment #802,Condiments & Sauces,149.0,1.4,26.1,0.2,12.9,19.4,1197.1,0.1,1,0,1,0,0,1.0,E
PROD_00803,Prepared Meal #803,Fast Food & Prepared Meals,928.1,35.7,72.8,4.1,29.2,4.3,622.3,14.6,0,1,0,1,0,3.26,E
PROD_00804,Grain/Legume #804,Whole Grains & Legumes,134.5,12.3,50.5,7.6,3.3,3.4,138.9,0.8,0,0,0,0,0,6.91,B
PROD_00805,Fresh Produce Item #805,Whole Foods & Produce,34.8,1.3,5.1,3.8,0.3,5.1,35.5,0.3,0,0,0,0,0,6.15,C
PROD_00806,Grain/Legume #806,Whole Grains & Legumes,159.7,17.0,43.8,11.3,4.7,2.9,74.0,0.8,0,0,0,0,0,7.7,B
PROD_00807,Nutrition Shake/Supplement #807,Dietary Supplements & Shakes,259.1,39.0,20.4,7.8,7.4,9.4,307.2,0.5,0,0,0,0,0,9.31,A
PROD_00808,Lean Protein #808,Lean Proteins & Poultry,119.3,44.4,4.8,0.1,6.2,0.4,244.1,3.0,0,0,0,0,0,8.68,A
PROD_00809,Dairy Product #809,Dairy & Cheese,119.8,17.0,12.6,0.0,15.7,12.6,411.0,5.7,0,0,0,0,0,6.25,C
PROD_00810,Fresh Produce Item #810,Whole Foods & Produce,69.8,3.4,7.5,7.1,1.8,7.5,22.9,0.1,0,0,0,0,0,6.23,C
PROD_00811,Beverage Item #811,Beverages & Drinks,43.2,1.8,45.1,0.5,0.3,45.1,50.5,0.0,1,0,0,0,0,1.0,E
PROD_00812,Lean Protein #812,Lean Proteins & Poultry,180.4,20.4,0.0,0.0,2.6,0.0,120.8,0.6,0,0,0,0,0,9.39,A
PROD_00813,Condiment #813,Condiments & Sauces,17.0,0.1,25.2,0.4,10.4,6.5,524.3,1.5,0,0,0,0,1,2.37,E
PROD_00814,Condiment #814,Condiments & Sauces,100.7,2.0,2.4,0.4,11.2,2.4,339.9,1.1,1,0,0,0,0,1.74,E
PROD_00815,Dairy Product #815,Dairy & Cheese,211.2,16.0,9.6,0.0,16.0,9.6,361.3,7.4,0,0,1,0,0,4.61,D
PROD_00816,Prepared Meal #816,Fast Food & Prepared Meals,876.4,31.3,89.0,5.2,54.6,7.5,567.1,8.7,1,0,0,0,0,4.35,D
PROD_00817,Fresh Produce Item #817,Whole Foods & Produce,111.3,0.6,12.0,6.3,1.6,7.4,5.8,0.3,0,0,0,0,1,7.1,B
PROD_00818,Dairy Product #818,Dairy & Cheese,131.7,13.1,15.6,0.0,27.0,7.4,399.4,14.3,0,0,0,0,0,4.23,D
PROD_00819,Lean Protein #819,Lean Proteins & Poultry,178.4,30.2,1.1,0.5,5.1,1.1,320.1,2.4,0,0,0,0,0,7.59,B
PROD_00820,Superfood Oil/Nut #820,Superfoods & Healthy Oils,135.1,2.4,0.8,0.8,11.7,0.8,1.0,1.7,0,0,0,0,1,5.16,C
PROD_00821,Dairy Product #821,Dairy & Cheese,285.9,6.3,15.8,0.0,7.2,13.7,49.5,7.2,0,0,0,1,0,2.44,E
PROD_00822,Beverage Item #822,Beverages & Drinks,150.1,1.7,40.7,0.0,0.3,15.8,110.7,0.0,0,0,0,1,0,1.0,E
PROD_00823,Lean Protein #823,Lean Proteins & Poultry,182.7,41.4,2.0,0.9,4.0,0.6,71.2,2.9,0,0,0,0,0,8.74,A
PROD_00824,Fresh Produce Item #824,Whole Foods & Produce,37.5,2.1,21.2,7.0,0.9,8.7,6.5,0.3,0,0,0,0,0,4.24,D
PROD_00825,Lean Protein #825,Lean Proteins & Poultry,179.7,31.4,2.6,0.1,6.9,0.5,123.7,0.7,0,0,0,0,0,9.67,A
PROD_00826,Condiment #826,Condiments & Sauces,88.6,0.8,19.8,0.4,16.0,10.0,377.0,0.3,1,0,0,1,0,1.0,E
PROD_00827,Lean Protein #827,Lean Proteins & Poultry,234.4,25.7,4.6,0.7,9.5,0.4,143.7,2.1,0,0,0,0,1,8.12,A
PROD_00828,Grain/Legume #828,Whole Grains & Legumes,341.6,14.7,50.8,13.0,2.9,2.8,171.0,0.7,0,0,0,0,0,7.59,B
PROD_00829,Dairy Product #829,Dairy & Cheese,304.1,15.5,4.7,0.0,23.5,4.7,212.6,6.1,0,0,0,0,0,7.71,B
PROD_00830,Lean Protein #830,Lean Proteins & Poultry,137.1,26.5,2.6,0.3,10.5,0.9,369.8,2.2,0,0,0,0,0,7.59,B
PROD_00831,Lean Protein #831,Lean Proteins & Poultry,168.7,20.4,1.8,0.3,6.8,0.7,340.5,2.0,0,0,0,0,1,7.56,B
PROD_00832,Superfood Oil/Nut #832,Superfoods & Healthy Oils,123.2,6.6,2.0,0.2,17.3,1.9,0.6,2.8,0,0,0,0,1,6.09,C
PROD_00833,Prepared Meal #833,Fast Food & Prepared Meals,460.6,17.5,51.3,2.9,35.1,16.8,1700.4,5.2,0,0,0,1,0,3.15,E
PROD_00834,Processed Snack #834,Processed Snacks & Sweets,542.7,1.4,71.5,1.7,21.7,39.4,384.3,6.6,1,1,0,0,0,1.0,E
PROD_00835,Fresh Produce Item #835,Whole Foods & Produce,35.3,2.0,7.0,5.7,0.4,7.0,5.3,0.2,0,0,0,0,0,7.65,B
PROD_00836,Beverage Item #836,Beverages & Drinks,130.6,0.3,15.1,0.4,0.8,15.1,50.5,0.0,1,0,0,1,0,1.0,E
PROD_00837,Processed Snack #837,Processed Snacks & Sweets,282.5,5.5,43.9,2.9,14.2,43.5,184.8,9.2,0,0,0,0,0,1.88,E
PROD_00838,Fresh Produce Item #838,Whole Foods & Produce,49.1,2.0,20.7,7.8,0.2,12.6,18.5,0.2,0,0,0,0,0,4.03,D
PROD_00839,Nutrition Shake/Supplement #839,Dietary Supplements & Shakes,177.8,25.0,3.8,2.0,8.4,3.8,284.2,1.1,0,0,0,0,0,8.14,A
PROD_00840,Fresh Produce Item #840,Whole Foods & Produce,66.3,2.2,23.5,5.1,1.0,9.5,36.0,0.1,0,0,0,0,0,3.44,E
PROD_00841,Superfood Oil/Nut #841,Superfoods & Healthy Oils,131.6,7.3,3.0,0.5,21.4,1.8,44.4,3.9,0,0,0,0,1,6.41,C
PROD_00842,Beverage Item #842,Beverages & Drinks,144.4,1.2,21.9,0.5,0.5,21.9,119.7,0.0,1,0,1,0,0,1.0,E
PROD_00843,Nutrition Shake/Supplement #843,Dietary Supplements & Shakes,275.0,16.5,21.8,5.6,4.8,4.5,55.8,2.2,0,0,1,0,0,6.49,C
PROD_00844,Grain/Legume #844,Whole Grains & Legumes,272.2,12.5,27.0,13.2,3.0,3.4,103.0,0.6,0,0,0,0,0,7.42,B
PROD_00845,Superfood Oil/Nut #845,Superfoods & Healthy Oils,145.4,2.6,7.8,0.8,14.8,1.2,30.5,1.5,0,0,0,0,1,5.22,C
PROD_00846,Fresh Produce Item #846,Whole Foods & Produce,52.4,3.8,21.5,6.2,0.3,7.4,30.2,0.1,0,0,0,0,0,6.22,C
PROD_00847,Beverage Item #847,Beverages & Drinks,179.0,0.4,17.6,0.2,0.7,17.6,51.4,0.0,1,0,0,0,0,3.94,D
PROD_00848,Dairy Product #848,Dairy & Cheese,218.5,8.7,15.2,0.0,30.0,10.7,249.6,4.6,0,0,0,0,0,5.3,C
PROD_00849,Superfood Oil/Nut #849,Superfoods & Healthy Oils,127.7,1.0,4.8,1.4,25.8,0.7,14.5,1.8,0,0,0,0,1,5.09,C
PROD_00850,Superfood Oil/Nut #850,Superfoods & Healthy Oils,187.9,4.7,0.2,0.1,19.4,0.2,47.1,1.5,0,0,0,0,1,4.62,D
PROD_00851,Dairy Product #851,Dairy & Cheese,96.7,14.3,12.0,0.0,27.4,11.6,167.1,9.9,0,0,0,0,0,5.0,C
PROD_00852,Dairy Product #852,Dairy & Cheese,158.3,6.9,15.6,0.0,3.3,15.1,422.8,3.3,0,0,1,0,0,3.3,E
PROD_00853,Grain/Legume #853,Whole Grains & Legumes,286.4,9.6,45.4,13.2,2.9,3.2,159.0,0.4,0,0,0,0,1,7.75,B
PROD_00854,Superfood Oil/Nut #854,Superfoods & Healthy Oils,189.1,4.6,4.1,3.6,14.9,0.2,27.8,2.0,0,0,0,0,1,6.02,C
PROD_00855,Superfood Oil/Nut #855,Superfoods & Healthy Oils,244.8,3.6,2.6,2.6,25.5,0.4,47.1,2.8,0,0,0,0,1,5.04,C
PROD_00856,Processed Snack #856,Processed Snacks & Sweets,403.9,1.4,70.1,0.6,24.5,37.0,769.5,3.0,0,0,0,1,0,1.15,E
PROD_00857,Superfood Oil/Nut #857,Superfoods & Healthy Oils,214.7,7.6,6.6,0.3,13.1,0.6,16.0,3.0,0,0,0,0,1,5.96,C
PROD_00858,Processed Snack #858,Processed Snacks & Sweets,255.7,3.2,48.1,1.9,20.8,36.7,481.4,3.5,0,1,0,1,0,2.83,E
PROD_00859,Processed Snack #859,Processed Snacks & Sweets,266.6,5.7,53.5,3.0,19.5,29.9,404.7,5.4,1,1,0,1,0,1.0,E
PROD_00860,Condiment #860,Condiments & Sauces,122.7,1.7,11.5,0.3,6.8,11.5,211.8,2.0,1,1,0,1,0,1.0,E
PROD_00861,Prepared Meal #861,Fast Food & Prepared Meals,687.9,27.4,73.4,3.7,14.7,10.0,698.2,13.5,1,0,0,1,0,2.56,E
PROD_00862,Lean Protein #862,Lean Proteins & Poultry,168.4,44.1,0.1,0.1,8.5,0.1,152.6,3.3,0,0,0,0,0,8.59,A
PROD_00863,Beverage Item #863,Beverages & Drinks,95.3,0.4,54.7,0.5,0.5,0.4,22.1,0.0,0,0,1,1,0,1.0,E
PROD_00864,Prepared Meal #864,Fast Food & Prepared Meals,475.0,25.6,68.3,4.8,23.0,10.6,941.4,17.4,0,0,0,0,0,4.15,D
PROD_00865,Fresh Produce Item #865,Whole Foods & Produce,64.9,2.2,10.1,5.2,0.7,10.1,26.2,0.2,0,0,0,0,0,5.93,C
PROD_00866,Nutrition Shake/Supplement #866,Dietary Supplements & Shakes,285.8,32.1,11.4,7.5,4.7,6.7,183.8,1.6,0,0,1,0,0,7.56,B
PROD_00867,Lean Protein #867,Lean Proteins & Poultry,209.7,30.6,3.3,0.3,2.2,0.8,234.7,1.3,0,0,0,0,0,8.36,A
PROD_00868,Beverage Item #868,Beverages & Drinks,136.2,1.9,35.9,0.0,0.4,7.9,111.7,0.0,1,0,0,1,0,1.0,E
PROD_00869,Lean Protein #869,Lean Proteins & Poultry,153.2,44.8,0.2,0.1,3.9,0.2,401.4,0.7,0,0,0,0,1,7.99,B
PROD_00870,Beverage Item #870,Beverages & Drinks,44.2,0.9,9.9,0.5,0.1,9.9,78.9,0.0,0,0,0,1,0,1.0,E
PROD_00871,Dairy Product #871,Dairy & Cheese,171.9,23.9,14.2,0.0,31.2,2.5,213.9,5.3,1,0,0,0,0,5.52,C
PROD_00872,Nutrition Shake/Supplement #872,Dietary Supplements & Shakes,158.9,40.5,6.6,6.1,5.4,6.6,215.8,0.6,0,0,1,0,0,7.95,B
PROD_00873,Superfood Oil/Nut #873,Superfoods & Healthy Oils,153.6,7.2,3.9,1.1,13.5,0.3,38.9,1.7,0,0,0,0,1,5.09,C
PROD_00874,Processed Snack #874,Processed Snacks & Sweets,206.5,5.2,37.9,1.8,13.8,35.8,358.9,9.4,1,0,1,1,0,1.0,E
PROD_00875,Processed Snack #875,Processed Snacks & Sweets,318.7,4.5,32.2,1.5,23.5,19.5,666.9,8.5,0,1,0,1,0,1.16,E
PROD_00876,Grain/Legume #876,Whole Grains & Legumes,130.5,16.7,35.8,12.3,4.2,1.2,91.3,0.6,0,0,0,0,0,8.91,A
PROD_00877,Processed Snack #877,Processed Snacks & Sweets,311.1,2.8,60.1,2.1,13.1,41.6,710.8,7.3,1,1,0,0,0,1.0,E
PROD_00878,Prepared Meal #878,Fast Food & Prepared Meals,559.2,31.9,40.8,3.1,48.3,5.2,1722.2,17.8,1,1,0,0,0,1.13,E
PROD_00879,Lean Protein #879,Lean Proteins & Poultry,218.7,28.0,1.8,0.3,4.2,1.8,304.2,1.0,0,0,0,0,0,8.82,A
PROD_00880,Beverage Item #880,Beverages & Drinks,13.3,1.9,7.7,0.3,0.5,1.4,111.7,0.0,0,0,0,1,0,1.43,E
PROD_00881,Grain/Legume #881,Whole Grains & Legumes,143.2,17.5,47.0,13.8,1.2,3.1,82.7,0.8,0,0,0,0,1,8.45,A
PROD_00882,Fresh Produce Item #882,Whole Foods & Produce,52.7,1.0,22.1,5.5,1.8,14.2,7.4,0.3,0,0,0,0,0,3.35,E
PROD_00883,Grain/Legume #883,Whole Grains & Legumes,153.0,11.4,36.5,6.2,4.1,2.8,113.6,0.5,0,0,0,0,0,8.12,A
PROD_00884,Nutrition Shake/Supplement #884,Dietary Supplements & Shakes,118.9,44.1,3.9,3.9,5.4,3.9,69.8,1.7,0,0,1,0,0,8.24,A
PROD_00885,Grain/Legume #885,Whole Grains & Legumes,184.5,16.0,41.2,15.6,1.3,2.5,113.4,0.5,0,0,0,0,0,8.51,A
PROD_00886,Condiment #886,Condiments & Sauces,61.9,1.6,4.6,1.3,1.7,4.6,632.9,1.7,1,1,0,1,0,1.0,E
PROD_00887,Condiment #887,Condiments & Sauces,125.2,1.1,28.1,0.7,5.4,5.3,977.1,2.8,1,1,0,0,0,1.0,E
PROD_00888,Lean Protein #888,Lean Proteins & Poultry,118.4,22.0,3.2,0.5,11.7,1.4,54.0,1.9,0,0,0,0,0,8.01,A
PROD_00889,Lean Protein #889,Lean Proteins & Poultry,226.8,30.5,2.9,0.9,10.6,0.7,133.6,2.8,0,0,0,0,0,8.52,A
PROD_00890,Superfood Oil/Nut #890,Superfoods & Healthy Oils,169.8,3.6,2.7,2.7,11.0,1.9,11.1,4.0,0,0,0,0,1,5.23,C
PROD_00891,Superfood Oil/Nut #891,Superfoods & Healthy Oils,149.9,1.3,7.6,4.6,12.9,0.8,41.6,3.0,0,0,0,0,1,7.51,B
PROD_00892,Lean Protein #892,Lean Proteins & Poultry,159.5,42.3,0.8,0.1,7.6,0.8,127.8,1.7,0,0,0,0,0,8.78,A
PROD_00893,Processed Snack #893,Processed Snacks & Sweets,255.6,5.6,30.1,2.7,27.4,22.5,607.8,4.9,0,0,0,1,0,2.91,E
PROD_00894,Nutrition Shake/Supplement #894,Dietary Supplements & Shakes,291.4,35.4,17.5,5.3,7.9,6.0,311.1,1.2,0,0,0,1,0,8.1,A
PROD_00895,Prepared Meal #895,Fast Food & Prepared Meals,702.9,35.9,67.8,3.8,23.1,13.8,639.8,16.2,0,0,0,1,0,4.71,D
PROD_00896,Dairy Product #896,Dairy & Cheese,360.0,23.6,12.7,0.0,30.0,7.6,621.3,13.9,1,0,0,0,0,5.13,C
PROD_00897,Grain/Legume #897,Whole Grains & Legumes,137.5,16.1,43.6,6.0,3.8,2.7,42.2,0.2,0,0,0,0,0,7.27,B
PROD_00898,Beverage Item #898,Beverages & Drinks,16.6,1.9,53.2,0.1,0.1,51.8,60.7,0.0,1,0,0,0,0,1.0,E
PROD_00899,Condiment #899,Condiments & Sauces,141.6,1.5,19.8,1.3,2.4,17.1,739.2,1.3,1,0,1,1,0,1.0,E
PROD_00900,Grain/Legume #900,Whole Grains & Legumes,203.6,12.1,46.3,7.9,4.6,2.2,13.9,0.4,0,0,0,0,0,7.23,B
PROD_00901,Beverage Item #901,Beverages & Drinks,131.5,1.5,13.0,0.0,0.2,13.0,65.7,0.0,1,0,0,1,0,1.88,E
PROD_00902,Dairy Product #902,Dairy & Cheese,286.9,24.1,14.7,0.0,4.2,6.7,327.0,4.2,0,0,0,0,0,7.08,B
PROD_00903,Beverage Item #903,Beverages & Drinks,65.4,1.7,46.0,0.2,0.7,5.7,96.8,0.0,0,0,1,0,0,1.0,E
PROD_00904,Beverage Item #904,Beverages & Drinks,228.7,0.8,10.3,0.4,0.4,10.3,114.5,0.0,1,0,0,1,0,2.2,E
PROD_00905,Grain/Legume #905,Whole Grains & Legumes,269.5,6.2,53.9,14.2,2.6,2.5,171.0,0.8,0,0,0,0,0,6.41,C
PROD_00906,Prepared Meal #906,Fast Food & Prepared Meals,579.4,23.6,50.4,4.5,28.9,18.1,614.1,5.6,1,1,0,0,0,2.59,E
PROD_00907,Superfood Oil/Nut #907,Superfoods & Healthy Oils,175.5,7.9,6.8,0.1,21.0,0.7,20.8,3.5,0,0,0,0,1,6.12,C
PROD_00908,Lean Protein #908,Lean Proteins & Poultry,202.8,36.8,1.3,0.3,10.3,1.3,181.6,2.1,0,0,0,0,1,8.95,A
PROD_00909,Grain/Legume #909,Whole Grains & Legumes,144.3,13.5,41.7,11.8,1.8,2.0,114.5,0.7,0,0,0,0,0,7.66,B
PROD_00910,Superfood Oil/Nut #910,Superfoods & Healthy Oils,124.9,6.8,7.2,4.0,20.5,1.3,49.5,1.3,0,0,0,0,1,6.67,B
PROD_00911,Nutrition Shake/Supplement #911,Dietary Supplements & Shakes,162.3,34.2,16.4,2.1,3.1,7.6,88.5,1.0,0,0,1,0,0,8.03,A
PROD_00912,Prepared Meal #912,Fast Food & Prepared Meals,942.8,12.2,61.2,2.7,18.9,20.4,1797.2,6.5,1,1,0,0,0,1.0,E
PROD_00913,Fresh Produce Item #913,Whole Foods & Produce,66.1,2.8,13.6,4.6,0.2,7.2,39.4,0.2,0,0,0,0,0,6.1,C
PROD_00914,Processed Snack #914,Processed Snacks & Sweets,203.6,4.2,47.7,1.2,22.5,39.5,513.0,2.8,0,0,0,0,0,4.77,D
PROD_00915,Prepared Meal #915,Fast Food & Prepared Meals,488.6,34.7,45.3,3.4,21.7,17.9,1090.4,8.9,0,0,0,0,0,6.32,C
PROD_00916,Fresh Produce Item #916,Whole Foods & Produce,59.8,3.4,13.0,2.2,1.7,9.1,20.2,0.1,0,0,0,0,0,5.46,C
PROD_00917,Grain/Legume #917,Whole Grains & Legumes,335.2,9.2,31.0,6.0,3.3,1.0,32.1,0.4,0,0,0,0,0,7.42,B
PROD_00918,Lean Protein #918,Lean Proteins & Poultry,146.7,26.1,4.8,0.0,10.7,0.4,428.9,1.5,0,0,0,0,0,7.84,B
PROD_00919,Prepared Meal #919,Fast Food & Prepared Meals,485.3,35.5,63.5,2.5,49.0,8.6,863.9,15.7,0,0,0,0,0,5.53,C
PROD_00920,Superfood Oil/Nut #920,Superfoods & Healthy Oils,272.7,2.1,5.7,0.3,11.9,1.0,23.2,3.9,0,0,0,0,1,5.31,C
PROD_00921,Condiment #921,Condiments & Sauces,153.3,1.5,23.9,0.2,11.5,21.8,1232.7,0.0,0,1,0,0,1,1.0,E
PROD_00922,Beverage Item #922,Beverages & Drinks,175.1,0.3,33.9,0.2,0.2,33.9,54.4,0.0,1,0,1,1,0,1.0,E
PROD_00923,Beverage Item #923,Beverages & Drinks,118.4,0.2,26.3,0.4,0.6,26.3,30.4,0.0,0,0,0,0,0,1.0,E
PROD_00924,Nutrition Shake/Supplement #924,Dietary Supplements & Shakes,194.3,37.8,11.2,2.7,7.0,5.3,344.4,1.2,0,0,0,1,0,7.48,B
PROD_00925,Nutrition Shake/Supplement #925,Dietary Supplements & Shakes,195.5,19.1,9.0,2.3,8.1,8.6,310.5,1.3,0,0,1,1,0,2.89,E
PROD_00926,Beverage Item #926,Beverages & Drinks,143.6,0.9,58.9,0.2,0.6,17.1,119.0,0.0,1,0,0,1,0,1.0,E
PROD_00927,Nutrition Shake/Supplement #927,Dietary Supplements & Shakes,251.4,24.7,15.0,2.0,4.9,10.6,176.4,2.2,0,0,1,0,0,4.62,D
PROD_00928,Nutrition Shake/Supplement #928,Dietary Supplements & Shakes,191.7,17.2,5.2,3.9,3.8,5.2,162.7,2.0,0,0,0,1,0,6.55,B
PROD_00929,Beverage Item #929,Beverages & Drinks,166.7,0.2,35.7,0.3,0.7,20.3,59.4,0.0,1,0,0,1,0,1.0,E
PROD_00930,Lean Protein #930,Lean Proteins & Poultry,156.5,42.5,0.5,0.1,4.6,0.5,303.2,2.2,0,0,0,0,0,9.13,A
PROD_00931,Dairy Product #931,Dairy & Cheese,212.7,6.3,15.8,0.0,8.1,10.7,55.2,8.1,0,0,0,0,0,5.51,C
PROD_00932,Fresh Produce Item #932,Whole Foods & Produce,47.6,0.8,17.5,4.0,1.4,2.4,11.0,0.3,0,0,0,0,0,4.9,D
PROD_00933,Nutrition Shake/Supplement #933,Dietary Supplements & Shakes,282.6,19.6,21.1,4.8,3.2,5.2,346.4,2.1,0,0,1,0,0,6.41,C
PROD_00934,Condiment #934,Condiments & Sauces,42.3,0.8,13.3,0.6,13.7,13.3,1328.4,0.9,1,0,0,0,1,1.95,E
PROD_00935,Fresh Produce Item #935,Whole Foods & Produce,35.6,2.1,18.9,8.0,0.7,8.7,44.6,0.2,0,0,0,0,0,4.49,D
PROD_00936,Dairy Product #936,Dairy & Cheese,278.8,6.1,16.9,0.0,13.5,7.6,146.2,8.4,0,0,0,0,0,4.53,D
PROD_00937,Nutrition Shake/Supplement #937,Dietary Supplements & Shakes,250.9,15.5,7.8,1.5,5.8,7.8,83.2,2.2,0,0,0,0,0,6.9,B
PROD_00938,Prepared Meal #938,Fast Food & Prepared Meals,561.7,28.8,67.8,4.8,27.9,12.1,587.7,5.0,0,1,0,0,1,4.16,D
PROD_00939,Beverage Item #939,Beverages & Drinks,131.6,1.9,10.8,0.4,0.8,10.8,76.8,0.0,0,0,0,0,0,4.47,D
PROD_00940,Nutrition Shake/Supplement #940,Dietary Supplements & Shakes,118.6,16.4,5.4,3.4,6.0,2.7,316.4,2.1,0,0,0,0,0,8.51,A
PROD_00941,Processed Snack #941,Processed Snacks & Sweets,516.5,1.6,72.7,1.9,14.7,28.4,476.1,2.7,1,0,0,1,0,1.0,E
PROD_00942,Condiment #942,Condiments & Sauces,102.2,1.9,12.6,0.7,14.6,12.6,519.0,0.5,0,0,0,1,0,1.86,E
PROD_00943,Lean Protein #943,Lean Proteins & Poultry,208.5,42.3,3.2,0.9,2.8,0.2,385.4,2.8,0,0,0,0,0,8.01,A
PROD_00944,Prepared Meal #944,Fast Food & Prepared Meals,821.5,20.4,37.2,5.6,19.7,13.9,820.0,4.9,1,1,0,1,0,1.0,E
PROD_00945,Fresh Produce Item #945,Whole Foods & Produce,57.6,2.0,23.6,7.5,1.5,13.5,19.4,0.2,0,0,0,0,0,3.38,E
PROD_00946,Fresh Produce Item #946,Whole Foods & Produce,36.7,3.4,15.1,7.3,1.8,2.3,22.2,0.3,0,0,0,0,0,8.82,A
PROD_00947,Lean Protein #947,Lean Proteins & Poultry,224.1,29.0,2.9,0.1,3.3,1.8,293.5,3.3,0,0,0,0,0,7.99,B
PROD_00948,Grain/Legume #948,Whole Grains & Legumes,326.2,17.0,33.6,5.5,2.2,3.6,190.5,0.3,0,0,0,0,1,7.68,B
PROD_00949,Superfood Oil/Nut #949,Superfoods & Healthy Oils,239.7,8.9,3.2,2.1,13.1,0.2,28.9,2.1,0,0,0,0,1,6.22,C
PROD_00950,Grain/Legume #950,Whole Grains & Legumes,338.5,11.6,27.4,13.0,2.3,3.4,59.5,0.7,0,0,0,0,0,7.73,B
PROD_00951,Nutrition Shake/Supplement #951,Dietary Supplements & Shakes,294.7,16.3,6.7,1.8,2.8,6.7,215.5,1.4,0,0,0,0,0,6.62,B
PROD_00952,Beverage Item #952,Beverages & Drinks,239.2,0.8,35.9,0.4,0.1,35.9,55.0,0.0,1,0,0,1,0,1.0,E
PROD_00953,Lean Protein #953,Lean Proteins & Poultry,182.6,39.2,0.8,0.8,9.5,0.1,57.5,3.4,0,0,0,0,1,9.09,A
PROD_00954,Fresh Produce Item #954,Whole Foods & Produce,34.9,3.0,9.2,3.8,1.0,7.8,36.9,0.3,0,0,0,0,0,6.95,B
PROD_00955,Condiment #955,Condiments & Sauces,168.3,0.9,27.4,0.9,5.6,27.4,246.0,0.5,0,1,0,0,1,1.54,E
PROD_00956,Fresh Produce Item #956,Whole Foods & Produce,62.9,2.3,21.2,7.0,1.8,8.6,36.2,0.1,0,0,0,0,0,5.35,C
PROD_00957,Processed Snack #957,Processed Snacks & Sweets,423.8,3.2,59.8,2.3,27.6,43.5,484.3,10.1,0,1,1,0,0,1.87,E
PROD_00958,Dairy Product #958,Dairy & Cheese,174.7,16.7,13.4,0.0,24.1,11.3,571.2,16.8,0,0,0,0,0,3.32,E
PROD_00959,Fresh Produce Item #959,Whole Foods & Produce,25.5,4.0,8.7,4.8,1.8,4.9,26.5,0.1,0,0,0,0,0,7.34,B
PROD_00960,Dairy Product #960,Dairy & Cheese,293.5,23.0,11.2,0.0,18.3,4.2,476.4,13.9,0,0,0,0,0,4.32,D
PROD_00961,Beverage Item #961,Beverages & Drinks,57.7,1.0,34.2,0.1,0.8,17.0,111.4,0.0,0,0,0,0,0,1.0,E
PROD_00962,Nutrition Shake/Supplement #962,Dietary Supplements & Shakes,153.3,22.3,22.3,2.4,7.4,5.8,349.7,2.2,0,0,0,0,0,7.31,B
PROD_00963,Lean Protein #963,Lean Proteins & Poultry,146.6,22.4,3.1,0.4,6.0,1.1,194.6,2.4,0,0,0,0,1,8.44,A
PROD_00964,Nutrition Shake/Supplement #964,Dietary Supplements & Shakes,298.5,38.7,12.0,5.0,7.4,3.6,237.9,2.2,0,0,0,0,0,9.7,A
PROD_00965,Condiment #965,Condiments & Sauces,36.5,0.2,2.7,0.9,11.3,2.7,677.7,1.0,0,0,0,0,0,3.84,D
PROD_00966,Nutrition Shake/Supplement #966,Dietary Supplements & Shakes,254.0,15.2,13.4,1.8,7.9,11.5,337.6,1.4,0,0,0,0,0,7.13,B
PROD_00967,Processed Snack #967,Processed Snacks & Sweets,243.4,3.5,45.2,1.2,9.5,41.6,599.7,3.7,1,0,0,1,0,1.0,E
PROD_00968,Beverage Item #968,Beverages & Drinks,114.7,0.9,0.7,0.5,0.6,0.7,111.2,0.0,0,0,0,0,0,6.78,B
PROD_00969,Dairy Product #969,Dairy & Cheese,349.5,21.6,5.7,0.0,5.9,5.7,220.6,5.9,1,0,1,0,0,4.27,D
PROD_00970,Fresh Produce Item #970,Whole Foods & Produce,102.5,2.9,13.8,4.3,1.6,8.7,36.7,0.4,0,0,0,0,0,7.63,B
PROD_00971,Fresh Produce Item #971,Whole Foods & Produce,49.8,3.1,12.4,3.0,0.3,6.3,11.1,0.1,0,0,0,0,0,5.58,C
PROD_00972,Prepared Meal #972,Fast Food & Prepared Meals,757.1,36.8,65.7,5.6,53.7,19.2,868.2,6.7,0,0,0,0,0,6.08,C
PROD_00973,Fresh Produce Item #973,Whole Foods & Produce,67.2,1.4,18.6,7.2,0.8,12.9,24.4,0.2,0,0,0,0,1,4.83,D
PROD_00974,Dairy Product #974,Dairy & Cheese,81.2,16.1,3.7,0.0,14.4,3.7,208.2,5.0,0,0,0,1,0,5.01,C
PROD_00975,Lean Protein #975,Lean Proteins & Poultry,115.3,44.4,0.0,0.0,4.7,0.0,176.8,2.5,0,0,0,0,1,9.27,A
PROD_00976,Processed Snack #976,Processed Snacks & Sweets,237.3,1.6,70.7,1.8,25.4,15.8,753.0,10.3,1,0,0,1,0,1.0,E
PROD_00977,Dairy Product #977,Dairy & Cheese,347.7,9.3,3.1,0.0,14.6,3.1,561.5,14.6,0,0,1,0,0,1.62,E
PROD_00978,Processed Snack #978,Processed Snacks & Sweets,288.4,5.8,31.4,2.9,12.8,13.6,340.1,10.0,0,1,0,0,0,3.53,D
PROD_00979,Dairy Product #979,Dairy & Cheese,350.2,14.6,13.6,0.0,5.8,7.5,639.8,5.8,0,0,0,0,0,5.63,C
PROD_00980,Superfood Oil/Nut #980,Superfoods & Healthy Oils,201.6,4.2,3.2,1.1,10.3,1.1,10.6,1.6,0,0,0,0,1,5.25,C
PROD_00981,Processed Snack #981,Processed Snacks & Sweets,426.4,5.7,49.3,1.3,29.5,40.5,360.0,6.9,1,1,0,1,0,1.0,E
PROD_00982,Lean Protein #982,Lean Proteins & Poultry,171.8,36.8,0.2,0.2,7.3,0.2,130.6,2.9,0,0,0,0,1,9.09,A
PROD_00983,Fresh Produce Item #983,Whole Foods & Produce,78.8,2.6,16.0,3.6,0.6,3.8,43.2,0.3,0,0,0,0,0,7.06,B
PROD_00984,Beverage Item #984,Beverages & Drinks,11.9,0.7,7.1,0.0,0.1,7.1,85.6,0.0,1,0,0,1,0,1.0,E
PROD_00985,Nutrition Shake/Supplement #985,Dietary Supplements & Shakes,140.9,18.3,18.9,2.9,7.7,11.9,73.0,1.4,0,0,0,0,0,6.78,B
PROD_00986,Fresh Produce Item #986,Whole Foods & Produce,117.5,1.6,23.5,3.6,2.0,10.7,25.9,0.3,0,0,0,0,0,5.28,C
PROD_00987,Nutrition Shake/Supplement #987,Dietary Supplements & Shakes,151.1,41.4,21.4,2.6,1.8,9.8,234.7,0.7,0,0,0,0,0,8.92,A
PROD_00988,Superfood Oil/Nut #988,Superfoods & Healthy Oils,124.5,1.1,1.0,1.0,17.7,1.0,6.9,3.0,0,0,0,0,1,8.0,A
PROD_00989,Condiment #989,Condiments & Sauces,63.6,0.0,4.6,0.6,2.8,4.6,953.8,1.6,1,0,0,0,0,1.0,E
PROD_00990,Prepared Meal #990,Fast Food & Prepared Meals,395.1,21.0,71.9,5.3,21.5,11.6,979.1,11.2,0,0,0,0,0,5.48,C
PROD_00991,Grain/Legume #991,Whole Grains & Legumes,221.0,6.9,53.6,12.7,3.5,2.8,89.6,0.7,0,0,0,0,0,6.04,C
PROD_00992,Beverage Item #992,Beverages & Drinks,107.9,1.6,9.7,0.1,0.7,9.7,97.2,0.0,1,0,0,1,0,2.22,E
PROD_00993,Dairy Product #993,Dairy & Cheese,355.8,23.7,16.3,0.0,25.5,12.1,201.5,12.6,0,0,0,0,0,6.49,C
PROD_00994,Prepared Meal #994,Fast Food & Prepared Meals,395.2,13.9,46.8,3.7,46.2,12.7,902.9,5.2,0,1,0,0,0,4.17,D
PROD_00995,Beverage Item #995,Beverages & Drinks,77.4,0.1,2.0,0.3,0.6,2.0,93.9,0.0,1,0,0,1,0,1.71,E
PROD_00996,Condiment #996,Condiments & Sauces,20.5,0.2,8.9,1.5,12.0,8.9,1131.4,1.6,0,0,0,0,0,3.64,D
PROD_00997,Superfood Oil/Nut #997,Superfoods & Healthy Oils,277.1,4.3,6.1,0.5,24.0,0.7,2.0,2.1,0,0,0,0,1,4.68,D
PROD_00998,Prepared Meal #998,Fast Food & Prepared Meals,450.6,33.8,92.6,1.7,17.2,19.9,1551.0,12.7,0,0,0,1,0,3.29,E
PROD_00999,Beverage Item #999,Beverages & Drinks,100.3,0.6,45.9,0.4,0.3,4.5,11.3,0.0,1,0,0,0,0,1.0,E
PROD_01000,Nutrition Shake/Supplement #1000,Dietary Supplements & Shakes,254.4,29.9,12.5,7.7,3.0,4.1,142.3,1.1,0,0,0,0,0,10.0,A
PROD_01001,Superfood Oil/Nut #1001,Superfoods & Healthy Oils,187.7,6.4,0.1,0.1,25.8,0.1,18.8,2.4,0,0,0,0,1,4.99,D
PROD_01002,Nutrition Shake/Supplement #1002,Dietary Supplements & Shakes,101.8,44.1,12.5,7.8,2.6,7.3,110.3,2.1,0,0,1,0,0,9.46,A
PROD_01003,Grain/Legume #1003,Whole Grains & Legumes,140.8,7.2,30.1,6.0,1.7,3.6,167.0,0.5,0,0,0,0,0,8.34,A
PROD_01004,Fresh Produce Item #1004,Whole Foods & Produce,87.9,2.1,21.2,2.9,1.6,2.8,13.7,0.3,0,0,0,0,0,4.85,D
PROD_01005,Prepared Meal #1005,Fast Food & Prepared Meals,678.2,36.8,64.8,3.3,33.8,18.2,1094.3,15.0,0,1,0,0,1,4.29,D
PROD_01006,Fresh Produce Item #1006,Whole Foods & Produce,58.8,1.5,21.8,2.3,0.9,6.8,17.8,0.5,0,0,0,0,0,4.0,D
PROD_01007,Beverage Item #1007,Beverages & Drinks,171.5,1.1,54.1,0.2,0.6,27.5,63.9,0.0,1,0,1,0,0,1.0,E
PROD_01008,Condiment #1008,Condiments & Sauces,104.3,1.9,6.0,1.1,2.3,6.0,902.6,2.2,1,0,0,0,0,1.98,E
PROD_01009,Lean Protein #1009,Lean Proteins & Poultry,185.7,24.7,0.9,0.6,8.7,0.2,99.1,2.2,0,0,0,0,0,7.97,B
PROD_01010,Fresh Produce Item #1010,Whole Foods & Produce,34.6,0.9,16.5,6.7,0.8,14.7,24.5,0.1,0,0,0,0,0,2.93,E
PROD_01011,Prepared Meal #1011,Fast Food & Prepared Meals,849.3,23.9,70.6,2.7,40.5,21.7,516.2,16.4,0,1,0,0,0,4.15,D
PROD_01012,Prepared Meal #1012,Fast Food & Prepared Meals,509.1,15.4,65.7,2.2,39.3,6.8,1228.5,15.6,1,0,0,0,0,1.81,E
PROD_01013,Prepared Meal #1013,Fast Food & Prepared Meals,359.2,33.2,53.0,2.2,23.3,12.4,1023.6,8.0,1,0,0,0,0,4.34,D
PROD_01014,Prepared Meal #1014,Fast Food & Prepared Meals,559.2,20.5,80.4,3.5,22.7,7.6,1609.9,13.5,0,0,0,0,1,2.51,E
PROD_01015,Condiment #1015,Condiments & Sauces,29.6,1.7,30.2,0.3,1.2,20.9,453.8,1.2,1,0,0,0,1,1.0,E
PROD_01016,Dairy Product #1016,Dairy & Cheese,373.3,11.7,12.0,0.0,26.8,9.2,478.0,7.3,0,0,0,0,0,5.87,C
PROD_01017,Dairy Product #1017,Dairy & Cheese,151.9,14.9,6.0,0.0,5.3,6.0,268.2,5.3,0,0,0,0,0,5.61,C
PROD_01018,Fresh Produce Item #1018,Whole Foods & Produce,30.2,3.4,18.0,4.4,0.1,9.7,5.6,0.0,0,0,0,0,0,4.82,D
PROD_01019,Dairy Product #1019,Dairy & Cheese,185.9,24.1,7.3,0.0,19.4,7.3,281.7,5.3,0,0,0,1,0,5.61,C
PROD_01020,Prepared Meal #1020,Fast Food & Prepared Meals,917.5,17.7,50.4,2.0,38.8,16.2,1318.0,16.1,0,1,0,1,0,2.26,E
PROD_01021,Nutrition Shake/Supplement #1021,Dietary Supplements & Shakes,216.8,35.5,17.0,7.2,5.9,9.5,124.6,1.9,0,0,1,0,0,9.43,A
PROD_01022,Prepared Meal #1022,Fast Food & Prepared Meals,428.1,37.2,83.7,2.0,19.0,14.7,915.6,4.5,0,0,0,1,0,4.03,D
PROD_01023,Superfood Oil/Nut #1023,Superfoods & Healthy Oils,181.0,7.7,7.3,0.4,21.4,1.4,26.7,3.0,0,0,0,0,1,5.98,C
PROD_01024,Nutrition Shake/Supplement #1024,Dietary Supplements & Shakes,237.6,29.9,9.1,4.3,7.3,9.1,244.9,1.4,0,0,1,1,0,5.95,C
PROD_01025,Superfood Oil/Nut #1025,Superfoods & Healthy Oils,192.2,5.8,7.2,4.3,26.0,0.5,1.7,1.8,0,0,0,0,1,6.17,C
PROD_01026,Condiment #1026,Condiments & Sauces,28.5,0.3,7.1,0.9,13.2,7.1,1328.8,0.6,1,0,0,0,0,1.91,E
PROD_01027,Prepared Meal #1027,Fast Food & Prepared Meals,522.1,20.4,68.8,2.8,17.9,7.0,684.8,15.8,0,0,0,0,0,4.04,D
PROD_01028,Fresh Produce Item #1028,Whole Foods & Produce,47.9,2.9,6.7,3.5,1.7,6.7,8.1,0.0,0,0,0,0,1,7.33,B
PROD_01029,Beverage Item #1029,Beverages & Drinks,69.8,0.5,44.2,0.0,0.5,43.7,39.3,0.0,0,0,0,0,0,1.0,E
PROD_01030,Fresh Produce Item #1030,Whole Foods & Produce,40.1,2.2,9.4,5.6,1.2,6.9,43.8,0.3,0,0,0,0,0,7.25,B
PROD_01031,Condiment #1031,Condiments & Sauces,140.9,1.5,10.1,1.1,13.5,10.1,452.5,1.6,0,0,0,0,0,4.04,D
PROD_01032,Prepared Meal #1032,Fast Food & Prepared Meals,685.9,30.1,42.1,2.6,19.7,11.0,833.6,14.3,1,0,0,1,0,3.21,E
PROD_01033,Processed Snack #1033,Processed Snacks & Sweets,507.0,1.9,65.9,1.6,15.2,17.2,258.9,8.8,0,1,0,1,0,1.0,E
PROD_01034,Nutrition Shake/Supplement #1034,Dietary Supplements & Shakes,284.2,33.4,6.8,1.1,1.7,6.3,270.3,0.7,0,0,1,1,0,5.85,C
PROD_01035,Condiment #1035,Condiments & Sauces,69.0,1.3,7.7,0.4,8.4,7.3,906.4,2.8,0,0,0,0,1,2.7,E
PROD_01036,Condiment #1036,Condiments & Sauces,30.6,0.6,2.6,0.2,14.6,2.6,1162.3,2.2,0,0,0,0,0,3.65,D
PROD_01037,Fresh Produce Item #1037,Whole Foods & Produce,39.3,2.7,13.4,5.7,1.5,9.1,33.2,0.5,0,0,0,0,0,5.98,C
PROD_01038,Processed Snack #1038,Processed Snacks & Sweets,262.5,2.9,51.1,1.5,11.9,42.5,645.5,7.1,0,0,0,1,0,1.0,E
PROD_01039,Grain/Legume #1039,Whole Grains & Legumes,215.7,14.3,52.8,9.7,3.8,2.8,195.5,0.3,0,0,0,0,0,7.51,B
PROD_01040,Prepared Meal #1040,Fast Food & Prepared Meals,844.3,24.5,75.4,3.5,36.9,5.0,1390.0,4.7,0,0,0,1,0,3.69,D
PROD_01041,Prepared Meal #1041,Fast Food & Prepared Meals,633.7,31.5,71.7,2.0,30.3,13.1,1794.4,6.5,0,0,0,1,0,2.55,E
PROD_01042,Beverage Item #1042,Beverages & Drinks,205.1,2.0,19.1,0.1,0.8,19.1,21.0,0.0,0,0,1,0,0,3.68,D
PROD_01043,Beverage Item #1043,Beverages & Drinks,157.6,1.8,24.0,0.1,0.3,24.0,72.9,0.0,1,0,1,1,0,1.0,E
PROD_01044,Grain/Legume #1044,Whole Grains & Legumes,235.3,12.5,44.7,13.8,3.7,1.1,72.6,0.5,0,0,0,0,0,7.97,B
PROD_01045,Dairy Product #1045,Dairy & Cheese,279.8,14.9,5.5,0.0,12.7,5.5,357.3,8.8,0,0,0,0,0,6.41,C
PROD_01046,Dairy Product #1046,Dairy & Cheese,216.2,7.2,10.9,0.0,8.0,10.9,361.4,8.0,0,0,0,0,0,4.07,D
PROD_01047,Beverage Item #1047,Beverages & Drinks,120.4,1.7,47.7,0.5,0.1,14.8,18.8,0.0,0,0,1,1,0,1.0,E
PROD_01048,Prepared Meal #1048,Fast Food & Prepared Meals,642.2,23.1,60.5,5.4,30.2,10.0,907.0,6.8,0,1,0,0,0,5.0,C
PROD_01049,Superfood Oil/Nut #1049,Superfoods & Healthy Oils,211.9,7.5,6.3,4.5,19.9,1.9,49.8,1.3,0,0,0,0,1,7.0,B
PROD_01050,Processed Snack #1050,Processed Snacks & Sweets,386.3,5.7,60.7,2.1,23.7,42.3,311.5,8.3,1,1,0,1,0,1.0,E
PROD_01051,Fresh Produce Item #1051,Whole Foods & Produce,67.9,3.4,15.7,4.0,1.4,11.3,30.1,0.0,0,0,0,0,0,5.15,C
PROD_01052,Superfood Oil/Nut #1052,Superfoods & Healthy Oils,229.1,2.7,0.9,0.9,22.5,0.9,9.5,2.8,0,0,0,0,1,8.15,A
PROD_01053,Prepared Meal #1053,Fast Food & Prepared Meals,859.7,28.0,52.5,3.4,43.0,21.5,1655.7,8.8,0,1,0,1,0,2.05,E
PROD_01054,Processed Snack #1054,Processed Snacks & Sweets,539.9,5.4,72.5,0.8,27.1,16.3,561.4,9.3,1,0,1,1,0,1.0,E
PROD_01055,Lean Protein #1055,Lean Proteins & Poultry,134.0,21.6,2.2,0.9,2.3,0.7,409.9,0.9,0,0,0,0,0,7.58,B
PROD_01056,Prepared Meal #1056,Fast Food & Prepared Meals,395.0,14.9,58.0,5.7,42.4,19.6,944.7,4.6,0,1,0,0,0,4.02,D
PROD_01057,Nutrition Shake/Supplement #1057,Dietary Supplements & Shakes,152.1,41.3,21.0,5.3,9.0,9.0,114.8,2.2,0,0,1,0,0,7.67,B
PROD_01058,Grain/Legume #1058,Whole Grains & Legumes,258.1,16.4,63.1,12.4,3.2,0.5,12.8,0.4,0,0,0,0,0,7.71,B
PROD_01059,Fresh Produce Item #1059,Whole Foods & Produce,89.6,1.4,14.5,3.8,0.7,5.4,38.9,0.2,0,0,0,0,0,7.73,B
PROD_01060,Beverage Item #1060,Beverages & Drinks,234.2,0.7,12.5,0.5,0.2,12.5,26.5,0.0,0,0,1,0,0,2.82,E
PROD_01061,Condiment #1061,Condiments & Sauces,179.8,1.2,3.4,0.9,4.9,1.9,1185.0,0.8,0,0,0,0,0,4.07,D
PROD_01062,Condiment #1062,Condiments & Sauces,126.3,0.8,30.5,0.3,9.8,26.7,950.5,2.5,0,0,0,1,1,1.0,E
PROD_01063,Processed Snack #1063,Processed Snacks & Sweets,234.7,4.8,56.8,1.2,13.6,44.2,710.6,10.2,1,0,0,0,0,1.0,E
PROD_01064,Lean Protein #1064,Lean Proteins & Poultry,152.2,25.0,3.9,0.7,8.2,0.8,413.6,3.4,0,0,0,0,1,7.54,B
PROD_01065,Fresh Produce Item #1065,Whole Foods & Produce,29.3,1.7,6.8,4.9,1.5,6.8,13.8,0.3,0,0,0,0,0,7.7,B
PROD_01066,Fresh Produce Item #1066,Whole Foods & Produce,59.4,1.1,22.3,4.4,1.9,13.0,21.9,0.3,0,0,0,0,1,3.59,D
PROD_01067,Grain/Legume #1067,Whole Grains & Legumes,273.8,17.9,62.5,5.0,4.5,0.8,190.8,0.4,0,0,0,0,0,6.03,C
PROD_01068,Superfood Oil/Nut #1068,Superfoods & Healthy Oils,179.5,6.4,7.4,4.1,15.4,0.9,4.1,1.3,0,0,0,0,1,7.02,B
PROD_01069,Nutrition Shake/Supplement #1069,Dietary Supplements & Shakes,216.6,22.9,17.1,5.9,3.7,9.2,111.7,1.6,0,0,0,0,0,9.54,A
PROD_01070,Lean Protein #1070,Lean Proteins & Poultry,184.5,30.9,1.9,0.8,3.8,1.5,353.0,1.8,0,0,0,0,0,7.98,B
PROD_01071,Prepared Meal #1071,Fast Food & Prepared Meals,560.8,26.9,87.1,5.7,27.8,5.2,1019.2,9.5,0,0,0,0,0,6.42,C
PROD_01072,Fresh Produce Item #1072,Whole Foods & Produce,105.7,4.0,15.2,4.1,0.5,2.1,27.9,0.3,0,0,0,0,0,7.87,B
PROD_01073,Nutrition Shake/Supplement #1073,Dietary Supplements & Shakes,151.0,31.3,7.8,5.6,8.3,1.5,115.0,2.2,0,0,1,0,0,7.79,B
PROD_01074,Prepared Meal #1074,Fast Food & Prepared Meals,853.8,21.4,60.6,5.9,46.1,20.1,1042.3,7.3,0,0,0,1,0,4.29,D
PROD_01075,Prepared Meal #1075,Fast Food & Prepared Meals,711.9,15.8,78.6,2.4,31.8,15.6,817.1,9.4,0,0,0,0,1,4.63,D
PROD_01076,Grain/Legume #1076,Whole Grains & Legumes,278.3,10.0,31.8,11.4,2.9,3.8,91.1,0.5,0,0,0,0,0,7.42,B
PROD_01077,Prepared Meal #1077,Fast Food & Prepared Meals,887.9,33.7,37.8,5.8,19.3,4.6,1009.4,6.7,1,1,0,1,0,1.56,E
PROD_01078,Lean Protein #1078,Lean Proteins & Poultry,155.8,24.3,3.0,0.7,4.8,1.1,326.4,1.8,0,0,0,0,0,7.73,B
PROD_01079,Grain/Legume #1079,Whole Grains & Legumes,144.2,13.5,34.4,11.1,4.8,4.5,83.9,0.4,0,0,0,0,0,8.65,A
PROD_01080,Dairy Product #1080,Dairy & Cheese,80.4,12.2,5.5,0.0,31.2,5.5,253.3,3.6,0,0,0,0,0,6.03,C
PROD_01081,Prepared Meal #1081,Fast Food & Prepared Meals,730.3,26.1,90.6,5.7,35.0,9.5,1070.4,6.6,0,0,0,1,0,4.85,D
PROD_01082,Superfood Oil/Nut #1082,Superfoods & Healthy Oils,164.9,6.4,7.4,1.7,15.9,1.1,12.3,3.0,0,0,0,0,1,5.98,C
PROD_01083,Condiment #1083,Condiments & Sauces,173.6,0.4,12.3,0.8,15.5,12.3,1092.6,2.6,1,0,0,0,1,2.38,E
PROD_01084,Nutrition Shake/Supplement #1084,Dietary Supplements & Shakes,281.3,31.6,9.5,2.4,4.2,8.2,184.1,2.4,0,0,1,1,0,5.09,C
PROD_01085,Beverage Item #1085,Beverages & Drinks,55.4,1.6,35.5,0.1,0.5,22.3,106.0,0.0,1,0,0,0,0,1.0,E
PROD_01086,Nutrition Shake/Supplement #1086,Dietary Supplements & Shakes,154.4,15.5,16.6,4.2,5.8,10.8,341.0,1.8,0,0,1,1,0,4.82,D
PROD_01087,Nutrition Shake/Supplement #1087,Dietary Supplements & Shakes,117.5,29.8,10.9,7.1,8.1,8.6,246.7,2.0,0,0,0,0,0,10.0,A
PROD_01088,Superfood Oil/Nut #1088,Superfoods & Healthy Oils,207.8,4.8,0.4,0.0,27.8,0.4,18.3,2.4,0,0,0,0,1,5.08,C
PROD_01089,Nutrition Shake/Supplement #1089,Dietary Supplements & Shakes,224.4,35.8,19.9,7.3,4.2,11.4,241.2,2.1,0,0,1,1,0,8.03,A
PROD_01090,Grain/Legume #1090,Whole Grains & Legumes,323.4,15.1,62.3,7.4,4.3,3.6,174.6,0.8,0,0,0,0,0,6.62,B
PROD_01091,Lean Protein #1091,Lean Proteins & Poultry,138.7,37.1,2.8,0.2,11.0,0.6,218.4,1.1,0,0,0,0,0,7.84,B
PROD_01092,Superfood Oil/Nut #1092,Superfoods & Healthy Oils,183.0,6.8,1.7,1.7,10.1,1.5,31.3,3.5,0,0,0,0,1,5.97,C
PROD_01093,Nutrition Shake/Supplement #1093,Dietary Supplements & Shakes,275.9,34.4,3.1,2.8,5.2,3.1,69.7,1.9,0,0,0,1,0,6.87,B
PROD_01094,Processed Snack #1094,Processed Snacks & Sweets,456.9,2.6,45.6,1.0,17.8,13.7,345.2,7.5,0,0,0,1,0,3.53,D
PROD_01095,Fresh Produce Item #1095,Whole Foods & Produce,27.5,0.8,18.7,4.6,1.7,11.0,5.4,0.3,0,0,0,0,1,4.19,D
PROD_01096,Prepared Meal #1096,Fast Food & Prepared Meals,648.5,36.6,61.7,4.5,42.2,19.7,495.7,9.7,0,0,0,0,0,6.12,C
PROD_01097,Condiment #1097,Condiments & Sauces,123.3,0.3,3.8,0.2,16.7,3.8,1155.6,1.0,0,0,0,0,0,3.52,D
PROD_01098,Lean Protein #1098,Lean Proteins & Poultry,241.3,44.2,4.9,0.0,11.4,2.0,427.0,2.5,0,0,0,0,0,8.29,A
PROD_01099,Processed Snack #1099,Processed Snacks & Sweets,490.9,2.4,54.6,0.7,28.1,25.3,405.9,5.4,0,1,0,0,0,3.32,E
PROD_01100,Superfood Oil/Nut #1100,Superfoods & Healthy Oils,162.9,1.4,7.4,3.3,26.0,1.4,6.6,3.8,0,0,0,0,1,5.31,C
PROD_01101,Processed Snack #1101,Processed Snacks & Sweets,321.8,1.6,61.7,2.3,27.7,13.7,242.1,8.2,0,1,0,1,0,1.69,E
PROD_01102,Dairy Product #1102,Dairy & Cheese,217.3,10.3,9.3,0.0,30.6,9.3,128.6,2.5,0,0,0,0,0,6.4,C
PROD_01103,Condiment #1103,Condiments & Sauces,94.5,1.9,24.2,0.2,2.4,6.5,1120.1,0.9,1,0,0,1,1,1.0,E
PROD_01104,Dairy Product #1104,Dairy & Cheese,130.0,8.0,12.9,0.0,20.6,7.0,75.0,12.9,0,0,0,0,0,3.98,D
PROD_01105,Processed Snack #1105,Processed Snacks & Sweets,206.5,1.7,47.0,2.2,13.0,26.0,512.3,10.9,1,1,0,0,0,1.0,E
PROD_01106,Beverage Item #1106,Beverages & Drinks,8.1,1.0,17.9,0.4,0.6,17.9,54.9,0.0,1,0,1,0,0,1.0,E
PROD_01107,Condiment #1107,Condiments & Sauces,44.9,0.2,6.7,1.0,11.9,6.7,1102.2,1.3,0,0,0,0,0,4.2,D
PROD_01108,Lean Protein #1108,Lean Proteins & Poultry,157.3,32.5,3.4,1.0,3.0,1.7,163.7,2.3,0,0,0,0,0,9.28,A
PROD_01109,Condiment #1109,Condiments & Sauces,74.6,0.8,8.7,0.1,13.9,7.7,930.7,2.1,1,0,0,1,0,1.0,E
PROD_01110,Dairy Product #1110,Dairy & Cheese,368.0,23.6,14.8,0.0,20.8,3.8,419.6,3.0,0,0,0,0,0,7.06,B
PROD_01111,Lean Protein #1111,Lean Proteins & Poultry,228.1,32.8,3.9,0.2,7.5,2.0,166.4,2.9,0,0,0,0,0,8.65,A
PROD_01112,Prepared Meal #1112,Fast Food & Prepared Meals,835.5,20.9,58.3,4.9,17.0,19.6,1030.8,12.1,0,1,0,0,0,3.12,E
PROD_01113,Condiment #1113,Condiments & Sauces,169.6,0.0,31.5,0.5,5.6,7.2,580.4,0.6,0,0,1,1,0,1.0,E
PROD_01114,Grain/Legume #1114,Whole Grains & Legumes,339.9,17.9,57.3,7.1,1.8,2.0,67.0,1.0,0,0,0,0,0,6.88,B
PROD_01115,Nutrition Shake/Supplement #1115,Dietary Supplements & Shakes,140.9,42.3,21.2,2.1,8.0,3.6,74.3,1.8,0,0,1,0,0,6.7,B
PROD_01116,Lean Protein #1116,Lean Proteins & Poultry,190.8,36.9,3.8,0.3,3.0,1.9,80.6,0.8,0,0,0,0,0,9.24,A
PROD_01117,Fresh Produce Item #1117,Whole Foods & Produce,70.8,0.7,24.6,6.7,1.0,3.1,31.7,0.4,0,0,0,0,0,5.45,C
PROD_01118,Nutrition Shake/Supplement #1118,Dietary Supplements & Shakes,156.5,22.2,8.8,3.4,2.3,8.5,112.2,2.3,0,0,1,1,0,6.6,B
PROD_01119,Dairy Product #1119,Dairy & Cheese,151.2,19.5,3.4,0.0,24.5,3.4,193.0,6.3,0,0,0,0,0,7.29,B
PROD_01120,Lean Protein #1120,Lean Proteins & Poultry,193.3,41.3,0.0,0.0,7.8,0.0,405.9,1.4,0,0,0,0,0,8.26,A
PROD_01121,Prepared Meal #1121,Fast Food & Prepared Meals,424.0,32.9,35.6,2.9,21.2,14.6,793.2,7.6,0,0,0,1,0,5.24,C
PROD_01122,Condiment #1122,Condiments & Sauces,103.7,0.3,8.2,1.3,0.1,8.2,820.3,0.1,0,0,1,1,0,1.0,E
PROD_01123,Condiment #1123,Condiments & Sauces,136.7,0.3,18.9,0.4,2.9,12.5,357.2,2.1,1,0,1,1,0,1.0,E
PROD_01124,Fresh Produce Item #1124,Whole Foods & Produce,51.9,2.3,15.2,6.9,1.5,13.9,42.5,0.1,0,0,0,0,0,5.36,C
PROD_01125,Grain/Legume #1125,Whole Grains & Legumes,133.1,16.8,26.8,8.5,3.3,2.8,132.6,0.6,0,0,0,0,0,8.68,A
PROD_01126,Processed Snack #1126,Processed Snacks & Sweets,370.0,3.3,59.5,0.8,13.6,42.3,585.5,2.6,1,0,0,0,0,1.0,E
PROD_01127,Superfood Oil/Nut #1127,Superfoods & Healthy Oils,269.0,5.4,5.6,3.0,12.2,1.9,6.1,1.8,0,0,0,0,1,5.16,C
PROD_01128,Nutrition Shake/Supplement #1128,Dietary Supplements & Shakes,182.9,42.7,3.8,3.8,3.2,3.8,91.8,1.7,0,0,0,0,0,10.0,A
PROD_01129,Beverage Item #1129,Beverages & Drinks,80.3,0.8,56.0,0.1,0.1,18.9,92.1,0.0,0,0,0,0,0,2.45,E
PROD_01130,Prepared Meal #1130,Fast Food & Prepared Meals,364.4,28.9,47.6,4.6,26.7,19.7,904.8,12.7,0,0,0,0,0,5.52,C
PROD_01131,Lean Protein #1131,Lean Proteins & Poultry,123.1,25.3,1.2,0.9,2.3,0.9,263.0,2.3,0,0,0,0,0,8.04,A
PROD_01132,Grain/Legume #1132,Whole Grains & Legumes,203.8,10.4,45.3,9.0,4.1,4.9,119.0,0.6,0,0,0,0,0,7.08,B
PROD_01133,Processed Snack #1133,Processed Snacks & Sweets,440.0,4.4,31.2,2.7,15.4,31.2,643.9,8.7,1,0,1,0,0,1.92,E
PROD_01134,Grain/Legume #1134,Whole Grains & Legumes,186.9,9.4,63.4,9.2,1.0,1.8,28.3,0.3,0,0,0,0,1,5.7,C
PROD_01135,Prepared Meal #1135,Fast Food & Prepared Meals,463.6,21.4,86.7,3.4,51.5,13.0,988.4,14.5,1,1,0,0,0,2.51,E
PROD_01136,Superfood Oil/Nut #1136,Superfoods & Healthy Oils,248.0,8.8,7.5,3.7,22.5,0.7,5.2,2.7,0,0,0,0,1,5.41,C
PROD_01137,Dairy Product #1137,Dairy & Cheese,384.7,14.4,13.1,0.0,19.7,4.5,401.2,11.2,0,0,0,0,0,6.11,C
PROD_01138,Nutrition Shake/Supplement #1138,Dietary Supplements & Shakes,192.2,39.4,22.5,2.7,5.8,9.3,136.6,1.3,0,0,1,1,0,5.22,C
PROD_01139,Nutrition Shake/Supplement #1139,Dietary Supplements & Shakes,237.9,17.2,7.2,3.4,2.1,2.7,323.4,0.5,0,0,1,0,0,5.01,C
PROD_01140,Grain/Legume #1140,Whole Grains & Legumes,253.7,11.6,51.3,6.6,4.4,1.2,178.8,0.6,0,0,0,0,0,6.16,C
PROD_01141,Lean Protein #1141,Lean Proteins & Poultry,245.0,28.1,4.0,0.2,7.2,0.4,189.0,3.3,0,0,0,0,1,8.93,A
PROD_01142,Processed Snack #1142,Processed Snacks & Sweets,334.1,4.2,49.9,2.1,11.2,44.0,624.2,4.9,0,0,0,1,0,1.0,E
PROD_01143,Grain/Legume #1143,Whole Grains & Legumes,340.5,10.7,41.8,15.7,3.8,3.7,114.7,1.0,0,0,0,0,0,8.11,A
PROD_01144,Lean Protein #1144,Lean Proteins & Poultry,150.7,27.6,3.9,0.3,7.4,0.5,376.8,0.8,0,0,0,0,0,7.92,B
PROD_01145,Grain/Legume #1145,Whole Grains & Legumes,171.1,12.5,36.3,8.6,2.4,0.8,197.3,0.2,0,0,0,0,0,8.51,A
PROD_01146,Beverage Item #1146,Beverages & Drinks,161.7,1.5,41.4,0.1,0.7,15.4,13.2,0.0,1,0,0,1,0,1.0,E
PROD_01147,Nutrition Shake/Supplement #1147,Dietary Supplements & Shakes,126.0,26.1,6.3,2.8,2.6,6.3,269.6,1.6,0,0,0,0,0,8.98,A
PROD_01148,Nutrition Shake/Supplement #1148,Dietary Supplements & Shakes,202.4,42.8,3.2,2.7,2.3,3.2,146.0,2.2,0,0,0,0,0,9.05,A
PROD_01149,Fresh Produce Item #1149,Whole Foods & Produce,35.2,0.8,19.3,2.4,1.0,8.1,19.0,0.4,0,0,0,0,0,3.92,D
PROD_01150,Beverage Item #1150,Beverages & Drinks,220.4,1.6,58.6,0.1,0.1,28.6,101.2,0.0,1,0,0,0,0,1.0,E
PROD_01151,Condiment #1151,Condiments & Sauces,159.4,0.7,20.5,0.7,8.3,20.5,555.4,1.9,1,1,0,0,1,1.0,E
PROD_01152,Condiment #1152,Condiments & Sauces,92.3,1.8,27.3,1.2,14.6,18.4,749.6,2.6,0,1,1,0,0,1.0,E
PROD_01153,Processed Snack #1153,Processed Snacks & Sweets,336.1,1.6,33.6,0.9,13.5,28.1,606.0,11.9,1,0,0,1,0,1.0,E
PROD_01154,Superfood Oil/Nut #1154,Superfoods & Healthy Oils,232.8,3.6,4.6,3.0,15.7,0.7,38.1,2.7,0,0,0,0,1,5.0,C
PROD_01155,Beverage Item #1155,Beverages & Drinks,65.3,1.0,10.5,0.4,0.9,10.5,57.7,0.0,0,0,1,1,0,1.0,E
PROD_01156,Superfood Oil/Nut #1156,Superfoods & Healthy Oils,188.1,8.1,3.4,2.7,27.2,0.6,14.4,3.4,0,0,0,0,1,6.54,B
PROD_01157,Nutrition Shake/Supplement #1157,Dietary Supplements & Shakes,133.4,17.5,12.5,6.8,5.1,10.0,268.9,0.9,0,0,1,0,0,8.2,A
PROD_01158,Prepared Meal #1158,Fast Food & Prepared Meals,812.3,33.4,76.9,4.6,34.8,13.7,1452.6,7.5,1,0,0,1,0,1.52,E
PROD_01159,Condiment #1159,Condiments & Sauces,89.2,1.4,4.3,1.3,14.0,4.3,1121.6,0.0,1,1,0,0,0,1.0,E
PROD_01160,Nutrition Shake/Supplement #1160,Dietary Supplements & Shakes,109.4,27.8,5.7,4.0,4.8,5.7,317.8,2.1,0,0,0,0,0,9.13,A
PROD_01161,Superfood Oil/Nut #1161,Superfoods & Healthy Oils,183.2,6.2,3.5,3.5,22.9,0.3,2.4,3.6,0,0,0,0,1,7.02,B
PROD_01162,Beverage Item #1162,Beverages & Drinks,201.9,1.7,7.4,0.4,0.3,7.4,69.3,0.0,0,0,0,1,0,3.43,E
PROD_01163,Fresh Produce Item #1163,Whole Foods & Produce,54.1,3.9,16.6,7.9,0.8,7.9,19.6,0.1,0,0,0,0,0,6.05,C
PROD_01164,Beverage Item #1164,Beverages & Drinks,167.1,1.5,47.5,0.0,0.1,44.1,38.5,0.0,0,0,0,1,0,1.0,E
PROD_01165,Processed Snack #1165,Processed Snacks & Sweets,533.2,5.0,59.7,2.6,9.7,27.3,793.0,9.7,0,0,0,0,0,5.05,C
PROD_01166,Nutrition Shake/Supplement #1166,Dietary Supplements & Shakes,281.5,40.3,17.8,3.1,1.8,11.3,225.8,1.1,0,0,0,0,0,9.06,A
PROD_01167,Superfood Oil/Nut #1167,Superfoods & Healthy Oils,223.2,3.9,2.4,0.0,25.0,0.2,31.5,2.5,0,0,0,0,1,5.28,C
PROD_01168,Beverage Item #1168,Beverages & Drinks,185.6,0.1,2.3,0.2,0.1,2.3,68.3,0.0,1,0,1,0,0,3.52,D
PROD_01169,Superfood Oil/Nut #1169,Superfoods & Healthy Oils,217.7,2.8,4.9,3.1,23.2,1.2,48.5,1.6,0,0,0,0,1,8.52,A
PROD_01170,Nutrition Shake/Supplement #1170,Dietary Supplements & Shakes,121.9,26.4,19.9,5.9,1.8,6.8,76.5,1.8,0,0,1,0,0,9.22,A
PROD_01171,Superfood Oil/Nut #1171,Superfoods & Healthy Oils,176.6,6.8,3.5,3.3,16.1,0.6,21.2,1.4,0,0,0,0,1,6.84,B
PROD_01172,Grain/Legume #1172,Whole Grains & Legumes,346.8,15.9,64.8,6.9,1.6,2.8,129.5,0.3,0,0,0,0,0,6.36,C
PROD_01173,Grain/Legume #1173,Whole Grains & Legumes,220.4,13.2,50.4,5.5,5.0,2.1,17.0,0.9,0,0,0,0,0,6.12,C
PROD_01174,Grain/Legume #1174,Whole Grains & Legumes,258.7,8.6,60.6,15.9,1.3,4.4,81.2,0.6,0,0,0,0,0,7.11,B
PROD_01175,Grain/Legume #1175,Whole Grains & Legumes,187.7,8.6,28.2,11.2,1.1,2.4,19.3,0.5,0,0,0,0,1,7.84,B
PROD_01176,Condiment #1176,Condiments & Sauces,45.8,0.7,9.8,0.4,11.1,9.6,1012.6,2.8,0,0,0,1,1,2.18,E
PROD_01177,Fresh Produce Item #1177,Whole Foods & Produce,74.8,0.6,14.4,7.3,0.8,14.1,33.4,0.5,0,0,0,0,0,5.42,C
PROD_01178,Lean Protein #1178,Lean Proteins & Poultry,230.2,25.5,0.8,0.8,11.4,0.0,341.0,1.4,0,0,0,0,0,8.38,A
PROD_01179,Superfood Oil/Nut #1179,Superfoods & Healthy Oils,199.4,3.8,3.2,1.8,24.9,0.9,26.2,3.9,0,0,0,0,1,4.99,D
PROD_01180,Fresh Produce Item #1180,Whole Foods & Produce,85.6,2.6,9.6,5.9,0.7,9.6,34.4,0.1,0,0,0,0,0,6.25,C
PROD_01181,Prepared Meal #1181,Fast Food & Prepared Meals,551.3,25.7,75.8,4.9,21.1,14.2,1681.5,17.6,0,0,0,0,0,3.45,E
PROD_01182,Condiment #1182,Condiments & Sauces,21.9,1.4,4.0,0.7,14.9,4.0,378.9,3.0,0,0,0,1,0,4.75,D
PROD_01183,Beverage Item #1183,Beverages & Drinks,167.8,0.7,26.0,0.1,0.2,9.0,24.4,0.0,1,0,1,1,0,1.0,E
PROD_01184,Prepared Meal #1184,Fast Food & Prepared Meals,403.8,31.1,94.7,5.2,36.8,12.7,1577.3,17.1,0,0,0,0,0,5.12,C
PROD_01185,Beverage Item #1185,Beverages & Drinks,206.5,0.0,17.6,0.2,0.5,10.0,116.1,0.0,0,0,0,1,0,3.94,D
PROD_01186,Beverage Item #1186,Beverages & Drinks,84.3,0.0,58.6,0.0,0.9,17.2,74.6,0.0,0,0,1,1,0,1.0,E
PROD_01187,Lean Protein #1187,Lean Proteins & Poultry,182.3,28.3,1.4,0.7,2.8,1.4,361.7,1.1,0,0,0,0,0,7.77,B
PROD_01188,Dairy Product #1188,Dairy & Cheese,356.4,12.0,5.9,0.0,24.8,2.2,203.5,8.4,0,0,0,0,0,5.44,C
PROD_01189,Dairy Product #1189,Dairy & Cheese,276.8,21.6,10.7,0.0,9.3,9.6,266.4,9.3,0,0,0,0,0,5.93,C
PROD_01190,Condiment #1190,Condiments & Sauces,88.1,0.6,34.6,0.4,8.8,11.9,404.3,0.6,0,0,0,0,1,2.94,E
PROD_01191,Fresh Produce Item #1191,Whole Foods & Produce,32.7,3.6,6.0,5.3,1.6,3.5,23.2,0.0,0,0,0,0,0,9.2,A
PROD_01192,Dairy Product #1192,Dairy & Cheese,177.9,6.9,12.8,0.0,25.8,12.8,136.3,8.7,0,0,0,0,0,3.66,D
PROD_01193,Beverage Item #1193,Beverages & Drinks,91.9,0.4,38.6,0.5,0.0,29.8,73.1,0.0,0,0,0,0,0,1.0,E
PROD_01194,Processed Snack #1194,Processed Snacks & Sweets,538.3,4.2,65.2,1.8,21.7,44.6,435.0,3.1,0,0,0,0,0,4.93,D
PROD_01195,Nutrition Shake/Supplement #1195,Dietary Supplements & Shakes,181.9,33.3,9.0,5.9,2.6,1.7,210.5,1.6,0,0,0,0,0,10.0,A
PROD_01196,Grain/Legume #1196,Whole Grains & Legumes,143.6,16.7,59.8,8.9,4.6,3.2,162.2,0.5,0,0,0,0,1,6.7,B
PROD_01197,Condiment #1197,Condiments & Sauces,166.9,1.8,33.4,1.3,10.7,12.1,790.0,2.6,1,1,1,0,0,1.0,E
PROD_01198,Fresh Produce Item #1198,Whole Foods & Produce,109.0,0.6,13.1,7.6,0.8,8.0,49.2,0.1,0,0,0,0,1,6.99,B
PROD_01199,Dairy Product #1199,Dairy & Cheese,251.9,23.9,8.6,0.0,22.7,8.6,546.3,13.2,0,0,0,0,0,4.73,D
PROD_01200,Superfood Oil/Nut #1200,Superfoods & Healthy Oils,212.8,4.6,6.2,3.7,19.7,0.2,46.3,2.4,0,0,0,0,1,6.12,C
PROD_01201,Beverage Item #1201,Beverages & Drinks,161.7,0.4,50.2,0.1,0.2,22.4,90.4,0.0,0,0,0,0,0,1.0,E
PROD_01202,Grain/Legume #1202,Whole Grains & Legumes,158.8,10.1,52.0,6.1,1.5,0.8,199.2,0.5,0,0,0,0,0,5.17,C
PROD_01203,Condiment #1203,Condiments & Sauces,74.9,0.0,19.2,0.5,0.0,9.3,534.4,0.0,1,0,0,0,0,1.0,E
PROD_01204,Dairy Product #1204,Dairy & Cheese,166.0,13.8,13.4,0.0,17.9,13.4,489.6,11.6,0,0,0,0,0,3.72,D
PROD_01205,Dairy Product #1205,Dairy & Cheese,265.4,21.2,14.6,0.0,13.6,14.6,402.3,8.8,0,0,0,0,0,5.45,C
PROD_01206,Prepared Meal #1206,Fast Food & Prepared Meals,737.5,17.4,60.0,5.4,22.7,11.0,879.4,6.1,0,1,0,0,0,3.01,E
PROD_01207,Processed Snack #1207,Processed Snacks & Sweets,467.2,1.1,53.7,1.1,10.5,41.2,279.6,10.3,1,1,0,1,0,1.0,E
PROD_01208,Beverage Item #1208,Beverages & Drinks,112.0,0.8,53.4,0.2,0.1,52.1,111.3,0.0,0,0,0,1,0,1.0,E
PROD_01209,Fresh Produce Item #1209,Whole Foods & Produce,110.1,1.2,11.6,4.4,1.2,11.6,22.8,0.0,0,0,0,0,0,5.69,C
PROD_01210,Lean Protein #1210,Lean Proteins & Poultry,150.9,33.6,1.4,0.6,2.7,1.4,166.4,2.7,0,0,0,0,0,8.62,A
PROD_01211,Beverage Item #1211,Beverages & Drinks,28.4,1.6,21.8,0.4,0.5,21.8,109.8,0.0,0,0,0,0,0,1.06,E
PROD_01212,Prepared Meal #1212,Fast Food & Prepared Meals,487.5,18.5,67.1,4.1,51.3,10.9,1700.9,13.1,0,0,0,0,0,4.17,D
PROD_01213,Beverage Item #1213,Beverages & Drinks,116.5,0.4,7.5,0.2,0.1,7.5,15.4,0.0,1,0,0,1,0,1.6,E
PROD_01214,Dairy Product #1214,Dairy & Cheese,295.5,14.0,16.0,0.0,12.6,3.9,535.1,12.6,0,0,0,0,0,3.78,D
PROD_01215,Processed Snack #1215,Processed Snacks & Sweets,236.3,2.9,64.9,1.6,15.3,25.6,541.8,12.0,0,1,0,1,0,1.0,E
PROD_01216,Grain/Legume #1216,Whole Grains & Legumes,209.4,7.7,38.3,10.0,3.1,2.8,111.5,0.9,0,0,0,0,0,7.77,B
PROD_01217,Grain/Legume #1217,Whole Grains & Legumes,325.5,12.7,48.3,10.3,3.2,1.4,111.6,1.0,0,0,0,0,0,7.62,B
PROD_01218,Prepared Meal #1218,Fast Food & Prepared Meals,798.0,26.6,40.0,2.3,23.0,8.6,1213.3,11.1,1,1,0,1,0,1.0,E
PROD_01219,Beverage Item #1219,Beverages & Drinks,7.7,1.4,49.8,0.3,0.9,38.4,50.8,0.0,1,0,0,1,0,1.0,E
PROD_01220,Nutrition Shake/Supplement #1220,Dietary Supplements & Shakes,244.0,29.6,11.1,5.5,8.6,1.0,325.7,1.7,0,0,1,0,0,8.15,A
PROD_01221,Fresh Produce Item #1221,Whole Foods & Produce,108.4,3.9,11.1,6.2,0.1,4.5,36.0,0.0,0,0,0,0,0,8.41,A
PROD_01222,Prepared Meal #1222,Fast Food & Prepared Meals,872.2,32.2,40.0,5.5,33.3,17.4,639.1,13.4,1,0,0,1,0,3.25,E
PROD_01223,Condiment #1223,Condiments & Sauces,110.7,0.4,28.5,1.1,12.5,14.2,638.3,1.1,1,1,0,1,1,1.0,E
PROD_01224,Lean Protein #1224,Lean Proteins & Poultry,120.8,29.8,3.3,0.5,5.5,0.2,148.0,0.8,0,0,0,0,0,8.8,A
PROD_01225,Prepared Meal #1225,Fast Food & Prepared Meals,618.3,26.8,71.3,3.1,17.1,15.8,1109.4,5.9,0,0,0,0,0,4.8,D
PROD_01226,Dairy Product #1226,Dairy & Cheese,357.2,22.8,3.1,0.0,15.2,3.1,129.7,15.0,0,0,0,1,0,3.88,D
PROD_01227,Prepared Meal #1227,Fast Food & Prepared Meals,903.0,22.9,86.8,2.0,27.1,7.2,1001.4,5.6,0,0,0,1,0,4.85,D
PROD_01228,Fresh Produce Item #1228,Whole Foods & Produce,118.6,3.7,5.6,5.6,0.3,2.4,17.3,0.1,0,0,0,0,0,8.31,A
PROD_01229,Lean Protein #1229,Lean Proteins & Poultry,126.0,23.0,4.6,0.1,8.7,0.5,64.1,0.7,0,0,0,0,0,8.56,A
PROD_01230,Nutrition Shake/Supplement #1230,Dietary Supplements & Shakes,310.0,21.3,14.1,5.8,3.4,7.4,127.3,1.2,0,0,0,0,0,7.74,B
PROD_01231,Lean Protein #1231,Lean Proteins & Poultry,127.6,31.9,3.8,0.4,10.6,0.8,189.9,3.5,0,0,0,0,0,8.69,A
PROD_01232,Nutrition Shake/Supplement #1232,Dietary Supplements & Shakes,257.1,24.8,9.4,4.7,2.1,1.9,102.8,2.0,0,0,1,0,0,6.69,B
PROD_01233,Dairy Product #1233,Dairy & Cheese,129.8,20.6,13.5,0.0,4.3,4.8,381.9,4.3,0,0,0,0,0,6.31,C
PROD_01234,Dairy Product #1234,Dairy & Cheese,253.7,18.1,10.3,0.0,15.6,4.7,337.8,8.8,0,0,0,1,0,5.09,C
PROD_01235,Superfood Oil/Nut #1235,Superfoods & Healthy Oils,139.2,8.5,2.3,2.3,15.1,1.6,10.5,1.9,0,0,0,0,1,5.78,C
PROD_01236,Beverage Item #1236,Beverages & Drinks,207.8,1.9,59.6,0.5,0.0,2.6,26.2,0.0,1,0,0,0,0,1.0,E
PROD_01237,Processed Snack #1237,Processed Snacks & Sweets,383.8,3.8,47.5,3.0,29.5,43.7,786.4,10.0,0,0,0,0,0,4.29,D
PROD_01238,Dairy Product #1238,Dairy & Cheese,140.6,21.4,6.2,0.0,26.2,5.8,60.2,10.8,0,0,0,0,0,6.47,C
PROD_01239,Lean Protein #1239,Lean Proteins & Poultry,203.9,29.1,4.7,0.6,2.8,1.0,311.5,2.8,0,0,0,0,0,7.39,B
PROD_01240,Prepared Meal #1240,Fast Food & Prepared Meals,793.0,32.7,59.6,3.3,53.1,20.5,764.9,14.9,0,1,0,0,0,4.34,D
PROD_01241,Grain/Legume #1241,Whole Grains & Legumes,336.0,16.2,61.8,9.9,3.1,3.8,140.7,0.9,0,0,0,0,0,6.18,C
PROD_01242,Processed Snack #1242,Processed Snacks & Sweets,496.4,2.2,61.1,0.7,29.2,23.5,690.7,5.5,0,0,0,1,0,3.8,D
PROD_01243,Beverage Item #1243,Beverages & Drinks,144.9,1.9,51.0,0.0,1.0,38.4,27.9,0.0,1,0,1,0,0,1.0,E
PROD_01244,Dairy Product #1244,Dairy & Cheese,294.1,13.0,5.4,0.0,28.7,5.4,52.2,11.3,0,0,0,0,0,5.82,C
PROD_01245,Superfood Oil/Nut #1245,Superfoods & Healthy Oils,270.0,5.7,5.6,2.6,25.0,0.1,13.4,2.4,0,0,0,0,1,5.08,C
PROD_01246,Prepared Meal #1246,Fast Food & Prepared Meals,368.8,16.0,43.5,5.9,14.9,7.0,1765.1,12.8,0,1,0,0,0,3.15,E
PROD_01247,Condiment #1247,Condiments & Sauces,77.9,1.5,21.7,1.4,7.2,9.6,1264.6,0.1,1,1,0,1,0,1.0,E
PROD_01248,Superfood Oil/Nut #1248,Superfoods & Healthy Oils,143.6,4.8,6.3,1.4,25.1,1.3,19.9,2.3,0,0,0,0,1,5.0,C
PROD_01249,Lean Protein #1249,Lean Proteins & Poultry,226.2,25.0,4.4,0.3,1.6,1.7,426.7,1.6,0,0,0,0,0,7.62,B
PROD_01250,Grain/Legume #1250,Whole Grains & Legumes,269.0,12.3,37.8,6.6,3.2,1.8,50.4,0.5,0,0,0,0,0,6.42,C
PROD_01251,Processed Snack #1251,Processed Snacks & Sweets,439.6,4.1,36.9,2.6,12.3,36.9,312.9,9.5,1,1,0,0,0,2.35,E
PROD_01252,Condiment #1252,Condiments & Sauces,32.1,0.7,3.4,0.6,2.3,3.4,1149.4,1.9,1,1,0,1,1,1.0,E
PROD_01253,Beverage Item #1253,Beverages & Drinks,207.5,0.6,36.9,0.5,0.6,36.9,59.0,0.0,1,0,0,1,0,1.0,E
PROD_01254,Prepared Meal #1254,Fast Food & Prepared Meals,708.3,23.9,55.4,3.6,26.8,11.9,934.5,11.9,1,0,0,0,0,4.53,D
PROD_01255,Lean Protein #1255,Lean Proteins & Poultry,231.3,20.5,3.4,0.5,3.3,1.6,197.6,1.4,0,0,0,0,0,7.27,B
PROD_01256,Lean Protein #1256,Lean Proteins & Poultry,195.5,42.7,4.0,0.6,2.3,1.3,260.6,1.1,0,0,0,0,0,9.09,A
PROD_01257,Prepared Meal #1257,Fast Food & Prepared Meals,677.9,36.8,46.0,4.2,22.7,15.1,1425.6,14.1,0,0,0,1,0,4.69,D
PROD_01258,Superfood Oil/Nut #1258,Superfoods & Healthy Oils,177.2,7.0,5.0,2.3,13.5,0.6,31.0,2.3,0,0,0,0,1,6.69,B
PROD_01259,Fresh Produce Item #1259,Whole Foods & Produce,47.3,0.8,16.8,7.3,0.8,10.4,15.4,0.3,0,0,0,0,0,3.97,D
PROD_01260,Fresh Produce Item #1260,Whole Foods & Produce,33.2,0.7,12.5,4.8,1.3,2.1,49.5,0.2,0,0,0,0,0,5.52,C
PROD_01261,Processed Snack #1261,Processed Snacks & Sweets,476.5,2.1,47.7,1.2,29.7,40.2,754.6,10.0,0,1,0,1,0,1.49,E
PROD_01262,Condiment #1262,Condiments & Sauces,113.4,0.8,11.9,0.1,13.4,11.9,1004.9,1.9,1,1,0,0,0,1.0,E
PROD_01263,Processed Snack #1263,Processed Snacks & Sweets,528.6,3.1,64.8,1.7,14.5,36.4,668.8,4.4,1,0,0,0,0,3.16,E
PROD_01264,Processed Snack #1264,Processed Snacks & Sweets,312.6,1.8,50.4,2.7,20.6,41.0,277.3,4.1,0,0,0,0,0,3.58,D
PROD_01265,Lean Protein #1265,Lean Proteins & Poultry,241.9,30.0,1.0,0.6,2.7,0.6,133.2,1.7,0,0,0,0,1,8.52,A
PROD_01266,Processed Snack #1266,Processed Snacks & Sweets,333.1,1.0,57.7,1.6,10.8,21.8,520.3,8.7,0,0,0,1,0,1.0,E
PROD_01267,Lean Protein #1267,Lean Proteins & Poultry,139.4,39.6,3.4,0.7,7.3,1.1,344.3,1.3,0,0,0,0,0,8.86,A
PROD_01268,Processed Snack #1268,Processed Snacks & Sweets,359.3,3.3,49.3,1.8,14.0,42.6,468.6,10.5,0,0,0,0,0,2.06,E
PROD_01269,Prepared Meal #1269,Fast Food & Prepared Meals,415.1,23.1,62.9,5.9,41.8,11.3,485.2,11.9,1,0,0,0,0,4.82,D
PROD_01270,Lean Protein #1270,Lean Proteins & Poultry,168.2,33.5,2.9,0.6,8.2,0.5,210.5,0.6,0,0,0,0,0,8.94,A
PROD_01271,Dairy Product #1271,Dairy & Cheese,156.8,19.9,6.0,0.0,14.5,6.0,189.3,8.4,0,0,0,0,0,6.82,B
PROD_01272,Beverage Item #1272,Beverages & Drinks,124.1,0.3,37.3,0.2,0.9,21.6,54.3,0.0,0,0,0,1,0,1.0,E
PROD_01273,Dairy Product #1273,Dairy & Cheese,177.6,17.1,16.6,0.0,12.3,13.5,45.8,2.1,0,0,0,0,0,7.1,B
PROD_01274,Superfood Oil/Nut #1274,Superfoods & Healthy Oils,245.5,3.2,5.2,1.5,20.6,1.2,6.1,2.6,0,0,0,0,1,4.93,D
PROD_01275,Condiment #1275,Condiments & Sauces,96.8,0.6,5.9,0.6,0.5,5.9,719.0,0.5,1,0,0,1,0,1.0,E
PROD_01276,Nutrition Shake/Supplement #1276,Dietary Supplements & Shakes,255.5,22.0,22.4,4.8,7.9,3.6,276.6,1.6,1,0,0,1,0,4.73,D
PROD_01277,Condiment #1277,Condiments & Sauces,78.3,0.9,21.8,0.9,0.7,21.3,1339.0,0.7,1,0,0,0,0,1.0,E
PROD_01278,Processed Snack #1278,Processed Snacks & Sweets,233.5,1.2,50.6,2.6,14.9,24.7,741.2,10.5,0,1,0,1,0,1.0,E
PROD_01279,Prepared Meal #1279,Fast Food & Prepared Meals,559.2,35.0,75.0,4.6,50.8,12.1,1336.8,14.4,0,1,0,0,1,3.87,D
PROD_01280,Dairy Product #1280,Dairy & Cheese,287.3,23.4,12.3,0.0,4.0,12.3,100.4,4.0,0,0,0,0,0,7.09,B
PROD_01281,Superfood Oil/Nut #1281,Superfoods & Healthy Oils,160.1,3.7,2.7,2.7,24.4,0.9,10.0,3.4,0,0,0,0,1,4.85,D
PROD_01282,Lean Protein #1282,Lean Proteins & Poultry,233.2,23.3,0.6,0.5,4.4,0.6,230.7,1.8,0,0,0,0,1,6.82,B
PROD_01283,Superfood Oil/Nut #1283,Superfoods & Healthy Oils,169.8,5.7,5.9,1.7,22.0,1.8,36.3,3.1,0,0,0,0,1,5.27,C
PROD_01284,Nutrition Shake/Supplement #1284,Dietary Supplements & Shakes,142.3,17.1,22.1,6.5,5.8,1.5,132.0,1.1,0,0,1,1,0,5.92,C
PROD_01285,Beverage Item #1285,Beverages & Drinks,71.8,0.9,7.7,0.4,0.6,7.7,64.5,0.0,0,0,0,0,0,3.43,E
PROD_01286,Condiment #1286,Condiments & Sauces,71.0,0.6,3.4,0.0,5.0,3.4,867.6,1.5,1,0,0,1,1,1.0,E
PROD_01287,Superfood Oil/Nut #1287,Superfoods & Healthy Oils,193.4,1.2,4.0,0.4,27.7,1.2,12.8,2.7,0,0,0,0,1,4.55,D
PROD_01288,Prepared Meal #1288,Fast Food & Prepared Meals,625.6,35.6,45.1,1.5,17.0,8.0,494.9,11.0,0,1,0,0,0,5.09,C
PROD_01289,Lean Protein #1289,Lean Proteins & Poultry,158.9,32.8,4.7,0.0,6.8,1.7,285.2,1.3,0,0,0,0,0,9.25,A
PROD_01290,Condiment #1290,Condiments & Sauces,77.9,0.3,34.4,0.6,11.3,14.2,371.4,0.2,0,0,0,0,0,2.81,E
PROD_01291,Grain/Legume #1291,Whole Grains & Legumes,303.7,7.3,58.5,9.5,2.1,3.1,165.3,0.8,0,0,0,0,0,5.91,C
PROD_01292,Grain/Legume #1292,Whole Grains & Legumes,193.3,17.8,26.7,15.9,1.2,1.8,101.3,0.3,0,0,0,0,1,8.99,A
PROD_01293,Fresh Produce Item #1293,Whole Foods & Produce,117.5,1.8,16.3,6.2,1.5,10.9,20.2,0.1,0,0,0,0,0,6.85,B
PROD_01294,Prepared Meal #1294,Fast Food & Prepared Meals,757.5,24.8,81.3,5.8,18.7,10.0,881.4,6.1,0,0,0,0,0,5.88,C
PROD_01295,Superfood Oil/Nut #1295,Superfoods & Healthy Oils,208.9,7.3,4.6,1.3,22.0,0.7,27.2,2.5,0,0,0,0,1,6.51,B
PROD_01296,Lean Protein #1296,Lean Proteins & Poultry,191.8,29.7,0.2,0.2,11.2,0.2,179.1,0.7,0,0,0,0,0,8.22,A
PROD_01297,Fresh Produce Item #1297,Whole Foods & Produce,87.5,3.5,22.8,5.9,1.1,6.3,49.1,0.2,0,0,0,0,0,6.82,B
PROD_01298,Grain/Legume #1298,Whole Grains & Legumes,342.3,12.9,62.5,5.1,3.3,3.7,150.3,0.9,0,0,0,0,1,5.24,C
PROD_01299,Dairy Product #1299,Dairy & Cheese,152.2,19.8,10.5,0.0,9.2,4.7,89.5,9.2,0,0,0,0,0,5.08,C
PROD_01300,Prepared Meal #1300,Fast Food & Prepared Meals,474.7,26.2,94.2,5.1,54.7,21.4,1110.9,13.7,1,0,0,0,0,4.85,D
PROD_01301,Prepared Meal #1301,Fast Food & Prepared Meals,741.5,16.3,50.3,2.6,53.4,5.2,1028.8,16.2,0,0,0,0,0,5.07,C
PROD_01302,Beverage Item #1302,Beverages & Drinks,207.2,0.7,38.4,0.5,0.2,31.2,94.1,0.0,0,0,0,0,0,1.0,E
PROD_01303,Fresh Produce Item #1303,Whole Foods & Produce,29.9,3.0,5.5,3.0,2.0,5.5,41.9,0.2,0,0,0,0,0,7.48,B
PROD_01304,Superfood Oil/Nut #1304,Superfoods & Healthy Oils,230.2,1.6,1.6,0.5,11.1,0.5,28.6,3.9,0,0,0,0,1,8.67,A
PROD_01305,Lean Protein #1305,Lean Proteins & Poultry,233.5,28.8,2.8,0.6,5.9,1.8,195.1,0.9,0,0,0,0,1,8.24,A
PROD_01306,Lean Protein #1306,Lean Proteins & Poultry,231.9,36.1,4.7,0.3,7.8,1.4,207.2,3.1,0,0,0,0,0,8.85,A
PROD_01307,Beverage Item #1307,Beverages & Drinks,126.7,1.2,34.1,0.1,0.6,9.3,83.0,0.0,1,0,0,0,0,1.33,E
PROD_01308,Nutrition Shake/Supplement #1308,Dietary Supplements & Shakes,150.6,25.1,25.0,6.8,8.1,11.3,152.3,1.1,0,0,0,0,0,9.87,A
PROD_01309,Prepared Meal #1309,Fast Food & Prepared Meals,893.7,17.9,77.4,4.0,36.0,16.9,729.7,6.2,0,1,0,0,0,3.62,D
PROD_01310,Dairy Product #1310,Dairy & Cheese,127.5,14.0,17.4,0.0,14.9,6.9,311.2,2.2,0,0,0,0,0,6.76,B
PROD_01311,Superfood Oil/Nut #1311,Superfoods & Healthy Oils,176.7,8.1,7.8,2.8,20.2,0.6,29.2,2.3,0,0,0,0,1,5.86,C
PROD_01312,Dairy Product #1312,Dairy & Cheese,328.9,16.5,12.4,0.0,12.5,4.3,48.0,12.5,0,0,0,0,0,6.24,C
PROD_01313,Nutrition Shake/Supplement #1313,Dietary Supplements & Shakes,242.9,16.5,17.4,7.0,8.6,12.0,134.7,1.7,0,0,0,1,0,5.89,C
PROD_01314,Superfood Oil/Nut #1314,Superfoods & Healthy Oils,229.8,3.1,1.0,1.0,25.0,0.7,1.7,1.8,0,0,0,0,1,4.86,D
PROD_01315,Superfood Oil/Nut #1315,Superfoods & Healthy Oils,228.3,8.2,6.2,2.7,12.7,0.7,29.2,3.6,0,0,0,0,1,5.79,C
PROD_01316,Beverage Item #1316,Beverages & Drinks,238.8,0.2,56.2,0.1,0.7,18.6,116.5,0.0,1,0,0,1,0,1.0,E
PROD_01317,Nutrition Shake/Supplement #1317,Dietary Supplements & Shakes,242.0,18.9,18.8,7.9,7.5,10.4,157.9,1.1,0,0,1,0,0,7.16,B
PROD_01318,Prepared Meal #1318,Fast Food & Prepared Meals,524.9,16.3,77.4,4.4,50.0,21.3,1607.2,4.8,0,0,0,0,0,4.54,D
PROD_01319,Fresh Produce Item #1319,Whole Foods & Produce,106.0,1.6,17.0,4.3,0.9,11.5,21.3,0.3,0,0,0,0,1,5.08,C
PROD_01320,Superfood Oil/Nut #1320,Superfoods & Healthy Oils,235.1,4.5,6.3,4.6,20.8,0.4,39.1,3.9,0,0,0,0,1,5.6,C
PROD_01321,Grain/Legume #1321,Whole Grains & Legumes,144.0,16.5,58.0,8.8,3.3,4.7,58.0,0.8,0,0,0,0,1,8.36,A
PROD_01322,Condiment #1322,Condiments & Sauces,164.8,1.4,25.0,0.9,11.4,22.7,1375.1,2.4,0,1,0,0,0,1.0,E
PROD_01323,Fresh Produce Item #1323,Whole Foods & Produce,34.2,1.4,18.3,6.0,0.7,11.1,22.5,0.0,0,0,0,0,0,3.4,E
PROD_01324,Nutrition Shake/Supplement #1324,Dietary Supplements & Shakes,132.9,26.1,12.1,5.4,8.4,0.9,123.1,0.9,0,0,0,0,0,9.63,A
PROD_01325,Lean Protein #1325,Lean Proteins & Poultry,111.8,43.8,4.0,0.2,4.5,2.0,199.4,2.9,0,0,0,0,0,9.15,A
PROD_01326,Superfood Oil/Nut #1326,Superfoods & Healthy Oils,149.9,6.1,6.0,4.6,21.6,1.9,17.2,2.0,0,0,0,0,1,7.26,B
PROD_01327,Grain/Legume #1327,Whole Grains & Legumes,211.3,8.0,25.5,11.8,2.6,1.9,197.2,0.6,0,0,0,0,0,8.62,A
PROD_01328,Processed Snack #1328,Processed Snacks & Sweets,535.7,3.6,74.2,0.6,20.8,23.5,698.3,5.9,1,0,0,1,0,1.0,E
PROD_01329,Lean Protein #1329,Lean Proteins & Poultry,162.9,41.8,2.0,0.2,1.5,0.7,201.4,1.5,0,0,0,0,0,8.9,A
PROD_01330,Grain/Legume #1330,Whole Grains & Legumes,331.3,8.9,42.2,6.3,2.8,1.1,107.1,0.8,0,0,0,0,0,6.98,B
PROD_01331,Beverage Item #1331,Beverages & Drinks,84.9,1.3,35.4,0.1,0.8,26.1,27.9,0.0,1,0,0,1,0,1.0,E
PROD_01332,Prepared Meal #1332,Fast Food & Prepared Meals,770.6,12.3,55.3,2.9,49.6,13.5,942.2,7.7,0,1,0,1,0,2.29,E
PROD_01333,Lean Protein #1333,Lean Proteins & Poultry,219.0,34.1,2.0,1.0,7.9,1.5,188.0,2.5,0,0,0,0,0,9.29,A
PROD_01334,Beverage Item #1334,Beverages & Drinks,164.0,0.5,35.9,0.2,0.6,16.0,88.7,0.0,0,0,1,1,0,1.0,E
PROD_01335,Nutrition Shake/Supplement #1335,Dietary Supplements & Shakes,253.0,36.1,18.0,3.7,4.5,3.4,97.1,1.9,1,0,0,0,0,7.39,B
PROD_01336,Lean Protein #1336,Lean Proteins & Poultry,195.4,32.6,3.6,0.2,11.2,1.3,158.4,0.9,0,0,0,0,1,8.4,A
PROD_01337,Grain/Legume #1337,Whole Grains & Legumes,314.3,8.0,52.9,7.5,1.3,2.7,38.0,0.8,0,0,0,0,0,6.29,C
PROD_01338,Lean Protein #1338,Lean Proteins & Poultry,162.9,40.4,0.9,0.1,4.9,0.8,267.1,1.6,0,0,0,0,0,8.33,A
PROD_01339,Beverage Item #1339,Beverages & Drinks,103.6,0.8,38.9,0.5,0.5,38.9,43.2,0.0,1,0,1,1,0,1.0,E
PROD_01340,Processed Snack #1340,Processed Snacks & Sweets,435.6,1.9,52.2,1.4,18.4,38.4,449.5,3.1,0,0,0,1,0,3.4,E
PROD_01341,Lean Protein #1341,Lean Proteins & Poultry,126.3,42.0,2.2,0.6,6.6,1.7,268.8,1.9,0,0,0,0,0,8.79,A
PROD_01342,Dairy Product #1342,Dairy & Cheese,91.9,12.1,6.4,0.0,14.8,6.4,358.6,11.4,0,0,0,0,0,4.82,D
PROD_01343,Beverage Item #1343,Beverages & Drinks,151.5,0.6,9.7,0.2,0.7,9.7,52.1,0.0,0,0,0,1,0,4.05,D
PROD_01344,Prepared Meal #1344,Fast Food & Prepared Meals,941.2,21.6,66.6,5.3,35.6,9.8,1157.1,5.6,1,0,0,0,0,3.39,E
PROD_01345,Nutrition Shake/Supplement #1345,Dietary Supplements & Shakes,240.7,31.0,20.9,5.4,1.5,9.3,274.1,1.5,0,0,0,0,0,9.14,A
PROD_01346,Prepared Meal #1346,Fast Food & Prepared Meals,921.9,16.3,48.3,2.2,26.4,17.0,672.7,11.3,0,0,0,1,0,3.08,E
PROD_01347,Fresh Produce Item #1347,Whole Foods & Produce,60.6,3.5,8.3,3.6,0.2,6.7,22.1,0.2,0,0,0,0,0,8.18,A
PROD_01348,Beverage Item #1348,Beverages & Drinks,91.8,2.0,42.3,0.1,0.1,2.5,32.5,0.0,1,0,0,1,0,1.0,E
PROD_01349,Superfood Oil/Nut #1349,Superfoods & Healthy Oils,216.3,9.0,1.6,1.6,16.2,1.1,11.6,1.1,0,0,0,0,1,5.35,C
PROD_01350,Superfood Oil/Nut #1350,Superfoods & Healthy Oils,231.6,6.4,2.0,2.0,14.6,0.3,17.5,2.8,0,0,0,0,1,6.29,C
PROD_01351,Superfood Oil/Nut #1351,Superfoods & Healthy Oils,198.7,6.9,4.5,1.4,12.6,1.2,24.5,1.3,0,0,0,0,1,6.12,C
PROD_01352,Fresh Produce Item #1352,Whole Foods & Produce,38.6,3.3,22.2,6.3,1.8,4.2,26.4,0.3,0,0,0,0,0,6.14,C
PROD_01353,Prepared Meal #1353,Fast Food & Prepared Meals,918.3,21.3,43.4,3.0,15.2,4.4,984.0,15.2,0,0,0,0,1,4.79,D
PROD_01354,Nutrition Shake/Supplement #1354,Dietary Supplements & Shakes,236.3,37.5,14.5,5.3,4.5,9.6,190.5,1.9,0,0,0,0,0,10.0,A
PROD_01355,Dairy Product #1355,Dairy & Cheese,277.8,12.5,2.5,0.0,14.5,2.5,422.0,3.4,0,0,0,0,0,5.43,C
PROD_01356,Fresh Produce Item #1356,Whole Foods & Produce,93.2,1.6,20.6,3.1,1.6,10.6,35.7,0.2,0,0,0,0,0,2.9,E
PROD_01357,Fresh Produce Item #1357,Whole Foods & Produce,52.6,1.2,14.5,5.1,0.5,9.9,37.5,0.2,0,0,0,0,0,3.01,E
PROD_01358,Lean Protein #1358,Lean Proteins & Poultry,238.3,43.9,4.6,0.3,3.9,0.6,226.5,1.4,0,0,0,0,0,9.0,A
PROD_01359,Nutrition Shake/Supplement #1359,Dietary Supplements & Shakes,267.8,37.1,20.9,1.2,1.9,9.6,209.9,1.7,1,0,1,0,0,6.58,B
PROD_01360,Lean Protein #1360,Lean Proteins & Poultry,170.1,44.9,1.0,0.1,2.3,1.0,225.1,0.5,0,0,0,0,0,9.01,A
PROD_01361,Grain/Legume #1361,Whole Grains & Legumes,307.4,9.0,39.9,13.2,3.0,1.2,52.3,1.0,0,0,0,0,0,7.94,B
PROD_01362,Prepared Meal #1362,Fast Food & Prepared Meals,903.3,16.6,66.7,5.1,22.8,13.5,774.9,14.6,0,0,0,0,0,5.62,C
PROD_01363,Nutrition Shake/Supplement #1363,Dietary Supplements & Shakes,313.5,44.4,5.9,1.7,4.6,5.9,170.1,1.2,0,0,1,0,0,7.27,B
PROD_01364,Superfood Oil/Nut #1364,Superfoods & Healthy Oils,207.8,7.9,4.1,3.4,11.4,0.9,4.7,2.8,0,0,0,0,1,6.45,C
PROD_01365,Dairy Product #1365,Dairy & Cheese,125.9,9.2,2.7,0.0,29.2,2.7,467.0,16.1,0,0,0,0,0,3.91,D
PROD_01366,Processed Snack #1366,Processed Snacks & Sweets,393.1,5.7,53.3,2.6,24.7,29.1,570.9,6.4,0,0,0,1,0,3.47,E
PROD_01367,Grain/Legume #1367,Whole Grains & Legumes,303.5,14.2,63.0,9.7,1.3,1.0,155.8,0.3,0,0,0,0,0,6.19,C
PROD_01368,Prepared Meal #1368,Fast Food & Prepared Meals,783.4,15.4,70.5,4.5,15.5,19.4,1673.5,15.5,0,0,0,0,0,4.1,D
PROD_01369,Condiment #1369,Condiments & Sauces,161.0,1.1,33.3,0.4,8.2,19.7,1198.3,1.3,0,1,0,1,1,1.0,E
PROD_01370,Lean Protein #1370,Lean Proteins & Poultry,165.0,42.2,2.5,0.7,2.0,1.1,78.1,1.3,0,0,0,0,0,8.9,A
PROD_01371,Lean Protein #1371,Lean Proteins & Poultry,182.9,35.5,0.5,0.4,3.9,0.5,251.6,2.9,0,0,0,0,0,9.35,A
PROD_01372,Grain/Legume #1372,Whole Grains & Legumes,192.4,13.9,59.9,15.7,2.4,4.1,171.0,0.7,0,0,0,0,0,8.82,A
PROD_01373,Beverage Item #1373,Beverages & Drinks,158.8,0.1,21.7,0.5,0.9,15.7,27.3,0.0,1,0,0,0,0,1.97,E
PROD_01374,Grain/Legume #1374,Whole Grains & Legumes,310.6,12.9,26.3,14.9,1.2,2.8,14.6,0.3,0,0,0,0,0,8.11,A
PROD_01375,Grain/Legume #1375,Whole Grains & Legumes,340.7,15.9,51.5,6.8,3.9,3.8,87.9,0.9,0,0,0,0,0,5.94,C
PROD_01376,Processed Snack #1376,Processed Snacks & Sweets,319.7,1.8,42.8,2.4,18.5,24.4,389.7,4.3,1,0,0,0,0,3.47,E
PROD_01377,Lean Protein #1377,Lean Proteins & Poultry,242.7,23.4,3.8,0.6,10.1,1.2,435.1,2.4,0,0,0,0,0,6.33,C
PROD_01378,Fresh Produce Item #1378,Whole Foods & Produce,106.2,2.2,17.4,2.5,1.0,11.1,31.3,0.2,0,0,0,0,0,3.73,D
PROD_01379,Lean Protein #1379,Lean Proteins & Poultry,206.0,33.4,1.2,0.7,6.5,0.6,370.8,2.6,0,0,0,0,0,8.36,A
PROD_01380,Dairy Product #1380,Dairy & Cheese,190.9,12.1,15.8,0.0,8.7,4.2,170.0,8.7,0,0,0,0,0,5.14,C
PROD_01381,Lean Protein #1381,Lean Proteins & Poultry,196.7,26.2,4.4,0.1,1.8,0.2,388.3,1.8,0,0,0,0,0,7.31,B
PROD_01382,Dairy Product #1382,Dairy & Cheese,252.1,17.2,7.6,0.0,3.2,2.5,444.9,3.2,0,0,0,0,0,5.98,C
PROD_01383,Processed Snack #1383,Processed Snacks & Sweets,233.8,5.9,53.0,2.1,22.8,24.0,635.9,10.8,1,0,0,1,0,1.04,E
PROD_01384,Lean Protein #1384,Lean Proteins & Poultry,229.5,40.1,3.3,0.3,6.9,0.9,185.6,3.0,0,0,0,0,0,8.89,A
PROD_01385,Prepared Meal #1385,Fast Food & Prepared Meals,493.7,26.1,78.1,5.5,40.3,10.8,699.2,14.6,1,0,0,1,1,2.7,E
PROD_01386,Lean Protein #1386,Lean Proteins & Poultry,190.2,22.3,1.0,0.0,6.9,0.2,237.8,3.3,0,0,0,0,0,8.16,A
PROD_01387,Condiment #1387,Condiments & Sauces,112.3,0.9,2.8,1.4,0.2,2.8,1354.1,0.2,1,1,1,1,0,1.0,E
PROD_01388,Grain/Legume #1388,Whole Grains & Legumes,310.7,12.5,37.2,9.8,1.3,4.8,125.7,0.8,0,0,0,0,0,8.27,A
PROD_01389,Superfood Oil/Nut #1389,Superfoods & Healthy Oils,122.8,5.2,6.6,0.2,27.2,0.8,14.5,2.6,0,0,0,0,1,4.96,D
PROD_01390,Superfood Oil/Nut #1390,Superfoods & Healthy Oils,157.0,3.7,0.3,0.3,25.3,0.3,17.6,1.2,0,0,0,0,1,5.49,C
PROD_01391,Processed Snack #1391,Processed Snacks & Sweets,213.6,1.2,34.1,1.4,8.1,28.3,384.4,7.8,0,1,0,1,0,1.0,E
PROD_01392,Beverage Item #1392,Beverages & Drinks,192.1,1.0,34.4,0.1,0.3,22.6,98.9,0.0,0,0,1,0,0,1.0,E
PROD_01393,Superfood Oil/Nut #1393,Superfoods & Healthy Oils,153.2,8.5,5.6,0.3,15.3,0.1,41.5,3.7,0,0,0,0,1,5.95,C
PROD_01394,Grain/Legume #1394,Whole Grains & Legumes,196.9,6.4,26.5,15.5,3.3,1.9,78.8,0.8,0,0,0,0,0,7.66,B
PROD_01395,Prepared Meal #1395,Fast Food & Prepared Meals,411.1,31.0,45.8,1.8,31.5,4.7,1752.7,12.8,1,1,0,0,0,2.59,E
PROD_01396,Nutrition Shake/Supplement #1396,Dietary Supplements & Shakes,152.4,15.1,7.1,1.0,6.9,5.4,143.8,2.0,0,0,0,0,0,7.53,B
PROD_01397,Beverage Item #1397,Beverages & Drinks,53.1,0.0,56.0,0.2,0.2,14.7,46.3,0.0,1,0,1,1,0,1.0,E
PROD_01398,Prepared Meal #1398,Fast Food & Prepared Meals,520.4,12.7,88.1,5.5,22.6,6.9,1188.8,12.8,0,0,0,0,0,2.83,E
PROD_01399,Nutrition Shake/Supplement #1399,Dietary Supplements & Shakes,126.9,26.3,6.0,1.1,7.1,3.2,50.6,2.2,0,0,1,1,0,5.25,C
PROD_01400,Lean Protein #1400,Lean Proteins & Poultry,133.8,34.0,0.4,0.4,7.8,0.4,209.2,2.9,0,0,0,0,0,8.79,A
PROD_01401,Fresh Produce Item #1401,Whole Foods & Produce,97.3,3.2,18.3,3.3,0.9,12.1,47.9,0.0,0,0,0,0,0,5.13,C
PROD_01402,Nutrition Shake/Supplement #1402,Dietary Supplements & Shakes,262.8,22.6,18.4,4.4,8.1,3.2,185.3,0.7,0,0,0,0,0,7.75,B
PROD_01403,Grain/Legume #1403,Whole Grains & Legumes,135.1,17.6,57.4,13.3,4.0,2.3,151.6,0.5,0,0,0,0,0,7.81,B
PROD_01404,Fresh Produce Item #1404,Whole Foods & Produce,57.5,4.0,8.9,5.5,1.7,8.9,21.8,0.0,0,0,0,0,0,7.2,B
PROD_01405,Dairy Product #1405,Dairy & Cheese,118.7,10.2,8.1,0.0,13.5,7.5,524.0,7.5,0,0,0,0,0,4.93,D
PROD_01406,Lean Protein #1406,Lean Proteins & Poultry,196.1,26.0,2.3,0.2,7.4,0.5,64.7,2.9,0,0,0,0,1,9.11,A
PROD_01407,Fresh Produce Item #1407,Whole Foods & Produce,66.2,2.4,6.2,2.5,1.7,2.8,12.6,0.4,0,0,0,0,1,8.22,A
PROD_01408,Dairy Product #1408,Dairy & Cheese,380.7,18.4,8.6,0.0,19.5,8.6,396.7,4.5,0,0,0,1,0,3.93,D
PROD_01409,Grain/Legume #1409,Whole Grains & Legumes,136.5,12.0,57.2,11.0,2.1,4.0,57.6,0.8,0,0,0,0,0,6.32,C
PROD_01410,Grain/Legume #1410,Whole Grains & Legumes,177.2,14.2,48.9,9.0,2.8,3.1,101.2,0.7,0,0,0,0,0,8.38,A
PROD_01411,Nutrition Shake/Supplement #1411,Dietary Supplements & Shakes,244.3,19.7,8.9,3.8,3.6,3.1,291.6,1.8,0,0,1,0,0,6.69,B
PROD_01412,Lean Protein #1412,Lean Proteins & Poultry,132.7,20.8,3.7,0.2,5.4,1.6,95.9,3.0,0,0,0,0,0,8.3,A
PROD_01413,Fresh Produce Item #1413,Whole Foods & Produce,59.1,2.2,24.3,3.5,1.5,11.8,14.9,0.3,0,0,0,0,0,3.71,D
PROD_01414,Lean Protein #1414,Lean Proteins & Poultry,136.6,38.0,1.7,0.6,1.9,1.0,109.5,1.9,0,0,0,0,1,9.46,A
PROD_01415,Fresh Produce Item #1415,Whole Foods & Produce,85.7,1.1,24.6,6.2,1.5,2.9,39.4,0.4,0,0,0,0,0,4.97,D
PROD_01416,Nutrition Shake/Supplement #1416,Dietary Supplements & Shakes,235.2,30.8,11.3,3.7,5.7,2.1,166.2,1.4,0,0,1,0,0,7.35,B
PROD_01417,Lean Protein #1417,Lean Proteins & Poultry,135.0,27.4,4.9,0.4,1.7,0.3,60.5,1.7,0,0,0,0,0,8.85,A
PROD_01418,Beverage Item #1418,Beverages & Drinks,193.5,1.5,44.8,0.5,0.5,37.1,100.6,0.0,1,0,0,1,0,1.0,E
PROD_01419,Beverage Item #1419,Beverages & Drinks,108.3,0.8,4.4,0.0,0.5,4.4,97.6,0.0,0,0,0,1,0,3.51,D
PROD_01420,Superfood Oil/Nut #1420,Superfoods & Healthy Oils,130.8,4.7,4.9,2.1,10.3,2.0,18.4,3.3,0,0,0,0,1,7.08,B
PROD_01421,Nutrition Shake/Supplement #1421,Dietary Supplements & Shakes,168.8,41.6,14.5,1.9,3.0,4.1,227.1,1.2,0,0,0,0,0,8.27,A
PROD_01422,Superfood Oil/Nut #1422,Superfoods & Healthy Oils,168.2,4.6,4.2,4.2,26.8,1.9,0.4,3.8,0,0,0,0,1,6.0,C
PROD_01423,Beverage Item #1423,Beverages & Drinks,63.8,1.0,28.8,0.3,0.5,28.8,36.5,0.0,1,0,0,1,0,1.0,E
PROD_01424,Condiment #1424,Condiments & Sauces,102.1,1.0,4.9,0.2,16.2,4.9,514.8,0.8,0,0,0,1,1,2.33,E
PROD_01425,Nutrition Shake/Supplement #1425,Dietary Supplements & Shakes,110.6,25.0,18.3,6.5,2.9,8.9,336.6,2.3,0,0,0,1,0,8.69,A
PROD_01426,Beverage Item #1426,Beverages & Drinks,214.9,0.3,51.0,0.5,0.4,28.5,95.7,0.0,0,0,0,1,0,1.0,E
PROD_01427,Nutrition Shake/Supplement #1427,Dietary Supplements & Shakes,236.5,17.1,7.6,3.3,4.3,7.6,208.7,1.3,0,0,1,0,0,6.1,C
PROD_01428,Superfood Oil/Nut #1428,Superfoods & Healthy Oils,257.5,8.5,4.3,0.8,25.8,0.1,40.4,3.0,0,0,0,0,1,6.88,B
PROD_01429,Beverage Item #1429,Beverages & Drinks,222.5,2.0,34.9,0.1,0.5,34.9,13.0,0.0,1,0,1,0,0,1.0,E
PROD_01430,Superfood Oil/Nut #1430,Superfoods & Healthy Oils,256.5,6.9,4.9,4.3,12.9,1.9,47.4,3.6,0,0,0,0,1,7.01,B
PROD_01431,Fresh Produce Item #1431,Whole Foods & Produce,100.5,1.3,8.2,6.7,1.4,4.4,10.2,0.4,0,0,0,0,0,7.41,B
PROD_01432,Fresh Produce Item #1432,Whole Foods & Produce,38.9,3.2,9.9,6.4,1.0,9.9,31.1,0.3,0,0,0,0,0,7.05,B
PROD_01433,Processed Snack #1433,Processed Snacks & Sweets,464.8,2.8,62.2,1.4,17.3,30.6,767.9,3.5,1,0,0,0,0,1.0,E
PROD_01434,Dairy Product #1434,Dairy & Cheese,282.9,22.6,13.9,0.0,17.4,8.5,430.2,9.7,0,0,1,0,0,4.29,D
PROD_01435,Lean Protein #1435,Lean Proteins & Poultry,138.7,34.4,0.7,0.3,5.3,0.3,68.4,3.1,0,0,0,0,1,9.34,A
PROD_01436,Prepared Meal #1436,Fast Food & Prepared Meals,851.1,17.0,77.6,1.8,51.7,5.5,1684.2,10.9,0,0,0,0,0,3.86,D
PROD_01437,Grain/Legume #1437,Whole Grains & Legumes,241.4,12.3,45.6,11.3,1.1,3.7,143.9,0.3,0,0,0,0,0,8.64,A
PROD_01438,Processed Snack #1438,Processed Snacks & Sweets,275.2,3.4,73.2,1.7,13.6,23.6,725.3,11.6,0,0,0,1,0,1.0,E
PROD_01439,Nutrition Shake/Supplement #1439,Dietary Supplements & Shakes,113.1,15.5,22.3,6.7,5.8,12.0,335.9,1.8,0,0,1,0,0,6.58,B
PROD_01440,Grain/Legume #1440,Whole Grains & Legumes,221.8,17.7,54.4,5.2,4.5,1.0,32.4,0.8,0,0,0,0,0,6.61,B
PROD_01441,Nutrition Shake/Supplement #1441,Dietary Supplements & Shakes,163.6,25.5,10.5,3.3,3.3,7.5,320.1,1.1,0,0,0,0,0,9.25,A
PROD_01442,Fresh Produce Item #1442,Whole Foods & Produce,64.2,0.8,20.1,4.4,0.8,8.6,36.9,0.3,0,0,0,0,0,3.1,E
PROD_01443,Beverage Item #1443,Beverages & Drinks,98.6,0.0,40.1,0.4,0.4,2.5,118.5,0.0,1,0,1,1,0,1.0,E
PROD_01444,Grain/Legume #1444,Whole Grains & Legumes,197.0,9.6,44.3,9.5,2.5,3.3,7.2,0.8,0,0,0,0,0,7.36,B
PROD_01445,Processed Snack #1445,Processed Snacks & Sweets,322.3,4.0,37.7,1.3,8.4,37.4,410.7,8.4,0,0,0,1,0,1.75,E
PROD_01446,Fresh Produce Item #1446,Whole Foods & Produce,58.3,4.0,16.3,6.9,1.5,13.1,12.8,0.1,0,0,0,0,0,6.23,C
PROD_01447,Dairy Product #1447,Dairy & Cheese,143.2,24.5,4.0,0.0,8.1,4.0,397.5,8.1,0,0,0,0,0,5.89,C
PROD_01448,Lean Protein #1448,Lean Proteins & Poultry,244.0,31.5,1.0,0.7,4.5,0.5,401.7,1.0,0,0,0,0,1,7.81,B
PROD_01449,Grain/Legume #1449,Whole Grains & Legumes,219.8,10.0,26.1,9.9,3.6,4.2,57.2,0.6,0,0,0,0,0,7.4,B
PROD_01450,Fresh Produce Item #1450,Whole Foods & Produce,92.9,1.3,8.5,4.1,1.3,5.0,13.3,0.0,0,0,0,0,0,7.14,B
PROD_01451,Prepared Meal #1451,Fast Food & Prepared Meals,472.1,26.4,48.1,2.4,36.4,11.0,1223.5,18.0,0,1,0,1,0,1.82,E
PROD_01452,Fresh Produce Item #1452,Whole Foods & Produce,46.6,2.1,21.2,7.5,0.6,9.0,12.2,0.2,0,0,0,0,1,4.61,D
PROD_01453,Lean Protein #1453,Lean Proteins & Poultry,242.0,24.2,1.5,0.2,9.8,0.1,82.7,1.4,0,0,0,0,0,6.81,B
PROD_01454,Superfood Oil/Nut #1454,Superfoods & Healthy Oils,196.3,1.8,0.1,0.1,13.5,0.1,1.0,1.5,0,0,0,0,1,8.46,A
PROD_01455,Condiment #1455,Condiments & Sauces,63.1,1.6,17.9,1.0,3.4,15.4,581.6,1.6,0,0,0,0,0,1.0,E
PROD_01456,Lean Protein #1456,Lean Proteins & Poultry,239.3,29.8,3.2,0.9,7.7,1.2,336.5,3.1,0,0,0,0,1,8.63,A
PROD_01457,Grain/Legume #1457,Whole Grains & Legumes,334.9,10.7,42.1,11.4,2.9,1.3,8.6,0.7,0,0,0,0,0,7.94,B
PROD_01458,Superfood Oil/Nut #1458,Superfoods & Healthy Oils,188.2,5.1,7.3,0.6,11.3,1.7,38.7,1.8,0,0,0,0,1,5.91,C
PROD_01459,Superfood Oil/Nut #1459,Superfoods & Healthy Oils,245.1,2.3,0.4,0.4,25.4,0.4,25.9,2.7,0,0,0,0,1,8.72,A
PROD_01460,Beverage Item #1460,Beverages & Drinks,231.5,1.8,38.7,0.2,0.6,31.6,53.4,0.0,1,0,0,0,0,1.0,E
PROD_01461,Fresh Produce Item #1461,Whole Foods & Produce,50.0,3.2,15.6,2.4,0.8,13.5,39.0,0.2,0,0,0,0,0,3.82,D
PROD_01462,Beverage Item #1462,Beverages & Drinks,112.5,0.2,15.7,0.5,0.1,15.7,13.9,0.0,1,0,0,1,0,1.0,E
PROD_01463,Dairy Product #1463,Dairy & Cheese,130.2,19.0,14.0,0.0,8.3,2.6,89.4,8.3,0,0,0,0,0,5.29,C
PROD_01464,Superfood Oil/Nut #1464,Superfoods & Healthy Oils,259.3,1.1,4.4,3.6,21.2,1.5,36.3,3.1,0,0,0,0,1,8.41,A
PROD_01465,Lean Protein #1465,Lean Proteins & Poultry,193.3,32.8,0.0,0.0,11.3,0.0,437.0,1.6,0,0,0,0,1,7.65,B
PROD_01466,Processed Snack #1466,Processed Snacks & Sweets,387.9,1.1,41.4,1.3,29.7,21.8,732.8,5.4,1,1,0,0,0,1.0,E
PROD_01467,Dairy Product #1467,Dairy & Cheese,363.8,14.6,14.3,0.0,27.4,12.0,349.7,12.6,0,0,0,0,0,5.28,C
PROD_01468,Beverage Item #1468,Beverages & Drinks,118.2,1.1,12.1,0.4,0.4,12.1,119.3,0.0,0,0,1,1,0,1.0,E
PROD_01469,Beverage Item #1469,Beverages & Drinks,7.4,1.9,8.9,0.4,0.8,8.9,24.4,0.0,0,0,0,1,0,1.52,E
PROD_01470,Beverage Item #1470,Beverages & Drinks,214.1,1.7,59.9,0.3,0.8,11.1,83.4,0.0,0,0,0,0,0,1.77,E
PROD_01471,Beverage Item #1471,Beverages & Drinks,208.5,1.7,3.8,0.4,0.6,3.8,16.2,0.0,0,0,1,1,0,2.21,E
PROD_01472,Beverage Item #1472,Beverages & Drinks,100.8,1.8,20.9,0.4,0.4,20.9,117.9,0.0,1,0,0,0,0,1.0,E
PROD_01473,Superfood Oil/Nut #1473,Superfoods & Healthy Oils,205.3,1.3,7.6,1.4,10.3,0.2,29.0,1.4,0,0,0,0,1,4.96,D
PROD_01474,Beverage Item #1474,Beverages & Drinks,77.4,1.0,45.0,0.1,0.0,45.0,25.1,0.0,0,0,0,1,0,1.0,E
PROD_01475,Prepared Meal #1475,Fast Food & Prepared Meals,567.9,34.3,84.5,1.9,37.9,15.5,451.2,17.7,0,0,0,1,0,4.62,D
PROD_01476,Fresh Produce Item #1476,Whole Foods & Produce,66.0,1.9,15.1,4.2,1.5,13.4,44.7,0.1,0,0,0,0,0,5.95,C
PROD_01477,Lean Protein #1477,Lean Proteins & Poultry,156.9,22.9,4.2,0.5,8.0,1.1,334.1,1.5,0,0,0,0,1,7.69,B
PROD_01478,Grain/Legume #1478,Whole Grains & Legumes,225.2,8.0,37.8,9.8,3.9,0.6,66.6,0.8,0,0,0,0,0,7.88,B
PROD_01479,Dairy Product #1479,Dairy & Cheese,330.6,19.0,9.0,0.0,31.5,9.0,163.7,7.0,0,0,0,0,0,5.92,C
PROD_01480,Dairy Product #1480,Dairy & Cheese,291.3,12.3,16.0,0.0,6.1,2.5,167.2,6.1,0,0,1,0,0,4.65,D
PROD_01481,Dairy Product #1481,Dairy & Cheese,120.8,14.8,4.6,0.0,24.2,4.6,326.4,12.8,0,0,0,0,0,6.22,C
PROD_01482,Superfood Oil/Nut #1482,Superfoods & Healthy Oils,150.8,7.6,2.9,1.0,16.6,0.4,26.0,3.0,0,0,0,0,1,5.82,C
PROD_01483,Lean Protein #1483,Lean Proteins & Poultry,190.3,37.2,1.6,0.6,2.0,0.2,330.7,1.6,0,0,0,0,0,8.29,A
PROD_01484,Condiment #1484,Condiments & Sauces,49.5,1.4,14.0,0.2,6.3,7.1,1154.9,3.0,1,0,0,1,1,1.0,E
PROD_01485,Lean Protein #1485,Lean Proteins & Poultry,154.1,34.8,1.8,0.0,2.5,0.6,313.9,0.8,0,0,0,0,0,8.11,A
PROD_01486,Superfood Oil/Nut #1486,Superfoods & Healthy Oils,273.0,6.8,6.6,1.4,22.3,1.7,24.0,2.3,0,0,0,0,1,4.88,D
PROD_01487,Grain/Legume #1487,Whole Grains & Legumes,253.2,17.9,42.0,6.9,2.9,1.6,114.4,0.3,0,0,0,0,0,6.97,B
PROD_01488,Prepared Meal #1488,Fast Food & Prepared Meals,727.5,32.3,76.1,4.5,20.1,10.2,507.9,14.1,0,1,0,1,0,3.03,E
PROD_01489,Prepared Meal #1489,Fast Food & Prepared Meals,403.9,22.5,84.2,4.1,23.1,4.7,1197.1,5.9,0,0,0,0,1,4.49,D
PROD_01490,Lean Protein #1490,Lean Proteins & Poultry,136.3,24.3,4.4,0.4,8.4,1.0,340.9,1.9,0,0,0,0,0,8.43,A
PROD_01491,Dairy Product #1491,Dairy & Cheese,223.4,12.2,3.7,0.0,15.1,3.7,280.9,13.1,0,0,0,0,0,5.07,C
PROD_01492,Fresh Produce Item #1492,Whole Foods & Produce,95.0,3.6,9.6,2.5,0.7,9.6,21.6,0.3,0,0,0,0,0,5.22,C
PROD_01493,Fresh Produce Item #1493,Whole Foods & Produce,61.9,3.9,20.4,3.2,0.8,9.1,32.6,0.2,0,0,0,0,0,6.01,C
PROD_01494,Superfood Oil/Nut #1494,Superfoods & Healthy Oils,124.8,3.4,6.4,3.4,17.9,0.5,3.0,2.0,0,0,0,0,1,6.55,B
PROD_01495,Nutrition Shake/Supplement #1495,Dietary Supplements & Shakes,113.9,33.8,6.2,4.5,2.7,2.0,53.7,1.8,0,0,1,0,0,8.1,A
PROD_01496,Superfood Oil/Nut #1496,Superfoods & Healthy Oils,129.4,5.6,5.1,0.7,18.5,0.6,46.6,1.7,0,0,0,0,1,5.57,C
PROD_01497,Fresh Produce Item #1497,Whole Foods & Produce,87.9,2.8,6.2,3.3,1.9,6.2,22.0,0.4,0,0,0,0,0,7.74,B
PROD_01498,Grain/Legume #1498,Whole Grains & Legumes,248.0,14.4,28.3,5.4,2.0,1.9,139.1,0.7,0,0,0,0,0,8.18,A
PROD_01499,Processed Snack #1499,Processed Snacks & Sweets,257.2,1.3,68.5,1.9,22.3,22.1,391.8,3.3,0,0,1,0,0,2.54,E
PROD_01500,Fresh Produce Item #1500,Whole Foods & Produce,45.6,3.4,19.2,7.8,1.2,3.1,31.9,0.3,0,0,0,0,0,6.89,B
PROD_01501,Processed Snack #1501,Processed Snacks & Sweets,409.5,2.9,46.9,0.8,28.7,36.8,150.8,9.8,0,1,0,0,0,4.02,D
PROD_01502,Prepared Meal #1502,Fast Food & Prepared Meals,808.9,16.8,75.4,5.6,27.3,20.2,1132.3,8.4,0,1,0,1,0,1.91,E
PROD_01503,Dairy Product #1503,Dairy & Cheese,100.0,22.6,5.0,0.0,9.5,5.0,325.9,9.5,0,0,0,0,0,6.08,C
PROD_01504,Grain/Legume #1504,Whole Grains & Legumes,255.0,7.3,39.9,7.7,3.1,4.3,90.1,0.5,0,0,0,0,0,6.66,B
PROD_01505,Superfood Oil/Nut #1505,Superfoods & Healthy Oils,210.6,3.1,4.9,2.9,17.1,2.0,44.1,3.2,0,0,0,0,1,4.25,D
PROD_01506,Lean Protein #1506,Lean Proteins & Poultry,152.0,23.2,0.6,0.6,12.0,0.6,154.9,1.1,0,0,0,0,0,9.23,A
PROD_01507,Grain/Legume #1507,Whole Grains & Legumes,347.7,7.4,30.2,6.4,3.7,2.2,148.0,0.5,0,0,0,0,0,6.1,C
PROD_01508,Superfood Oil/Nut #1508,Superfoods & Healthy Oils,185.7,5.4,3.7,3.7,26.3,1.6,18.8,3.2,0,0,0,0,1,5.53,C
PROD_01509,Prepared Meal #1509,Fast Food & Prepared Meals,439.6,22.4,79.6,5.3,32.9,14.7,1590.6,15.4,0,0,0,0,1,4.4,D
PROD_01510,Grain/Legume #1510,Whole Grains & Legumes,286.8,12.1,31.4,14.8,2.2,3.8,157.1,1.0,0,0,0,0,0,7.63,B
PROD_01511,Fresh Produce Item #1511,Whole Foods & Produce,56.8,2.9,14.3,4.6,1.7,2.7,44.7,0.4,0,0,0,0,0,6.21,C
PROD_01512,Fresh Produce Item #1512,Whole Foods & Produce,77.9,1.4,24.1,3.5,1.8,11.4,38.3,0.4,0,0,0,0,0,3.44,E
PROD_01513,Dairy Product #1513,Dairy & Cheese,319.9,20.4,12.4,0.0,17.7,4.1,241.1,4.3,0,0,0,0,0,6.86,B
PROD_01514,Superfood Oil/Nut #1514,Superfoods & Healthy Oils,225.0,7.8,2.4,2.4,10.9,1.0,13.4,2.1,0,0,0,0,1,6.66,B
PROD_01515,Grain/Legume #1515,Whole Grains & Legumes,164.7,8.8,39.6,13.7,4.0,4.7,16.4,0.2,0,0,0,0,0,7.68,B
PROD_01516,Dairy Product #1516,Dairy & Cheese,266.9,19.4,8.2,0.0,17.4,8.2,45.5,8.7,0,0,0,0,0,5.87,C
PROD_01517,Grain/Legume #1517,Whole Grains & Legumes,218.9,15.3,49.2,10.4,4.7,2.2,47.9,0.7,0,0,0,0,0,7.78,B
PROD_01518,Superfood Oil/Nut #1518,Superfoods & Healthy Oils,145.9,7.7,6.4,0.8,16.5,0.2,42.4,2.0,0,0,0,0,1,5.01,C
PROD_01519,Nutrition Shake/Supplement #1519,Dietary Supplements & Shakes,168.2,37.4,19.4,4.6,6.4,6.4,58.6,0.6,0,0,0,0,0,9.47,A
PROD_01520,Lean Protein #1520,Lean Proteins & Poultry,129.9,37.3,1.7,0.3,11.5,1.6,364.8,2.4,0,0,0,0,0,8.4,A
PROD_01521,Processed Snack #1521,Processed Snacks & Sweets,536.4,2.0,72.5,1.5,19.6,16.1,501.1,8.3,0,0,0,1,0,1.99,E
PROD_01522,Fresh Produce Item #1522,Whole Foods & Produce,97.5,0.9,20.3,4.6,1.7,11.6,21.9,0.5,0,0,0,0,0,4.58,D
PROD_01523,Processed Snack #1523,Processed Snacks & Sweets,238.0,4.6,36.4,1.7,15.9,30.2,609.2,9.0,0,0,0,0,0,1.58,E
PROD_01524,Lean Protein #1524,Lean Proteins & Poultry,214.4,31.2,3.4,0.9,7.1,0.7,357.8,1.3,0,0,0,0,0,7.41,B
PROD_01525,Prepared Meal #1525,Fast Food & Prepared Meals,851.3,14.4,38.4,3.1,53.2,21.7,722.8,6.1,0,1,0,0,0,3.75,D
PROD_01526,Processed Snack #1526,Processed Snacks & Sweets,203.6,2.4,31.4,0.7,12.8,28.6,700.9,10.7,0,0,0,0,0,1.0,E
PROD_01527,Prepared Meal #1527,Fast Food & Prepared Meals,516.3,35.8,58.3,3.8,27.5,15.9,1793.3,4.4,0,1,0,0,0,3.37,E
PROD_01528,Beverage Item #1528,Beverages & Drinks,24.9,1.7,31.4,0.4,0.1,31.4,75.0,0.0,0,0,1,1,0,1.0,E
PROD_01529,Processed Snack #1529,Processed Snacks & Sweets,509.5,4.9,58.2,1.3,23.4,39.8,536.6,10.0,0,0,0,0,0,5.22,C
PROD_01530,Beverage Item #1530,Beverages & Drinks,197.3,0.9,11.5,0.0,0.7,11.5,81.6,0.0,1,0,0,0,0,3.27,E
PROD_01531,Beverage Item #1531,Beverages & Drinks,142.8,1.6,44.2,0.5,0.1,31.9,86.1,0.0,0,0,0,0,0,1.45,E
PROD_01532,Nutrition Shake/Supplement #1532,Dietary Supplements & Shakes,192.9,22.6,21.0,7.9,3.4,1.1,294.7,1.7,0,0,1,1,0,6.72,B
PROD_01533,Prepared Meal #1533,Fast Food & Prepared Meals,401.3,18.8,42.6,2.5,18.4,21.2,826.1,10.2,0,0,0,0,0,4.78,D
PROD_01534,Processed Snack #1534,Processed Snacks & Sweets,453.2,2.7,60.1,1.1,24.0,12.5,248.5,4.8,0,1,0,1,0,1.0,E
PROD_01535,Fresh Produce Item #1535,Whole Foods & Produce,107.6,3.2,17.6,7.9,1.4,14.7,7.6,0.1,0,0,0,0,0,6.96,B
PROD_01536,Grain/Legume #1536,Whole Grains & Legumes,287.9,9.0,62.9,10.9,1.1,2.3,193.4,0.8,0,0,0,0,0,5.81,C
PROD_01537,Lean Protein #1537,Lean Proteins & Poultry,143.0,39.8,0.5,0.4,1.7,0.5,329.6,0.8,0,0,0,0,0,8.81,A
PROD_01538,Lean Protein #1538,Lean Proteins & Poultry,139.5,39.3,0.9,0.3,2.6,0.5,214.1,0.7,0,0,0,0,0,8.57,A
PROD_01539,Nutrition Shake/Supplement #1539,Dietary Supplements & Shakes,219.3,24.0,17.7,5.5,5.8,1.8,193.1,1.2,0,0,0,0,0,9.49,A
PROD_01540,Beverage Item #1540,Beverages & Drinks,195.8,0.5,25.8,0.3,0.2,25.8,85.9,0.0,0,0,0,1,0,1.0,E
PROD_01541,Dairy Product #1541,Dairy & Cheese,238.4,24.9,9.3,0.0,5.0,9.3,68.5,5.0,0,0,0,0,0,8.53,A
PROD_01542,Grain/Legume #1542,Whole Grains & Legumes,130.9,12.2,40.8,8.3,4.1,4.5,153.7,0.9,0,0,0,0,0,7.88,B
PROD_01543,Processed Snack #1543,Processed Snacks & Sweets,437.7,1.5,48.5,2.9,17.6,44.5,186.9,9.3,0,0,0,1,0,2.11,E
PROD_01544,Prepared Meal #1544,Fast Food & Prepared Meals,661.5,15.5,66.0,1.7,50.1,10.2,1606.1,13.8,0,1,0,1,0,1.43,E
PROD_01545,Beverage Item #1545,Beverages & Drinks,128.7,1.0,30.1,0.1,0.7,30.1,49.4,0.0,0,0,0,0,0,1.07,E
PROD_01546,Dairy Product #1546,Dairy & Cheese,182.8,10.7,8.5,0.0,22.1,5.1,628.9,4.1,0,0,1,1,0,2.28,E
PROD_01547,Grain/Legume #1547,Whole Grains & Legumes,245.9,16.2,27.4,7.5,2.0,2.2,161.6,0.5,0,0,0,0,0,8.88,A
PROD_01548,Beverage Item #1548,Beverages & Drinks,163.7,0.3,8.6,0.4,0.7,8.6,18.5,0.0,1,0,1,1,0,1.04,E
PROD_01549,Condiment #1549,Condiments & Sauces,94.1,0.5,7.4,1.1,16.5,3.9,432.8,3.0,1,0,0,1,0,1.17,E
PROD_01550,Beverage Item #1550,Beverages & Drinks,80.1,0.7,24.0,0.4,0.6,24.0,12.8,0.0,0,0,1,1,0,1.0,E
PROD_01551,Dairy Product #1551,Dairy & Cheese,274.5,24.6,17.1,0.0,31.2,15.3,44.7,14.6,0,0,0,0,0,6.33,C
PROD_01552,Fresh Produce Item #1552,Whole Foods & Produce,49.1,1.3,6.2,2.6,1.3,6.2,6.4,0.5,0,0,0,0,0,6.31,C
PROD_01553,Fresh Produce Item #1553,Whole Foods & Produce,42.9,1.9,7.4,3.0,0.9,6.4,26.0,0.2,0,0,0,0,0,7.06,B
PROD_01554,Nutrition Shake/Supplement #1554,Dietary Supplements & Shakes,202.0,26.8,23.2,4.7,6.8,10.2,120.6,0.8,1,0,0,1,0,6.51,B
PROD_01555,Grain/Legume #1555,Whole Grains & Legumes,192.9,9.7,51.7,15.5,2.3,2.3,155.4,0.5,0,0,0,0,0,5.24,C
PROD_01556,Lean Protein #1556,Lean Proteins & Poultry,169.6,25.8,0.9,0.9,9.4,0.8,380.5,2.1,0,0,0,0,0,7.72,B
PROD_01557,Nutrition Shake/Supplement #1557,Dietary Supplements & Shakes,160.7,20.4,15.2,6.9,2.6,0.9,124.0,2.5,0,0,0,0,0,10.0,A
PROD_01558,Nutrition Shake/Supplement #1558,Dietary Supplements & Shakes,165.5,36.8,23.1,3.9,8.6,6.4,206.8,1.7,0,0,1,0,0,6.99,B
PROD_01559,Fresh Produce Item #1559,Whole Foods & Produce,93.1,2.9,16.2,2.8,0.5,5.8,45.1,0.1,0,0,0,0,0,6.64,B
PROD_01560,Fresh Produce Item #1560,Whole Foods & Produce,88.9,3.4,8.7,5.7,0.2,3.3,35.4,0.0,0,0,0,0,0,8.07,A
PROD_01561,Fresh Produce Item #1561,Whole Foods & Produce,36.6,3.3,20.7,2.1,0.8,2.9,40.6,0.4,0,0,0,0,0,4.91,D
PROD_01562,Grain/Legume #1562,Whole Grains & Legumes,244.9,6.6,53.6,11.0,4.3,1.7,181.1,1.0,0,0,0,0,0,6.45,C
PROD_01563,Prepared Meal #1563,Fast Food & Prepared Meals,790.8,12.5,76.2,3.5,35.5,14.1,1437.8,15.6,0,0,0,0,0,4.18,D
PROD_01564,Processed Snack #1564,Processed Snacks & Sweets,207.8,2.7,68.9,0.6,17.4,37.2,769.6,11.9,1,0,1,0,0,1.0,E
PROD_01565,Prepared Meal #1565,Fast Food & Prepared Meals,836.9,25.9,55.2,3.0,50.8,12.2,997.8,4.6,0,0,0,0,0,5.54,C
PROD_01566,Lean Protein #1566,Lean Proteins & Poultry,193.7,38.9,3.6,0.9,11.5,0.1,440.1,3.1,0,0,0,0,0,7.57,B
PROD_01567,Grain/Legume #1567,Whole Grains & Legumes,331.2,17.1,52.3,5.2,3.1,3.3,199.0,1.0,0,0,0,0,0,7.44,B
PROD_01568,Dairy Product #1568,Dairy & Cheese,125.7,8.7,13.5,0.0,15.5,13.5,230.3,2.7,0,0,0,0,0,6.16,C
PROD_01569,Condiment #1569,Condiments & Sauces,39.0,1.8,31.1,0.0,13.5,18.7,1121.3,1.5,0,1,0,1,0,1.0,E
PROD_01570,Lean Protein #1570,Lean Proteins & Poultry,167.1,30.4,4.8,0.6,8.2,1.4,358.0,2.4,0,0,0,0,0,7.98,B
PROD_01571,Prepared Meal #1571,Fast Food & Prepared Meals,491.0,37.5,56.8,2.3,34.5,17.1,562.4,12.9,0,1,0,0,0,4.93,D
PROD_01572,Dairy Product #1572,Dairy & Cheese,315.3,16.5,7.0,0.0,7.7,7.0,403.2,7.7,0,0,0,0,0,6.08,C
PROD_01573,Nutrition Shake/Supplement #1573,Dietary Supplements & Shakes,227.7,15.8,21.2,2.2,1.9,10.3,219.9,0.8,0,0,1,0,0,5.74,C
PROD_01574,Superfood Oil/Nut #1574,Superfoods & Healthy Oils,132.1,3.3,0.7,0.7,20.6,0.7,34.4,3.9,0,0,0,0,1,4.86,D
PROD_01575,Grain/Legume #1575,Whole Grains & Legumes,213.6,7.6,42.3,11.6,1.0,2.1,123.4,1.0,0,0,0,0,0,7.04,B
PROD_01576,Lean Protein #1576,Lean Proteins & Poultry,140.1,34.8,4.6,0.8,3.4,1.5,141.9,1.4,0,0,0,0,0,8.57,A
PROD_01577,Grain/Legume #1577,Whole Grains & Legumes,201.0,7.1,27.3,14.4,3.9,3.6,71.2,0.5,0,0,0,0,0,7.97,B
PROD_01578,Beverage Item #1578,Beverages & Drinks,111.3,0.5,30.7,0.2,0.2,30.7,26.5,0.0,0,0,0,0,0,1.0,E
PROD_01579,Beverage Item #1579,Beverages & Drinks,179.8,0.1,57.0,0.4,0.3,17.6,104.8,0.0,0,0,0,0,0,2.6,E
PROD_01580,Superfood Oil/Nut #1580,Superfoods & Healthy Oils,176.1,4.0,5.8,2.5,20.3,1.4,38.9,1.8,0,0,0,0,1,5.44,C
PROD_01581,Fresh Produce Item #1581,Whole Foods & Produce,108.2,2.3,22.3,3.6,0.4,2.2,9.2,0.1,0,0,0,0,1,7.13,B
PROD_01582,Processed Snack #1582,Processed Snacks & Sweets,506.7,1.6,52.2,1.6,8.2,26.6,389.9,8.2,0,1,0,1,0,1.69,E
PROD_01583,Nutrition Shake/Supplement #1583,Dietary Supplements & Shakes,180.0,41.2,6.8,2.5,4.1,6.8,201.1,1.8,0,0,1,1,0,6.05,C
PROD_01584,Lean Protein #1584,Lean Proteins & Poultry,163.8,35.6,2.2,0.4,7.4,0.5,81.6,0.6,0,0,0,0,0,9.04,A
PROD_01585,Dairy Product #1585,Dairy & Cheese,312.2,12.4,12.9,0.0,20.9,9.0,560.3,14.0,0,0,0,0,0,3.83,D
PROD_01586,Beverage Item #1586,Beverages & Drinks,107.0,1.1,48.1,0.4,1.0,43.0,42.8,0.0,0,0,0,0,0,1.03,E
PROD_01587,Beverage Item #1587,Beverages & Drinks,55.8,0.6,58.3,0.1,0.5,13.2,112.6,0.0,0,0,0,1,0,1.0,E
PROD_01588,Nutrition Shake/Supplement #1588,Dietary Supplements & Shakes,216.6,19.6,16.5,8.0,6.4,4.8,149.5,2.4,0,0,0,0,0,8.81,A
PROD_01589,Dairy Product #1589,Dairy & Cheese,180.6,8.3,7.0,0.0,15.6,5.6,172.3,2.1,0,0,0,0,0,5.96,C
PROD_01590,Superfood Oil/Nut #1590,Superfoods & Healthy Oils,229.7,4.3,2.9,2.9,23.3,1.2,14.6,3.8,0,0,0,0,1,5.22,C
PROD_01591,Condiment #1591,Condiments & Sauces,173.4,0.1,3.3,1.5,11.6,3.3,315.8,0.2,1,0,1,0,0,2.52,E
PROD_01592,Dairy Product #1592,Dairy & Cheese,214.4,22.8,14.1,0.0,20.3,2.2,576.7,9.6,0,0,0,0,0,5.45,C
PROD_01593,Prepared Meal #1593,Fast Food & Prepared Meals,937.1,36.7,58.7,4.3,50.5,19.0,1097.2,7.7,1,0,0,0,0,4.38,D
PROD_01594,Beverage Item #1594,Beverages & Drinks,203.1,0.9,46.5,0.1,0.6,4.1,48.3,0.0,1,0,0,1,0,1.0,E
PROD_01595,Prepared Meal #1595,Fast Food & Prepared Meals,493.3,35.1,55.0,2.4,43.3,9.7,900.0,14.3,0,0,0,0,0,6.26,C
PROD_01596,Superfood Oil/Nut #1596,Superfoods & Healthy Oils,189.0,6.8,5.5,1.0,11.1,1.1,35.0,4.0,0,0,0,0,1,5.82,C
PROD_01597,Fresh Produce Item #1597,Whole Foods & Produce,110.2,1.8,18.8,5.6,0.2,3.0,5.9,0.2,0,0,0,0,0,7.13,B
PROD_01598,Grain/Legume #1598,Whole Grains & Legumes,305.3,15.6,56.0,10.8,2.1,4.1,41.3,0.4,0,0,0,0,0,7.59,B
PROD_01599,Nutrition Shake/Supplement #1599,Dietary Supplements & Shakes,251.0,34.6,12.1,1.7,8.3,6.3,172.1,1.7,0,0,1,0,0,6.74,B
PROD_01600,Condiment #1600,Condiments & Sauces,102.6,1.0,24.8,1.4,2.0,23.5,900.8,0.4,1,0,0,1,0,1.0,E
PROD_01601,Prepared Meal #1601,Fast Food & Prepared Meals,504.7,13.0,77.4,3.2,47.7,10.5,954.0,14.9,0,0,0,0,0,4.64,D
PROD_01602,Beverage Item #1602,Beverages & Drinks,159.4,1.2,12.2,0.2,0.7,12.2,12.0,0.0,0,0,0,1,0,3.27,E
PROD_01603,Dairy Product #1603,Dairy & Cheese,298.7,15.2,16.5,0.0,3.9,6.8,542.3,3.9,0,0,0,0,0,6.23,C
PROD_01604,Condiment #1604,Condiments & Sauces,57.1,1.2,24.6,0.7,6.1,17.7,1373.4,1.3,1,0,1,0,0,1.0,E
PROD_01605,Lean Protein #1605,Lean Proteins & Poultry,174.0,44.7,3.7,0.4,6.3,1.0,313.7,1.9,0,0,0,0,0,8.68,A
PROD_01606,Prepared Meal #1606,Fast Food & Prepared Meals,511.4,30.2,42.6,1.7,45.5,16.0,1123.0,10.5,0,0,0,0,0,4.59,D
PROD_01607,Dairy Product #1607,Dairy & Cheese,235.7,17.3,6.0,0.0,7.7,6.0,90.0,7.7,0,0,0,1,0,4.31,D
PROD_01608,Grain/Legume #1608,Whole Grains & Legumes,346.4,11.0,33.5,10.7,3.6,1.9,144.4,1.0,0,0,0,0,0,7.6,B
PROD_01609,Nutrition Shake/Supplement #1609,Dietary Supplements & Shakes,171.9,26.1,11.7,1.7,7.2,4.7,313.9,2.4,1,0,0,0,0,6.16,C
PROD_01610,Nutrition Shake/Supplement #1610,Dietary Supplements & Shakes,233.7,28.6,15.6,2.4,6.7,2.6,217.2,1.8,0,0,0,0,0,8.66,A
PROD_01611,Fresh Produce Item #1611,Whole Foods & Produce,73.5,2.2,6.2,5.6,1.6,6.2,14.1,0.4,0,0,0,0,0,8.88,A
PROD_01612,Superfood Oil/Nut #1612,Superfoods & Healthy Oils,209.0,3.8,6.7,2.6,10.5,2.0,3.7,3.1,0,0,0,0,1,4.87,D
PROD_01613,Grain/Legume #1613,Whole Grains & Legumes,249.0,9.8,56.0,15.2,2.4,4.1,102.2,0.5,0,0,0,0,0,5.91,C
PROD_01614,Beverage Item #1614,Beverages & Drinks,158.5,1.9,11.3,0.3,0.2,11.3,89.3,0.0,0,0,0,1,0,3.85,D
PROD_01615,Condiment #1615,Condiments & Sauces,99.3,0.8,7.3,1.3,17.8,7.3,1129.6,2.6,0,1,0,1,1,1.0,E
PROD_01616,Dairy Product #1616,Dairy & Cheese,107.0,9.9,4.3,0.0,12.6,4.3,407.4,12.0,0,0,0,0,0,4.15,D
PROD_01617,Grain/Legume #1617,Whole Grains & Legumes,300.2,14.7,39.4,11.0,3.6,3.3,142.5,0.3,0,0,0,0,0,7.44,B
PROD_01618,Condiment #1618,Condiments & Sauces,37.9,0.7,18.3,0.1,17.0,18.3,1077.0,0.5,0,0,0,0,0,3.34,E
PROD_01619,Dairy Product #1619,Dairy & Cheese,95.1,18.6,2.7,0.0,26.2,2.7,584.9,5.2,0,0,0,0,0,6.31,C
PROD_01620,Lean Protein #1620,Lean Proteins & Poultry,213.5,40.1,4.8,0.4,5.0,0.4,122.3,1.5,0,0,0,0,0,9.86,A
PROD_01621,Processed Snack #1621,Processed Snacks & Sweets,290.8,1.4,42.3,0.7,19.2,26.5,263.1,4.2,0,1,1,0,0,2.56,E
PROD_01622,Beverage Item #1622,Beverages & Drinks,62.9,1.8,57.0,0.1,0.8,13.1,91.1,0.0,0,0,1,0,0,1.0,E
PROD_01623,Fresh Produce Item #1623,Whole Foods & Produce,35.0,2.3,16.5,3.7,2.0,6.4,14.5,0.1,0,0,0,0,0,6.63,B
PROD_01624,Grain/Legume #1624,Whole Grains & Legumes,232.0,12.3,63.1,11.6,3.4,1.1,199.3,0.8,0,0,0,0,0,6.26,C
PROD_01625,Condiment #1625,Condiments & Sauces,177.6,0.4,24.8,0.1,0.8,8.6,1365.1,0.8,1,1,0,1,0,1.0,E
PROD_01626,Grain/Legume #1626,Whole Grains & Legumes,297.9,16.4,25.8,7.7,1.4,2.5,178.5,0.6,0,0,0,0,0,8.36,A
PROD_01627,Beverage Item #1627,Beverages & Drinks,181.9,1.3,43.7,0.5,0.4,18.8,85.2,0.0,0,0,1,0,0,1.0,E
PROD_01628,Beverage Item #1628,Beverages & Drinks,175.2,0.4,20.8,0.3,0.5,20.8,115.7,0.0,1,0,0,1,0,1.0,E
PROD_01629,Nutrition Shake/Supplement #1629,Dietary Supplements & Shakes,245.5,26.8,4.5,2.4,7.5,4.5,134.8,0.9,1,0,0,0,0,6.73,B
PROD_01630,Prepared Meal #1630,Fast Food & Prepared Meals,439.5,12.6,48.1,2.0,46.2,6.0,1427.7,9.4,1,0,0,0,0,2.59,E
PROD_01631,Prepared Meal #1631,Fast Food & Prepared Meals,377.2,17.2,80.1,4.7,25.9,5.1,1608.4,8.4,1,0,0,0,1,3.14,E
PROD_01632,Fresh Produce Item #1632,Whole Foods & Produce,95.7,3.9,9.6,2.9,1.8,9.6,24.7,0.3,0,0,0,0,0,6.02,C
PROD_01633,Condiment #1633,Condiments & Sauces,34.1,1.9,13.2,1.1,10.3,3.9,873.6,2.0,0,1,0,0,1,1.78,E
PROD_01634,Superfood Oil/Nut #1634,Superfoods & Healthy Oils,231.4,5.1,1.9,1.9,11.5,1.0,10.4,1.2,0,0,0,0,1,4.77,D
PROD_01635,Dairy Product #1635,Dairy & Cheese,198.2,16.7,17.1,0.0,30.5,3.0,414.9,2.7,0,0,0,0,0,6.21,C
PROD_01636,Beverage Item #1636,Beverages & Drinks,69.2,1.3,7.9,0.4,0.8,7.9,60.4,0.0,0,0,0,1,0,2.43,E
PROD_01637,Condiment #1637,Condiments & Sauces,176.5,0.2,16.2,0.1,14.0,16.2,798.8,1.2,0,1,0,1,0,1.31,E
PROD_01638,Condiment #1638,Condiments & Sauces,125.3,0.6,3.6,1.2,5.6,2.7,289.7,0.8,1,0,0,0,1,2.9,E
PROD_01639,Prepared Meal #1639,Fast Food & Prepared Meals,744.1,34.0,40.0,4.4,22.9,6.1,1655.4,13.0,1,0,0,0,0,4.2,D
PROD_01640,Nutrition Shake/Supplement #1640,Dietary Supplements & Shakes,300.6,41.6,9.2,5.5,4.5,6.5,216.4,1.3,0,0,1,0,0,7.66,B
PROD_01641,Prepared Meal #1641,Fast Food & Prepared Meals,393.2,13.2,44.0,3.2,19.4,19.7,481.2,8.4,1,0,0,0,0,4.5,D
PROD_01642,Nutrition Shake/Supplement #1642,Dietary Supplements & Shakes,168.0,30.9,6.2,6.2,7.0,6.2,57.8,1.5,0,0,0,0,0,10.0,A
PROD_01643,Condiment #1643,Condiments & Sauces,32.4,1.6,33.5,0.1,7.0,14.2,375.8,2.6,1,0,0,0,1,1.0,E
PROD_01644,Dairy Product #1644,Dairy & Cheese,170.3,9.5,11.3,0.0,20.8,3.7,41.5,17.6,1,0,0,0,0,2.57,E
PROD_01645,Condiment #1645,Condiments & Sauces,52.6,0.1,19.7,1.5,13.3,9.8,1192.6,2.3,1,1,1,0,0,1.0,E
PROD_01646,Nutrition Shake/Supplement #1646,Dietary Supplements & Shakes,139.5,35.1,12.0,2.1,3.7,6.6,86.4,0.5,0,0,1,1,0,5.65,C
PROD_01647,Beverage Item #1647,Beverages & Drinks,80.0,0.9,36.9,0.0,0.9,31.5,65.9,0.0,0,0,0,0,0,1.08,E
PROD_01648,Superfood Oil/Nut #1648,Superfoods & Healthy Oils,205.2,1.7,1.8,1.8,21.9,0.3,21.9,1.4,0,0,0,0,1,8.18,A
PROD_01649,Grain/Legume #1649,Whole Grains & Legumes,154.0,13.9,49.3,10.2,2.1,2.3,162.2,0.8,0,0,0,0,0,7.79,B
PROD_01650,Grain/Legume #1650,Whole Grains & Legumes,222.5,16.0,55.8,14.0,3.1,4.6,68.6,0.3,0,0,0,0,0,8.15,A
PROD_01651,Condiment #1651,Condiments & Sauces,65.0,0.5,2.8,0.8,17.8,2.8,1277.0,1.9,1,0,0,0,0,3.51,D
PROD_01652,Processed Snack #1652,Processed Snacks & Sweets,325.7,1.0,65.2,2.2,10.8,44.5,545.2,7.3,1,0,0,1,0,1.0,E
PROD_01653,Beverage Item #1653,Beverages & Drinks,182.2,1.2,36.5,0.1,0.7,36.5,49.4,0.0,0,0,1,0,0,1.0,E
PROD_01654,Superfood Oil/Nut #1654,Superfoods & Healthy Oils,152.8,8.3,7.4,0.7,23.0,0.2,29.9,1.5,0,0,0,0,1,5.82,C
PROD_01655,Lean Protein #1655,Lean Proteins & Poultry,110.6,43.5,4.1,0.1,7.8,0.5,155.6,3.1,0,0,0,0,1,8.45,A
PROD_01656,Beverage Item #1656,Beverages & Drinks,236.0,0.6,19.4,0.5,0.1,19.4,112.9,0.0,0,0,1,1,0,2.56,E
PROD_01657,Prepared Meal #1657,Fast Food & Prepared Meals,753.9,19.1,35.4,3.0,32.6,14.2,1373.2,4.9,0,1,0,0,0,3.43,E
PROD_01658,Dairy Product #1658,Dairy & Cheese,264.0,23.5,2.7,0.0,12.9,2.3,206.1,12.9,1,0,0,1,0,2.3,E
PROD_01659,Beverage Item #1659,Beverages & Drinks,184.6,1.0,45.6,0.1,1.0,43.1,31.7,0.0,0,0,1,1,0,1.0,E
PROD_01660,Superfood Oil/Nut #1660,Superfoods & Healthy Oils,235.8,5.9,4.0,3.1,13.7,1.6,47.4,3.7,0,0,0,0,1,5.42,C
PROD_01661,Grain/Legume #1661,Whole Grains & Legumes,225.3,11.3,64.6,7.1,4.1,3.0,85.7,0.7,0,0,0,0,0,5.39,C
PROD_01662,Grain/Legume #1662,Whole Grains & Legumes,219.8,11.6,58.8,11.7,3.4,1.8,167.6,0.3,0,0,0,0,1,5.96,C
PROD_01663,Processed Snack #1663,Processed Snacks & Sweets,293.7,2.4,60.2,1.0,22.9,15.0,245.7,7.3,0,0,0,0,0,3.87,D
PROD_01664,Nutrition Shake/Supplement #1664,Dietary Supplements & Shakes,271.9,28.7,10.1,7.2,6.4,3.9,189.0,2.3,0,0,0,0,0,10.0,A
PROD_01665,Fresh Produce Item #1665,Whole Foods & Produce,109.7,2.2,7.7,4.3,0.3,4.6,7.3,0.2,0,0,0,0,0,7.62,B
PROD_01666,Nutrition Shake/Supplement #1666,Dietary Supplements & Shakes,274.0,24.4,20.3,4.2,2.4,4.9,120.0,0.7,0,0,0,0,0,8.5,A
PROD_01667,Prepared Meal #1667,Fast Food & Prepared Meals,400.7,13.8,70.7,4.8,53.4,11.3,484.1,12.4,0,0,0,0,1,4.05,D
PROD_01668,Lean Protein #1668,Lean Proteins & Poultry,200.4,24.6,1.0,0.3,3.4,1.0,447.8,2.5,0,0,0,0,0,7.52,B
PROD_01669,Superfood Oil/Nut #1669,Superfoods & Healthy Oils,170.0,8.3,7.8,2.5,15.2,1.5,6.6,3.3,0,0,0,0,1,5.93,C
PROD_01670,Condiment #1670,Condiments & Sauces,165.6,1.1,11.5,0.2,5.3,10.6,1051.9,0.5,1,0,0,0,0,2.06,E
PROD_01671,Grain/Legume #1671,Whole Grains & Legumes,271.0,6.8,63.6,5.2,3.4,4.0,158.6,0.2,0,0,0,0,0,4.04,D
PROD_01672,Nutrition Shake/Supplement #1672,Dietary Supplements & Shakes,245.6,43.6,8.5,2.7,2.9,8.5,156.0,2.5,0,0,1,1,0,6.28,C
PROD_01673,Condiment #1673,Condiments & Sauces,146.0,1.2,21.0,1.0,6.1,10.8,577.1,2.1,1,1,0,0,0,1.0,E
PROD_01674,Superfood Oil/Nut #1674,Superfoods & Healthy Oils,193.6,8.8,1.1,1.1,17.2,1.0,38.1,1.5,0,0,0,0,1,6.38,C
PROD_01675,Superfood Oil/Nut #1675,Superfoods & Healthy Oils,179.9,7.9,4.1,2.7,25.5,1.0,34.1,1.3,0,0,0,0,1,5.87,C
PROD_01676,Grain/Legume #1676,Whole Grains & Legumes,219.9,8.8,59.7,6.8,3.5,4.7,136.5,0.4,0,0,0,0,0,4.58,D
PROD_01677,Grain/Legume #1677,Whole Grains & Legumes,162.2,16.0,50.8,9.0,3.0,4.6,128.2,0.5,0,0,0,0,1,7.6,B
PROD_01678,Lean Protein #1678,Lean Proteins & Poultry,123.1,26.9,1.0,0.8,11.3,0.2,201.7,3.2,0,0,0,0,0,7.6,B
PROD_01679,Grain/Legume #1679,Whole Grains & Legumes,280.6,16.1,49.0,6.5,2.6,4.9,73.5,0.9,0,0,0,0,1,6.58,B
PROD_01680,Prepared Meal #1680,Fast Food & Prepared Meals,421.5,17.0,85.3,1.8,26.2,4.2,1389.1,12.7,0,0,0,1,0,1.73,E
PROD_01681,Prepared Meal #1681,Fast Food & Prepared Meals,361.7,16.5,79.5,4.9,53.9,7.4,616.0,5.9,1,0,0,0,0,4.21,D
PROD_01682,Nutrition Shake/Supplement #1682,Dietary Supplements & Shakes,117.1,27.0,16.1,3.0,7.9,2.2,160.1,0.7,0,0,1,1,0,5.59,C
PROD_01683,Lean Protein #1683,Lean Proteins & Poultry,175.9,36.7,4.8,0.7,7.6,1.7,302.8,1.0,0,0,0,0,0,9.32,A
PROD_01684,Beverage Item #1684,Beverages & Drinks,235.8,1.4,22.7,0.1,0.7,22.7,78.9,0.0,0,0,1,1,0,2.31,E
PROD_01685,Condiment #1685,Condiments & Sauces,114.1,0.3,16.4,1.4,3.5,1.9,712.6,1.7,1,0,0,1,0,1.0,E
PROD_01686,Beverage Item #1686,Beverages & Drinks,112.2,1.7,20.5,0.5,0.2,2.1,106.0,0.0,0,0,1,0,0,1.0,E
PROD_01687,Dairy Product #1687,Dairy & Cheese,384.3,15.6,9.5,0.0,16.0,6.7,365.6,9.7,1,0,0,0,0,3.9,D
PROD_01688,Condiment #1688,Condiments & Sauces,123.0,1.8,31.7,0.8,12.3,1.3,1215.6,2.4,1,0,0,1,0,1.0,E
PROD_01689,Prepared Meal #1689,Fast Food & Prepared Meals,563.6,13.1,51.7,2.8,49.5,10.3,1053.7,9.3,1,0,0,0,0,3.46,E
PROD_01690,Nutrition Shake/Supplement #1690,Dietary Supplements & Shakes,235.6,18.5,21.5,8.0,4.2,5.7,263.5,2.4,0,0,1,1,0,5.88,C
PROD_01691,Grain/Legume #1691,Whole Grains & Legumes,281.6,7.6,45.1,13.6,1.9,4.4,15.3,0.8,0,0,0,0,0,8.4,A
PROD_01692,Beverage Item #1692,Beverages & Drinks,117.6,0.2,54.7,0.3,0.5,20.6,24.8,0.0,0,0,0,1,0,1.0,E
PROD_01693,Fresh Produce Item #1693,Whole Foods & Produce,111.2,2.8,14.6,6.9,1.0,9.3,5.1,0.2,0,0,0,0,0,6.92,B
PROD_01694,Condiment #1694,Condiments & Sauces,92.2,0.4,32.5,0.1,15.6,14.8,942.7,0.9,0,0,0,0,0,4.18,D
PROD_01695,Processed Snack #1695,Processed Snacks & Sweets,413.0,2.7,44.8,2.2,26.7,22.6,361.3,7.6,0,1,0,0,0,3.77,D
PROD_01696,Superfood Oil/Nut #1696,Superfoods & Healthy Oils,155.3,5.3,1.8,1.3,21.0,0.1,48.5,3.8,0,0,0,0,1,5.08,C
PROD_01697,Beverage Item #1697,Beverages & Drinks,123.7,0.9,52.9,0.3,0.3,24.6,57.2,0.0,0,0,1,1,0,1.0,E
PROD_01698,Grain/Legume #1698,Whole Grains & Legumes,253.9,6.8,48.8,5.1,2.3,4.7,64.3,1.0,0,0,0,0,0,6.38,C
PROD_01699,Superfood Oil/Nut #1699,Superfoods & Healthy Oils,156.7,4.4,7.0,0.3,16.6,1.9,0.7,3.7,0,0,0,0,1,4.59,D
PROD_01700,Beverage Item #1700,Beverages & Drinks,6.1,0.7,2.7,0.3,0.8,2.7,70.4,0.0,0,0,1,1,0,2.83,E
PROD_01701,Dairy Product #1701,Dairy & Cheese,355.4,23.8,14.6,0.0,21.9,8.1,108.4,14.1,0,0,0,1,0,4.85,D
PROD_01702,Condiment #1702,Condiments & Sauces,69.8,0.9,33.6,0.6,1.9,13.5,977.7,0.0,1,0,0,1,0,1.0,E
PROD_01703,Condiment #1703,Condiments & Sauces,118.8,1.2,22.9,1.1,0.3,3.8,631.4,0.3,1,0,0,0,0,1.0,E
PROD_01704,Condiment #1704,Condiments & Sauces,112.8,1.0,34.8,0.7,15.0,23.0,285.7,0.3,0,0,0,1,0,3.8,D
PROD_01705,Prepared Meal #1705,Fast Food & Prepared Meals,550.3,34.2,44.0,5.8,34.8,20.7,904.7,14.0,0,0,0,0,0,5.12,C
PROD_01706,Nutrition Shake/Supplement #1706,Dietary Supplements & Shakes,247.9,27.6,6.1,6.1,5.7,6.1,175.4,0.6,0,0,1,1,0,6.79,B
PROD_01707,Prepared Meal #1707,Fast Food & Prepared Meals,548.5,30.9,72.4,2.6,38.7,15.7,1155.5,11.3,0,1,0,0,0,4.08,D
PROD_01708,Dairy Product #1708,Dairy & Cheese,327.2,15.1,14.6,0.0,5.1,4.7,376.4,5.1,1,0,1,0,0,3.1,E
PROD_01709,Lean Protein #1709,Lean Proteins & Poultry,165.9,40.6,0.4,0.2,4.7,0.4,324.1,0.9,0,0,0,0,0,8.65,A
PROD_01710,Fresh Produce Item #1710,Whole Foods & Produce,28.5,3.6,23.0,2.6,0.8,12.9,10.8,0.1,0,0,0,0,0,3.17,E
PROD_01711,Beverage Item #1711,Beverages & Drinks,52.2,0.0,16.1,0.1,0.5,11.2,94.0,0.0,1,0,0,0,0,1.0,E
PROD_01712,Grain/Legume #1712,Whole Grains & Legumes,318.8,16.5,25.8,5.6,4.7,1.1,126.1,0.7,0,0,0,0,0,8.18,A
PROD_01713,Condiment #1713,Condiments & Sauces,173.4,1.1,29.9,0.5,7.9,13.7,534.5,1.1,0,0,0,1,0,1.0,E
PROD_01714,Condiment #1714,Condiments & Sauces,22.0,0.1,10.0,0.0,4.4,10.0,273.3,1.3,0,0,0,0,0,2.1,E
PROD_01715,Processed Snack #1715,Processed Snacks & Sweets,257.1,1.1,70.9,1.9,9.5,31.1,244.3,2.8,1,0,0,0,0,1.74,E
PROD_01716,Lean Protein #1716,Lean Proteins & Poultry,206.1,21.5,2.1,0.6,2.2,0.3,315.5,2.1,0,0,0,0,1,7.41,B
PROD_01717,Grain/Legume #1717,Whole Grains & Legumes,330.8,6.2,50.7,5.8,1.0,1.2,87.5,0.8,0,0,0,0,0,4.56,D
PROD_01718,Fresh Produce Item #1718,Whole Foods & Produce,73.9,3.3,21.6,7.1,0.7,12.3,14.5,0.4,0,0,0,0,0,5.12,C
PROD_01719,Prepared Meal #1719,Fast Food & Prepared Meals,509.7,20.7,54.8,3.7,48.6,11.2,1538.3,5.6,0,1,0,1,0,2.21,E
PROD_01720,Superfood Oil/Nut #1720,Superfoods & Healthy Oils,234.5,1.4,4.0,1.7,21.4,0.1,1.7,2.3,0,0,0,0,1,8.02,A
PROD_01721,Beverage Item #1721,Beverages & Drinks,161.1,0.0,10.7,0.1,0.4,10.7,33.8,0.0,1,0,0,1,0,1.99,E
PROD_01722,Superfood Oil/Nut #1722,Superfoods & Healthy Oils,258.6,5.7,7.6,2.9,12.2,0.3,49.5,3.2,0,0,0,0,1,4.59,D
PROD_01723,Beverage Item #1723,Beverages & Drinks,208.2,1.0,53.1,0.4,0.7,28.5,102.4,0.0,1,0,0,0,0,1.0,E
PROD_01724,Condiment #1724,Condiments & Sauces,66.2,0.7,17.6,0.8,14.6,6.1,1246.1,2.3,0,1,1,0,0,1.0,E
PROD_01725,Lean Protein #1725,Lean Proteins & Poultry,175.2,24.3,0.2,0.2,9.5,0.2,89.0,2.1,0,0,0,0,0,8.72,A
PROD_01726,Superfood Oil/Nut #1726,Superfoods & Healthy Oils,153.5,8.7,3.7,2.9,18.2,0.5,40.5,1.1,0,0,0,0,1,5.94,C
PROD_01727,Condiment #1727,Condiments & Sauces,172.4,0.9,6.3,0.2,11.7,6.3,313.4,2.2,0,0,0,0,1,3.91,D
PROD_01728,Grain/Legume #1728,Whole Grains & Legumes,305.6,15.3,43.5,14.5,4.7,2.0,48.8,0.6,0,0,0,0,0,8.44,A
PROD_01729,Beverage Item #1729,Beverages & Drinks,189.3,0.0,7.6,0.3,0.2,5.1,49.6,0.0,1,0,0,0,0,3.39,E
PROD_01730,Lean Protein #1730,Lean Proteins & Poultry,198.0,36.1,2.5,0.1,9.4,1.2,97.5,2.6,0,0,0,0,0,8.68,A
PROD_01731,Condiment #1731,Condiments & Sauces,119.6,1.2,23.5,0.0,9.9,17.1,449.0,0.6,1,0,0,0,0,1.27,E
PROD_01732,Processed Snack #1732,Processed Snacks & Sweets,204.5,2.6,45.2,0.9,15.4,31.3,488.2,5.5,0,0,0,1,0,2.13,E
PROD_01733,Condiment #1733,Condiments & Sauces,139.2,0.1,7.0,0.2,14.9,2.2,997.6,0.1,0,0,0,0,0,3.72,D
PROD_01734,Lean Protein #1734,Lean Proteins & Poultry,216.3,28.6,0.7,0.3,5.3,0.7,329.2,2.1,0,0,0,0,0,7.95,B
PROD_01735,Superfood Oil/Nut #1735,Superfoods & Healthy Oils,233.4,8.6,5.0,0.9,14.5,1.8,0.7,2.6,0,0,0,0,1,5.83,C
PROD_01736,Condiment #1736,Condiments & Sauces,145.7,0.7,13.4,0.7,16.2,13.4,274.1,0.1,0,0,0,1,0,3.23,E
PROD_01737,Condiment #1737,Condiments & Sauces,57.2,0.3,26.3,0.6,1.1,24.6,869.2,1.0,1,0,0,1,0,1.0,E
PROD_01738,Superfood Oil/Nut #1738,Superfoods & Healthy Oils,204.6,7.7,0.5,0.4,20.0,0.5,10.6,3.2,0,0,0,0,1,6.39,C
PROD_01739,Beverage Item #1739,Beverages & Drinks,208.7,0.2,46.4,0.3,0.9,39.5,41.0,0.0,0,0,1,1,0,1.0,E
PROD_01740,Grain/Legume #1740,Whole Grains & Legumes,340.2,12.3,61.5,5.2,3.6,1.9,89.2,0.9,0,0,0,0,0,5.71,C
PROD_01741,Nutrition Shake/Supplement #1741,Dietary Supplements & Shakes,120.8,30.9,9.4,7.8,7.9,8.9,330.1,1.2,0,0,1,0,0,9.21,A
PROD_01742,Fresh Produce Item #1742,Whole Foods & Produce,31.9,1.2,8.0,7.7,0.5,8.0,10.2,0.4,0,0,0,0,0,6.57,B
PROD_01743,Prepared Meal #1743,Fast Food & Prepared Meals,870.4,27.5,90.1,4.1,43.2,11.5,1684.0,15.5,1,0,0,0,0,3.74,D
PROD_01744,Superfood Oil/Nut #1744,Superfoods & Healthy Oils,183.0,5.3,1.5,1.3,12.2,1.4,18.1,1.7,0,0,0,0,1,5.2,C
PROD_01745,Processed Snack #1745,Processed Snacks & Sweets,431.9,4.7,62.4,2.1,24.9,31.0,319.5,11.2,1,1,0,1,0,1.0,E
PROD_01746,Lean Protein #1746,Lean Proteins & Poultry,161.5,44.5,4.3,0.0,7.5,0.4,447.6,0.9,0,0,0,0,0,8.23,A
PROD_01747,Fresh Produce Item #1747,Whole Foods & Produce,110.0,3.8,17.4,2.3,1.5,3.4,35.1,0.4,0,0,0,0,0,5.62,C
PROD_01748,Nutrition Shake/Supplement #1748,Dietary Supplements & Shakes,139.5,42.1,9.9,1.9,7.7,0.5,299.6,1.0,0,0,0,0,0,9.31,A
PROD_01749,Prepared Meal #1749,Fast Food & Prepared Meals,807.2,17.0,53.9,1.9,19.9,19.9,597.3,5.3,0,0,0,1,0,3.65,D
PROD_01750,Lean Protein #1750,Lean Proteins & Poultry,190.8,22.0,3.0,0.9,2.0,1.6,207.8,1.0,0,0,0,0,1,8.3,A
PROD_01751,Condiment #1751,Condiments & Sauces,33.2,1.7,20.0,0.1,8.4,20.0,1071.4,1.5,0,1,0,0,0,1.0,E
PROD_01752,Superfood Oil/Nut #1752,Superfoods & Healthy Oils,162.3,4.0,6.6,3.9,27.5,2.0,12.0,3.7,0,0,0,0,1,5.46,C
PROD_01753,Fresh Produce Item #1753,Whole Foods & Produce,96.1,1.1,13.5,2.7,0.4,10.0,32.3,0.1,0,0,0,0,0,4.43,D
PROD_01754,Prepared Meal #1754,Fast Food & Prepared Meals,741.2,13.4,93.8,4.2,33.3,11.7,1223.6,5.3,0,0,0,1,0,2.78,E
PROD_01755,Prepared Meal #1755,Fast Food & Prepared Meals,872.5,17.7,82.5,2.3,47.4,15.1,582.3,16.5,0,0,0,1,0,2.71,E
PROD_01756,Lean Protein #1756,Lean Proteins & Poultry,208.5,37.4,1.8,0.4,7.4,1.8,348.2,1.7,0,0,0,0,0,8.65,A
PROD_01757,Dairy Product #1757,Dairy & Cheese,304.1,23.4,3.4,0.0,28.0,3.4,232.5,8.0,1,0,1,0,0,3.38,E
PROD_01758,Grain/Legume #1758,Whole Grains & Legumes,155.7,16.0,52.0,5.1,3.5,4.1,120.2,0.5,0,0,0,0,0,7.4,B
PROD_01759,Processed Snack #1759,Processed Snacks & Sweets,294.8,1.3,30.4,0.9,27.4,19.9,780.6,8.2,1,0,0,0,0,2.71,E
PROD_01760,Lean Protein #1760,Lean Proteins & Poultry,176.7,35.6,2.9,0.4,10.8,1.3,132.2,1.5,0,0,0,0,0,8.52,A
PROD_01761,Dairy Product #1761,Dairy & Cheese,130.8,12.5,4.6,0.0,25.2,2.8,552.6,18.0,0,0,0,0,0,4.55,D
PROD_01762,Beverage Item #1762,Beverages & Drinks,64.2,0.5,6.3,0.1,0.5,6.3,40.7,0.0,0,0,0,1,0,3.32,E
PROD_01763,Nutrition Shake/Supplement #1763,Dietary Supplements & Shakes,175.3,22.0,24.2,5.6,3.7,11.2,272.2,1.1,0,0,1,0,0,8.34,A
PROD_01764,Fresh Produce Item #1764,Whole Foods & Produce,26.7,1.0,12.3,2.7,1.2,2.7,43.7,0.4,0,0,0,0,0,5.01,C
PROD_01765,Condiment #1765,Condiments & Sauces,157.7,1.6,15.0,1.3,0.8,15.0,448.1,0.8,1,0,0,0,0,2.18,E
PROD_01766,Dairy Product #1766,Dairy & Cheese,395.1,11.5,14.6,0.0,9.8,8.1,635.0,9.8,0,0,0,1,0,2.78,E
PROD_01767,Beverage Item #1767,Beverages & Drinks,172.4,1.1,28.2,0.3,0.4,1.4,58.5,0.0,0,0,0,1,0,2.02,E
PROD_01768,Lean Protein #1768,Lean Proteins & Poultry,124.5,26.5,0.2,0.2,9.4,0.2,197.2,0.5,0,0,0,0,0,8.45,A
PROD_01769,Grain/Legume #1769,Whole Grains & Legumes,143.9,10.4,63.2,9.3,3.1,2.1,121.2,1.0,0,0,0,0,0,5.83,C
PROD_01770,Nutrition Shake/Supplement #1770,Dietary Supplements & Shakes,242.0,26.0,16.2,2.5,6.3,0.8,152.4,2.0,0,0,1,0,0,7.49,B
PROD_01771,Condiment #1771,Condiments & Sauces,166.5,2.0,33.2,1.1,10.0,16.9,846.8,2.1,1,0,1,1,0,1.0,E
PROD_01772,Prepared Meal #1772,Fast Food & Prepared Meals,749.7,27.3,72.3,2.6,23.8,18.9,1477.7,8.7,0,0,0,0,1,5.52,C
PROD_01773,Fresh Produce Item #1773,Whole Foods & Produce,45.9,0.5,9.5,4.0,0.2,9.5,30.6,0.0,0,0,0,0,0,5.31,C
PROD_01774,Dairy Product #1774,Dairy & Cheese,230.8,10.4,17.8,0.0,10.6,7.8,455.5,10.6,1,0,0,0,0,2.14,E
PROD_01775,Dairy Product #1775,Dairy & Cheese,392.0,19.2,8.5,0.0,14.3,8.5,294.3,14.3,0,0,0,0,0,5.21,C
PROD_01776,Dairy Product #1776,Dairy & Cheese,163.2,23.8,9.8,0.0,6.2,6.1,571.9,6.2,0,0,0,0,0,6.69,B
PROD_01777,Lean Protein #1777,Lean Proteins & Poultry,135.3,20.5,1.1,0.6,11.0,0.3,417.2,1.5,0,0,0,0,0,7.28,B
PROD_01778,Processed Snack #1778,Processed Snacks & Sweets,409.0,4.5,51.1,0.7,18.3,14.7,593.4,10.0,0,1,0,1,0,1.0,E
PROD_01779,Fresh Produce Item #1779,Whole Foods & Produce,66.5,2.8,19.0,7.2,0.4,14.4,7.7,0.4,0,0,0,0,0,4.93,D
PROD_01780,Nutrition Shake/Supplement #1780,Dietary Supplements & Shakes,293.2,43.7,3.0,3.0,5.3,3.0,121.6,1.4,0,0,1,1,0,5.8,C
PROD_01781,Beverage Item #1781,Beverages & Drinks,191.2,1.2,15.2,0.4,0.1,15.2,58.3,0.0,0,0,0,0,0,4.59,D
PROD_01782,Dairy Product #1782,Dairy & Cheese,382.3,21.1,14.4,0.0,5.6,4.5,634.8,5.6,0,0,0,0,0,6.13,C
PROD_01783,Prepared Meal #1783,Fast Food & Prepared Meals,476.0,24.7,40.4,4.9,48.7,5.9,1552.2,14.8,0,0,0,1,0,4.45,D
PROD_01784,Superfood Oil/Nut #1784,Superfoods & Healthy Oils,180.6,1.5,3.3,3.3,20.7,0.6,34.4,2.9,0,0,0,0,1,9.81,A
PROD_01785,Condiment #1785,Condiments & Sauces,41.8,1.1,23.8,1.4,7.6,21.7,339.8,2.7,0,0,1,1,0,1.0,E
PROD_01786,Processed Snack #1786,Processed Snacks & Sweets,354.3,5.2,71.7,1.7,20.5,20.5,483.8,9.6,0,1,0,0,0,2.66,E
PROD_01787,Nutrition Shake/Supplement #1787,Dietary Supplements & Shakes,184.1,27.4,10.7,2.6,4.9,8.4,272.6,2.1,0,0,0,1,0,7.51,B
PROD_01788,Lean Protein #1788,Lean Proteins & Poultry,242.0,31.3,2.5,1.0,6.3,1.0,182.9,0.6,0,0,0,0,0,8.46,A
PROD_01789,Superfood Oil/Nut #1789,Superfoods & Healthy Oils,230.4,1.1,6.4,2.5,19.4,1.9,14.2,3.3,0,0,0,0,1,5.6,C
PROD_01790,Processed Snack #1790,Processed Snacks & Sweets,233.9,3.6,53.8,2.5,29.3,13.8,534.6,9.0,0,0,0,1,0,3.72,D
PROD_01791,Fresh Produce Item #1791,Whole Foods & Produce,62.1,0.7,16.5,7.9,2.0,3.6,39.7,0.4,0,0,0,0,0,5.94,C
PROD_01792,Nutrition Shake/Supplement #1792,Dietary Supplements & Shakes,276.3,22.0,13.3,7.4,5.9,2.9,135.2,2.3,0,0,0,0,0,8.75,A
PROD_01793,Fresh Produce Item #1793,Whole Foods & Produce,59.8,0.9,8.4,7.5,1.0,8.4,8.6,0.3,0,0,0,0,0,5.74,C
PROD_01794,Lean Protein #1794,Lean Proteins & Poultry,110.5,41.8,1.6,0.4,6.2,1.6,185.2,3.2,0,0,0,0,0,8.4,A
PROD_01795,Nutrition Shake/Supplement #1795,Dietary Supplements & Shakes,123.0,25.5,6.6,3.3,7.6,2.3,192.1,2.3,0,0,1,0,0,7.8,B
PROD_01796,Nutrition Shake/Supplement #1796,Dietary Supplements & Shakes,230.1,33.3,18.8,3.2,1.8,9.8,88.7,1.8,1,0,1,1,0,3.46,E
PROD_01797,Condiment #1797,Condiments & Sauces,115.7,1.0,25.5,0.9,17.7,6.1,738.9,2.8,0,0,1,0,0,1.93,E
PROD_01798,Fresh Produce Item #1798,Whole Foods & Produce,98.9,3.2,6.6,3.4,1.9,6.6,22.9,0.4,0,0,0,0,1,8.54,A
PROD_01799,Superfood Oil/Nut #1799,Superfoods & Healthy Oils,141.1,3.8,2.4,2.4,17.4,0.2,0.5,3.2,0,0,0,0,1,4.78,D
PROD_01800,Dairy Product #1800,Dairy & Cheese,390.9,12.6,6.7,0.0,20.4,6.7,317.8,12.7,0,0,0,0,0,5.88,C
PROD_01801,Grain/Legume #1801,Whole Grains & Legumes,189.0,9.4,26.8,8.1,1.3,4.8,126.7,0.3,0,0,0,0,1,7.49,B
PROD_01802,Processed Snack #1802,Processed Snacks & Sweets,279.6,3.0,37.0,1.8,14.8,28.1,296.0,3.0,0,0,0,1,0,3.16,E
PROD_01803,Fresh Produce Item #1803,Whole Foods & Produce,56.2,3.3,22.8,4.1,1.7,11.2,45.7,0.1,0,0,0,0,0,4.06,D
PROD_01804,Condiment #1804,Condiments & Sauces,53.0,0.5,9.6,1.0,2.1,9.6,950.1,0.9,1,1,1,0,0,1.0,E
PROD_01805,Processed Snack #1805,Processed Snacks & Sweets,357.9,5.8,51.4,2.4,14.7,37.7,359.7,6.6,0,0,1,1,0,1.0,E
PROD_01806,Beverage Item #1806,Beverages & Drinks,178.1,0.1,37.9,0.2,0.8,37.9,50.1,0.0,0,0,1,1,0,1.0,E
PROD_01807,Processed Snack #1807,Processed Snacks & Sweets,215.7,4.6,64.2,0.9,11.7,18.7,667.8,5.1,0,0,0,1,0,1.43,E
PROD_01808,Beverage Item #1808,Beverages & Drinks,116.2,1.3,37.0,0.2,0.4,17.5,119.9,0.0,0,0,1,0,0,1.0,E
PROD_01809,Lean Protein #1809,Lean Proteins & Poultry,163.9,22.7,3.8,0.8,7.7,0.3,56.1,2.6,0,0,0,0,0,8.88,A
PROD_01810,Beverage Item #1810,Beverages & Drinks,159.0,0.7,55.4,0.4,0.7,20.0,97.1,0.0,1,0,1,0,0,1.0,E
PROD_01811,Condiment #1811,Condiments & Sauces,147.7,1.5,16.9,0.5,15.4,16.3,1175.9,1.5,0,0,0,1,0,2.09,E
PROD_01812,Processed Snack #1812,Processed Snacks & Sweets,313.9,4.5,59.1,0.9,29.3,23.7,364.0,6.0,1,0,0,0,0,3.7,D
PROD_01813,Fresh Produce Item #1813,Whole Foods & Produce,117.6,2.8,13.6,5.8,0.3,8.7,49.3,0.1,0,0,0,0,0,7.68,B
PROD_01814,Lean Protein #1814,Lean Proteins & Poultry,175.9,44.5,1.0,0.6,7.5,1.0,296.0,2.0,0,0,0,0,1,8.71,A
PROD_01815,Prepared Meal #1815,Fast Food & Prepared Meals,846.2,16.5,59.8,5.0,54.2,21.1,1664.1,6.2,0,0,0,0,0,4.92,D
PROD_01816,Superfood Oil/Nut #1816,Superfoods & Healthy Oils,241.4,1.5,7.3,0.9,12.9,1.7,43.5,1.3,0,0,0,0,1,4.81,D
PROD_01817,Fresh Produce Item #1817,Whole Foods & Produce,111.3,3.1,7.1,4.6,0.3,7.1,20.0,0.3,0,0,0,0,0,8.05,A
PROD_01818,Superfood Oil/Nut #1818,Superfoods & Healthy Oils,234.1,1.6,3.9,2.4,15.6,1.9,14.1,1.9,0,0,0,0,1,8.58,A
PROD_01819,Lean Protein #1819,Lean Proteins & Poultry,231.6,41.4,4.1,0.1,4.1,1.8,409.6,1.9,0,0,0,0,0,7.99,B
PROD_01820,Nutrition Shake/Supplement #1820,Dietary Supplements & Shakes,143.4,33.2,19.3,1.9,7.5,2.9,197.5,2.2,0,0,1,1,0,5.3,C
PROD_01821,Nutrition Shake/Supplement #1821,Dietary Supplements & Shakes,314.8,33.7,6.3,1.3,5.5,3.2,140.3,1.0,0,0,0,1,0,7.51,B
PROD_01822,Grain/Legume #1822,Whole Grains & Legumes,241.3,16.8,48.0,9.9,3.7,4.3,60.1,0.3,0,0,0,0,0,8.05,A
PROD_01823,Processed Snack #1823,Processed Snacks & Sweets,528.9,4.2,34.1,0.6,9.1,32.1,549.1,7.2,1,0,0,1,0,1.95,E
PROD_01824,Condiment #1824,Condiments & Sauces,112.0,0.4,34.0,0.6,10.2,20.0,936.4,0.9,0,1,0,1,0,1.0,E
PROD_01825,Lean Protein #1825,Lean Proteins & Poultry,215.0,27.1,2.1,0.4,10.4,1.5,285.6,1.3,0,0,0,0,0,8.57,A
PROD_01826,Fresh Produce Item #1826,Whole Foods & Produce,103.0,3.3,11.7,7.8,0.1,11.7,48.5,0.1,0,0,0,0,0,6.52,B
PROD_01827,Grain/Legume #1827,Whole Grains & Legumes,297.5,16.4,49.1,14.0,2.2,1.5,89.0,0.7,0,0,0,0,0,8.67,A
PROD_01828,Prepared Meal #1828,Fast Food & Prepared Meals,778.9,29.7,94.6,4.3,46.8,8.8,909.0,16.8,0,0,0,1,0,5.06,C
PROD_01829,Dairy Product #1829,Dairy & Cheese,153.9,19.4,8.3,0.0,6.4,8.3,142.0,6.3,0,0,0,0,0,7.46,B
PROD_01830,Nutrition Shake/Supplement #1830,Dietary Supplements & Shakes,316.2,40.0,13.6,7.2,4.1,9.5,117.1,2.0,0,0,1,1,0,6.4,C
PROD_01831,Dairy Product #1831,Dairy & Cheese,101.9,10.0,4.5,0.0,8.5,3.4,382.9,8.5,0,0,0,0,0,4.01,D
PROD_01832,Condiment #1832,Condiments & Sauces,179.3,2.0,16.0,1.0,8.7,16.0,1326.1,0.9,0,0,0,0,0,3.59,D
PROD_01833,Grain/Legume #1833,Whole Grains & Legumes,207.2,11.2,54.7,10.5,4.3,3.9,9.0,0.7,0,0,0,0,0,7.46,B
PROD_01834,Prepared Meal #1834,Fast Food & Prepared Meals,786.2,12.3,42.0,5.7,48.8,12.8,1282.9,8.1,0,0,0,0,0,4.14,D
PROD_01835,Grain/Legume #1835,Whole Grains & Legumes,191.3,9.9,38.4,12.7,2.9,2.8,120.4,0.8,0,0,0,0,1,8.12,A
PROD_01836,Condiment #1836,Condiments & Sauces,69.0,0.8,9.6,1.5,8.9,9.6,787.7,0.7,1,1,0,0,0,1.01,E
PROD_01837,Condiment #1837,Condiments & Sauces,110.7,2.0,11.2,1.2,10.5,11.2,1193.4,3.0,0,0,0,0,0,3.5,D
PROD_01838,Processed Snack #1838,Processed Snacks & Sweets,504.7,3.3,43.5,2.1,23.2,25.1,168.3,3.4,0,1,0,1,0,1.98,E
PROD_01839,Superfood Oil/Nut #1839,Superfoods & Healthy Oils,163.7,1.3,1.4,1.4,19.0,1.4,3.1,3.7,0,0,0,0,1,8.11,A
PROD_01840,Grain/Legume #1840,Whole Grains & Legumes,135.9,14.6,25.8,15.7,1.9,3.5,89.8,0.2,0,0,0,0,0,10.0,A
PROD_01841,Prepared Meal #1841,Fast Food & Prepared Meals,862.8,31.0,39.8,2.4,26.8,6.1,1066.8,17.8,0,0,0,0,0,6.24,C
PROD_01842,Condiment #1842,Condiments & Sauces,165.9,1.5,2.2,1.1,13.3,2.2,255.2,1.7,0,0,0,1,0,3.93,D
PROD_01843,Superfood Oil/Nut #1843,Superfoods & Healthy Oils,144.9,7.6,2.0,2.0,26.2,0.9,9.9,1.5,0,0,0,0,1,6.56,B
PROD_01844,Fresh Produce Item #1844,Whole Foods & Produce,98.5,0.9,16.2,4.5,1.6,2.6,23.5,0.2,0,0,0,0,0,6.94,B
PROD_01845,Fresh Produce Item #1845,Whole Foods & Produce,92.9,3.1,24.9,6.6,0.8,9.2,21.5,0.1,0,0,0,0,0,6.09,C
PROD_01846,Prepared Meal #1846,Fast Food & Prepared Meals,691.9,13.0,82.8,1.8,52.7,7.9,1141.7,4.9,0,0,0,1,0,2.98,E
PROD_01847,Lean Protein #1847,Lean Proteins & Poultry,158.5,22.1,1.5,0.1,6.4,0.3,235.1,1.2,0,0,0,0,0,8.52,A
PROD_01848,Condiment #1848,Condiments & Sauces,45.1,1.6,34.9,1.5,14.0,12.3,604.8,0.2,1,1,0,0,0,1.0,E
PROD_01849,Dairy Product #1849,Dairy & Cheese,373.3,22.1,14.8,0.0,31.6,11.8,498.1,18.7,1,0,0,0,0,3.93,D
PROD_01850,Lean Protein #1850,Lean Proteins & Poultry,197.5,44.0,4.2,0.1,1.7,1.0,360.3,1.4,0,0,0,0,0,8.21,A
PROD_01851,Nutrition Shake/Supplement #1851,Dietary Supplements & Shakes,267.4,36.2,10.2,1.7,3.5,2.0,138.4,1.0,0,0,0,0,0,8.29,A
PROD_01852,Prepared Meal #1852,Fast Food & Prepared Meals,857.8,35.5,62.1,1.5,46.5,9.1,463.3,15.3,0,0,0,0,0,6.56,B
PROD_01853,Condiment #1853,Condiments & Sauces,42.2,1.1,3.9,0.5,2.7,3.9,1321.8,1.8,0,0,0,1,0,1.39,E
PROD_01854,Condiment #1854,Condiments & Sauces,63.7,0.9,19.7,1.5,1.8,16.0,836.7,0.2,0,0,1,1,0,1.0,E
PROD_01855,Dairy Product #1855,Dairy & Cheese,229.4,9.7,4.6,0.0,9.0,4.6,185.1,3.6,0,0,0,0,0,5.73,C
PROD_01856,Prepared Meal #1856,Fast Food & Prepared Meals,554.2,14.7,46.0,3.1,47.1,7.1,598.0,11.2,0,1,0,1,0,1.98,E
PROD_01857,Grain/Legume #1857,Whole Grains & Legumes,201.8,9.6,29.3,11.0,4.1,3.1,166.1,0.3,0,0,0,0,0,8.56,A
PROD_01858,Lean Protein #1858,Lean Proteins & Poultry,201.2,22.4,3.5,0.7,11.9,1.4,324.7,2.0,0,0,0,0,0,8.05,A
PROD_01859,Fresh Produce Item #1859,Whole Foods & Produce,114.5,2.2,7.3,4.9,0.3,7.3,36.9,0.1,0,0,0,0,0,7.16,B
PROD_01860,Processed Snack #1860,Processed Snacks & Sweets,303.2,1.0,58.5,0.8,22.5,42.5,780.0,4.7,0,1,0,0,0,1.25,E
PROD_01861,Grain/Legume #1861,Whole Grains & Legumes,219.6,10.0,56.4,9.5,3.7,3.2,195.2,1.0,0,0,0,0,0,6.28,C
PROD_01862,Dairy Product #1862,Dairy & Cheese,276.8,7.6,3.8,0.0,18.5,3.8,205.6,16.1,0,0,0,0,0,4.69,D
PROD_01863,Condiment #1863,Condiments & Sauces,159.5,1.9,22.4,1.3,2.4,22.4,343.0,1.2,1,0,0,0,0,1.0,E
PROD_01864,Fresh Produce Item #1864,Whole Foods & Produce,54.3,1.7,8.9,7.8,0.6,5.2,47.5,0.5,0,0,0,0,0,8.34,A
PROD_01865,Processed Snack #1865,Processed Snacks & Sweets,299.5,1.3,43.7,1.3,29.2,31.5,661.8,2.9,1,0,0,1,0,1.53,E
PROD_01866,Fresh Produce Item #1866,Whole Foods & Produce,30.7,2.6,19.3,7.9,1.6,5.6,36.9,0.4,0,0,0,0,0,6.18,C
PROD_01867,Grain/Legume #1867,Whole Grains & Legumes,225.3,7.6,40.3,15.5,1.3,2.3,131.4,0.3,0,0,0,0,0,8.23,A
PROD_01868,Beverage Item #1868,Beverages & Drinks,20.1,1.7,51.8,0.4,0.2,28.8,30.3,0.0,1,0,0,0,0,1.0,E
PROD_01869,Prepared Meal #1869,Fast Food & Prepared Meals,423.0,31.4,66.2,2.5,25.9,14.0,1262.3,17.6,0,1,0,0,1,3.9,D
PROD_01870,Processed Snack #1870,Processed Snacks & Sweets,296.9,2.1,47.1,2.4,23.7,33.9,154.1,3.9,1,1,0,1,0,1.0,E
PROD_01871,Superfood Oil/Nut #1871,Superfoods & Healthy Oils,169.6,3.7,3.0,1.7,24.2,1.5,0.2,1.9,0,0,0,0,1,4.68,D
PROD_01872,Prepared Meal #1872,Fast Food & Prepared Meals,847.0,23.8,86.3,5.2,50.6,4.9,701.3,8.1,1,0,0,0,0,4.6,D
PROD_01873,Beverage Item #1873,Beverages & Drinks,55.4,0.8,52.3,0.0,0.5,48.0,23.4,0.0,0,0,1,0,0,1.0,E
PROD_01874,Condiment #1874,Condiments & Sauces,141.2,1.0,25.9,0.8,10.7,21.5,928.8,1.8,0,0,0,0,1,1.0,E
PROD_01875,Prepared Meal #1875,Fast Food & Prepared Meals,738.5,36.0,35.3,5.0,40.3,4.8,1516.7,7.1,0,1,0,0,0,3.34,E
PROD_01876,Condiment #1876,Condiments & Sauces,159.6,1.1,10.1,0.1,15.6,3.6,215.8,1.4,0,0,1,0,0,3.34,E
PROD_01877,Grain/Legume #1877,Whole Grains & Legumes,146.7,12.4,50.9,12.8,3.6,4.0,75.1,0.3,0,0,0,0,0,7.9,B
PROD_01878,Dairy Product #1878,Dairy & Cheese,164.5,13.0,2.8,0.0,21.9,2.8,606.6,7.7,0,0,0,0,0,4.28,D
PROD_01879,Lean Protein #1879,Lean Proteins & Poultry,146.5,29.8,2.5,0.9,10.6,1.1,138.7,1.7,0,0,0,0,0,8.97,A
PROD_01880,Grain/Legume #1880,Whole Grains & Legumes,200.1,15.5,39.4,8.6,4.8,0.7,154.6,0.6,0,0,0,0,0,8.18,A
PROD_01881,Grain/Legume #1881,Whole Grains & Legumes,199.5,15.6,53.6,13.7,4.7,3.3,180.1,0.3,0,0,0,0,0,7.74,B
PROD_01882,Grain/Legume #1882,Whole Grains & Legumes,349.4,13.9,61.9,9.8,3.8,2.6,69.0,0.6,0,0,0,0,0,6.31,C
PROD_01883,Grain/Legume #1883,Whole Grains & Legumes,147.1,13.4,58.9,5.2,1.3,2.6,148.9,0.3,0,0,0,0,0,4.82,D
PROD_01884,Nutrition Shake/Supplement #1884,Dietary Supplements & Shakes,177.6,36.9,16.4,1.6,6.3,6.0,330.4,1.1,0,0,0,1,0,6.51,B
PROD_01885,Nutrition Shake/Supplement #1885,Dietary Supplements & Shakes,280.3,20.8,4.8,4.8,1.6,4.8,89.3,1.0,0,0,1,0,0,6.7,B
PROD_01886,Beverage Item #1886,Beverages & Drinks,52.9,0.4,56.1,0.2,0.0,7.6,18.7,0.0,0,0,1,1,0,1.0,E
PROD_01887,Fresh Produce Item #1887,Whole Foods & Produce,53.3,3.8,24.2,7.2,1.2,7.5,7.6,0.5,0,0,0,0,0,5.87,C
PROD_01888,Condiment #1888,Condiments & Sauces,97.8,0.6,31.2,1.4,5.3,5.2,378.9,1.5,1,0,0,0,0,1.0,E
PROD_01889,Prepared Meal #1889,Fast Food & Prepared Meals,467.8,26.4,87.4,3.8,16.4,14.1,1526.7,5.9,1,1,0,0,0,1.0,E
PROD_01890,Fresh Produce Item #1890,Whole Foods & Produce,117.4,3.8,9.6,3.0,1.2,9.6,34.8,0.4,0,0,0,0,0,7.09,B
PROD_01891,Beverage Item #1891,Beverages & Drinks,137.0,1.7,55.2,0.2,0.6,0.2,37.9,0.0,1,0,1,1,0,1.0,E
PROD_01892,Processed Snack #1892,Processed Snacks & Sweets,499.2,5.4,59.7,1.3,18.6,35.4,286.9,9.5,0,1,0,1,0,2.64,E
PROD_01893,Condiment #1893,Condiments & Sauces,63.3,1.2,15.5,0.2,12.4,4.5,428.8,2.5,0,0,0,1,0,2.73,E
PROD_01894,Beverage Item #1894,Beverages & Drinks,191.2,0.9,6.6,0.3,0.4,6.6,58.4,0.0,0,0,0,0,0,5.6,C
PROD_01895,Dairy Product #1895,Dairy & Cheese,143.7,13.5,3.1,0.0,16.1,3.1,431.5,4.6,0,0,1,0,0,3.95,D
PROD_01896,Prepared Meal #1896,Fast Food & Prepared Meals,438.0,29.1,68.5,5.3,21.5,19.3,1230.2,7.7,0,0,0,0,1,6.14,C
PROD_01897,Processed Snack #1897,Processed Snacks & Sweets,547.8,1.9,62.0,0.9,19.9,14.7,648.4,8.1,1,0,0,0,0,3.5,D
PROD_01898,Nutrition Shake/Supplement #1898,Dietary Supplements & Shakes,308.6,44.1,23.6,3.9,7.4,8.0,103.9,1.6,0,0,0,0,0,8.61,A
PROD_01899,Condiment #1899,Condiments & Sauces,99.3,1.1,29.1,0.8,4.2,18.9,1156.8,1.0,0,1,0,0,0,1.0,E
PROD_01900,Beverage Item #1900,Beverages & Drinks,169.4,1.4,59.6,0.2,0.7,2.7,60.9,0.0,1,0,0,0,0,1.22,E
PROD_01901,Condiment #1901,Condiments & Sauces,102.0,0.2,8.6,1.4,8.9,8.6,277.3,1.3,0,1,0,1,0,1.0,E
PROD_01902,Dairy Product #1902,Dairy & Cheese,326.0,18.0,3.6,0.0,10.6,3.6,202.2,9.4,0,0,0,0,0,6.69,B
PROD_01903,Condiment #1903,Condiments & Sauces,78.5,1.4,6.4,0.8,16.6,1.8,521.1,0.4,1,0,1,1,0,1.0,E
PROD_01904,Beverage Item #1904,Beverages & Drinks,125.9,0.7,52.0,0.2,0.1,24.5,96.4,0.0,1,0,0,0,0,1.0,E
PROD_01905,Fresh Produce Item #1905,Whole Foods & Produce,52.2,1.5,13.8,4.1,1.5,10.3,39.2,0.4,0,0,0,0,0,5.6,C
PROD_01906,Beverage Item #1906,Beverages & Drinks,94.5,2.0,18.0,0.4,0.1,18.0,69.0,0.0,0,0,0,0,0,1.0,E
PROD_01907,Prepared Meal #1907,Fast Food & Prepared Meals,934.6,30.0,68.7,3.2,15.8,10.6,1123.5,7.0,1,0,0,0,0,4.81,D
PROD_01908,Processed Snack #1908,Processed Snacks & Sweets,424.7,3.9,53.6,2.1,19.8,33.6,739.9,11.9,0,0,0,1,0,2.07,E
PROD_01909,Prepared Meal #1909,Fast Food & Prepared Meals,900.3,14.8,49.3,2.6,54.8,4.1,1313.5,16.2,0,0,0,0,0,5.66,C
PROD_01910,Lean Protein #1910,Lean Proteins & Poultry,135.7,30.0,0.3,0.3,11.6,0.1,313.9,2.8,0,0,0,0,0,7.9,B
PROD_01911,Superfood Oil/Nut #1911,Superfoods & Healthy Oils,157.0,4.2,3.0,3.0,25.4,0.8,45.7,2.0,0,0,0,0,1,5.06,C
PROD_01912,Dairy Product #1912,Dairy & Cheese,211.5,12.0,11.3,0.0,30.2,6.0,319.9,13.1,0,0,0,0,0,5.32,C
PROD_01913,Fresh Produce Item #1913,Whole Foods & Produce,86.1,2.3,6.9,6.9,1.5,6.9,32.8,0.0,0,0,0,0,0,8.14,A
PROD_01914,Nutrition Shake/Supplement #1914,Dietary Supplements & Shakes,174.8,16.9,14.1,5.2,1.5,1.6,112.2,1.2,0,0,1,1,0,4.28,D
PROD_01915,Beverage Item #1915,Beverages & Drinks,183.6,0.9,23.3,0.3,0.3,1.1,33.5,0.0,1,0,1,1,0,1.0,E
PROD_01916,Grain/Legume #1916,Whole Grains & Legumes,175.1,11.5,43.4,13.9,4.3,3.9,76.3,0.3,0,0,0,0,0,7.94,B
PROD_01917,Processed Snack #1917,Processed Snacks & Sweets,446.0,5.8,50.4,2.1,19.9,17.0,449.8,7.7,0,1,0,1,0,1.75,E
PROD_01918,Fresh Produce Item #1918,Whole Foods & Produce,107.1,3.4,16.8,6.7,0.3,10.3,47.9,0.1,0,0,0,0,0,7.79,B
PROD_01919,Lean Protein #1919,Lean Proteins & Poultry,235.2,24.5,2.3,0.6,6.9,1.7,142.6,1.6,0,0,0,0,0,7.65,B
PROD_01920,Superfood Oil/Nut #1920,Superfoods & Healthy Oils,275.5,6.0,6.9,2.6,14.2,0.0,32.7,2.5,0,0,0,0,1,5.24,C
PROD_01921,Nutrition Shake/Supplement #1921,Dietary Supplements & Shakes,182.5,37.5,8.1,4.6,7.0,7.9,96.6,1.8,0,0,0,0,0,10.0,A
PROD_01922,Processed Snack #1922,Processed Snacks & Sweets,296.8,1.3,51.4,0.6,23.8,24.3,279.6,7.7,0,0,0,0,0,4.75,D
PROD_01923,Prepared Meal #1923,Fast Food & Prepared Meals,657.0,26.6,43.3,5.6,33.3,6.6,1410.7,13.3,0,0,0,1,1,3.95,D
PROD_01924,Grain/Legume #1924,Whole Grains & Legumes,237.5,12.6,52.8,15.7,4.1,1.5,64.1,0.3,0,0,0,0,0,8.5,A
PROD_01925,Processed Snack #1925,Processed Snacks & Sweets,290.1,5.4,44.7,1.9,16.7,14.4,385.9,6.4,0,1,0,0,0,3.76,D
PROD_01926,Superfood Oil/Nut #1926,Superfoods & Healthy Oils,247.3,4.3,6.6,2.5,15.0,0.6,11.2,1.4,0,0,0,0,1,5.22,C
PROD_01927,Processed Snack #1927,Processed Snacks & Sweets,520.9,2.6,53.9,2.9,28.6,35.0,361.0,4.6,1,0,0,1,0,1.39,E
PROD_01928,Nutrition Shake/Supplement #1928,Dietary Supplements & Shakes,106.5,39.0,11.6,6.2,8.6,4.0,76.9,1.0,0,0,0,1,0,7.52,B
PROD_01929,Condiment #1929,Condiments & Sauces,75.6,1.3,9.8,1.1,6.3,9.8,869.3,2.1,1,0,0,1,0,1.0,E
PROD_01930,Prepared Meal #1930,Fast Food & Prepared Meals,621.0,16.1,53.6,2.4,28.8,12.8,1744.7,17.4,0,0,0,0,0,4.5,D
PROD_01931,Condiment #1931,Condiments & Sauces,65.5,1.2,13.0,1.1,10.4,4.9,572.3,0.7,1,0,0,0,1,1.95,E
PROD_01932,Fresh Produce Item #1932,Whole Foods & Produce,90.1,3.3,12.6,6.5,1.8,12.0,6.5,0.4,0,0,0,0,0,6.65,B
PROD_01933,Beverage Item #1933,Beverages & Drinks,33.0,0.6,22.4,0.2,0.9,22.4,90.2,0.0,1,0,1,1,0,1.0,E
PROD_01934,Processed Snack #1934,Processed Snacks & Sweets,490.0,2.6,43.4,1.3,25.9,39.4,364.3,8.1,1,0,0,1,0,2.47,E
PROD_01935,Nutrition Shake/Supplement #1935,Dietary Supplements & Shakes,227.2,22.4,17.8,6.7,7.6,4.8,220.2,2.1,1,0,0,0,0,6.24,C
PROD_01936,Condiment #1936,Condiments & Sauces,155.6,1.6,16.6,1.1,10.2,10.2,1071.0,2.1,0,0,0,1,0,1.24,E
PROD_01937,Grain/Legume #1937,Whole Grains & Legumes,205.3,7.5,49.0,9.1,4.3,2.4,135.4,0.4,0,0,0,0,0,7.52,B
PROD_01938,Nutrition Shake/Supplement #1938,Dietary Supplements & Shakes,265.9,42.9,18.2,5.7,1.5,6.0,110.1,1.1,0,0,1,0,0,7.95,B
PROD_01939,Fresh Produce Item #1939,Whole Foods & Produce,95.8,3.9,22.6,2.7,0.7,5.3,13.0,0.3,0,0,0,0,0,5.26,C
PROD_01940,Prepared Meal #1940,Fast Food & Prepared Meals,362.6,22.3,88.4,3.8,28.3,8.6,778.5,5.4,0,1,0,1,1,2.66,E
PROD_01941,Dairy Product #1941,Dairy & Cheese,105.0,16.9,13.2,0.0,17.0,5.6,239.0,3.2,0,0,1,0,0,5.59,C
PROD_01942,Processed Snack #1942,Processed Snacks & Sweets,393.3,4.9,61.4,2.8,27.5,38.0,458.9,5.4,0,0,0,1,0,3.78,D
PROD_01943,Prepared Meal #1943,Fast Food & Prepared Meals,821.0,28.9,61.3,5.8,43.2,11.7,1052.9,15.5,0,0,0,1,0,5.45,C
PROD_01944,Fresh Produce Item #1944,Whole Foods & Produce,87.5,1.5,21.4,3.8,2.0,9.9,43.0,0.0,0,0,0,0,0,3.9,D
PROD_01945,Superfood Oil/Nut #1945,Superfoods & Healthy Oils,141.5,1.1,3.5,0.2,21.0,1.2,44.9,1.6,0,0,0,0,1,5.34,C
PROD_01946,Prepared Meal #1946,Fast Food & Prepared Meals,927.5,16.0,89.8,3.4,29.5,8.2,1308.3,13.6,0,1,0,0,0,3.38,E
PROD_01947,Dairy Product #1947,Dairy & Cheese,354.9,12.3,10.6,0.0,15.5,10.6,398.7,15.3,1,0,0,0,0,3.23,E
PROD_01948,Condiment #1948,Condiments & Sauces,57.1,0.4,14.5,0.6,15.7,14.5,687.2,1.6,0,1,0,0,0,1.79,E
PROD_01949,Fresh Produce Item #1949,Whole Foods & Produce,55.6,3.1,5.5,3.5,0.4,5.5,36.7,0.1,0,0,0,0,0,8.89,A
PROD_01950,Processed Snack #1950,Processed Snacks & Sweets,386.2,2.9,47.4,1.0,19.3,26.5,326.0,4.0,1,0,1,1,0,1.0,E
PROD_01951,Fresh Produce Item #1951,Whole Foods & Produce,76.6,0.7,18.9,2.4,1.5,11.7,34.3,0.4,0,0,0,0,1,2.27,E
PROD_01952,Beverage Item #1952,Beverages & Drinks,226.3,1.0,58.0,0.0,0.5,3.4,79.3,0.0,1,0,1,1,0,1.0,E
PROD_01953,Prepared Meal #1953,Fast Food & Prepared Meals,389.5,28.8,94.0,5.5,38.2,20.1,607.0,10.4,0,1,0,1,0,3.23,E
PROD_01954,Fresh Produce Item #1954,Whole Foods & Produce,112.8,2.7,17.1,7.5,1.2,9.8,20.6,0.2,0,0,0,0,0,7.41,B
PROD_01955,Fresh Produce Item #1955,Whole Foods & Produce,96.0,3.3,16.0,2.0,1.3,11.7,16.2,0.2,0,0,0,0,0,4.15,D
PROD_01956,Condiment #1956,Condiments & Sauces,166.1,0.8,29.1,0.3,0.9,22.1,850.2,0.9,1,1,0,0,1,1.0,E
PROD_01957,Nutrition Shake/Supplement #1957,Dietary Supplements & Shakes,176.9,44.0,5.1,5.1,2.4,3.6,221.3,1.7,0,0,0,0,0,9.97,A
PROD_01958,Processed Snack #1958,Processed Snacks & Sweets,204.4,2.5,74.8,1.6,27.5,22.8,491.5,10.6,0,0,0,1,0,2.3,E
PROD_01959,Processed Snack #1959,Processed Snacks & Sweets,402.4,1.5,72.1,1.3,29.9,44.3,656.2,2.7,0,1,0,0,0,2.03,E
PROD_01960,Superfood Oil/Nut #1960,Superfoods & Healthy Oils,253.8,7.5,7.7,1.3,14.1,0.1,20.5,2.4,0,0,0,0,1,6.12,C
PROD_01961,Processed Snack #1961,Processed Snacks & Sweets,423.9,3.2,33.7,1.4,29.9,13.6,602.8,10.5,0,0,0,1,0,3.46,E
PROD_01962,Nutrition Shake/Supplement #1962,Dietary Supplements & Shakes,112.0,43.6,20.4,2.0,8.9,9.0,191.7,1.7,0,0,0,1,0,6.73,B
PROD_01963,Condiment #1963,Condiments & Sauces,106.2,1.7,25.9,0.4,16.0,16.5,927.7,0.5,0,0,0,0,0,3.49,E
PROD_01964,Prepared Meal #1964,Fast Food & Prepared Meals,882.4,22.7,55.6,3.8,16.5,6.8,746.4,15.4,0,1,0,1,0,3.4,E
PROD_01965,Superfood Oil/Nut #1965,Superfoods & Healthy Oils,203.5,6.8,2.1,2.1,17.4,0.6,16.8,2.0,0,0,0,0,1,5.46,C
PROD_01966,Nutrition Shake/Supplement #1966,Dietary Supplements & Shakes,244.0,17.5,23.9,1.7,5.7,4.3,179.0,1.7,0,0,0,0,0,6.78,B
PROD_01967,Dairy Product #1967,Dairy & Cheese,253.6,13.7,15.6,0.0,8.6,8.2,54.9,4.8,0,0,0,0,0,7.44,B
PROD_01968,Superfood Oil/Nut #1968,Superfoods & Healthy Oils,120.7,8.2,1.2,1.2,18.6,0.1,2.7,3.3,0,0,0,0,1,5.98,C
PROD_01969,Processed Snack #1969,Processed Snacks & Sweets,345.7,5.0,37.3,2.0,19.1,22.1,622.9,7.7,0,0,0,0,0,3.82,D
PROD_01970,Nutrition Shake/Supplement #1970,Dietary Supplements & Shakes,147.2,17.8,14.7,6.2,4.6,8.2,196.9,1.4,0,0,1,0,0,9.11,A
PROD_01971,Fresh Produce Item #1971,Whole Foods & Produce,91.6,4.0,23.7,5.2,1.5,9.4,31.8,0.1,0,0,0,0,1,6.27,C
PROD_01972,Beverage Item #1972,Beverages & Drinks,155.7,1.2,40.1,0.1,0.4,34.8,80.0,0.0,0,0,1,0,0,1.0,E
PROD_01973,Lean Protein #1973,Lean Proteins & Poultry,234.5,22.4,4.0,0.7,7.8,0.8,416.2,3.1,0,0,0,0,0,5.93,C
PROD_01974,Nutrition Shake/Supplement #1974,Dietary Supplements & Shakes,315.3,36.5,8.5,5.1,5.5,8.5,268.8,2.2,0,0,0,1,0,7.68,B
PROD_01975,Prepared Meal #1975,Fast Food & Prepared Meals,778.1,12.6,69.8,5.3,29.6,4.8,1413.7,17.0,0,0,0,1,1,2.34,E
PROD_01976,Superfood Oil/Nut #1976,Superfoods & Healthy Oils,245.7,4.6,2.1,0.1,15.6,1.4,7.4,2.0,0,0,0,0,1,5.26,C
PROD_01977,Prepared Meal #1977,Fast Food & Prepared Meals,844.5,30.3,74.8,2.0,25.1,4.1,635.5,10.1,1,0,0,0,1,4.75,D
PROD_01978,Superfood Oil/Nut #1978,Superfoods & Healthy Oils,271.3,9.0,7.8,2.1,14.5,1.5,15.0,3.4,0,0,0,0,1,5.8,C
PROD_01979,Prepared Meal #1979,Fast Food & Prepared Meals,811.3,14.1,74.4,1.8,18.7,5.9,520.9,8.5,0,1,0,0,0,3.03,E
PROD_01980,Lean Protein #1980,Lean Proteins & Poultry,211.5,25.3,3.1,0.4,3.2,1.1,162.6,0.8,0,0,0,0,0,8.43,A
PROD_01981,Superfood Oil/Nut #1981,Superfoods & Healthy Oils,141.7,7.6,2.2,2.2,21.6,1.8,45.5,1.3,0,0,0,0,1,6.42,C
PROD_01982,Prepared Meal #1982,Fast Food & Prepared Meals,365.8,23.7,84.8,4.8,30.9,17.2,1194.1,16.8,0,0,0,0,1,4.31,D
PROD_01983,Prepared Meal #1983,Fast Food & Prepared Meals,727.3,20.9,66.8,3.2,42.7,14.5,560.4,13.0,0,0,0,0,0,6.59,B
PROD_01984,Grain/Legume #1984,Whole Grains & Legumes,272.3,12.5,46.7,13.7,2.5,5.0,189.4,0.2,0,0,0,0,0,7.84,B
PROD_01985,Condiment #1985,Condiments & Sauces,157.5,0.5,34.0,0.9,0.1,1.9,377.0,0.1,0,0,0,0,0,2.3,E
PROD_01986,Dairy Product #1986,Dairy & Cheese,300.5,24.4,13.9,0.0,17.2,10.4,126.8,15.8,0,0,0,0,0,5.43,C
PROD_01987,Lean Protein #1987,Lean Proteins & Poultry,143.4,32.2,1.1,0.5,11.5,1.1,426.7,2.9,0,0,0,0,0,7.75,B
PROD_01988,Fresh Produce Item #1988,Whole Foods & Produce,92.2,2.9,8.7,5.6,1.7,7.0,37.0,0.3,0,0,0,0,0,8.12,A
PROD_01989,Beverage Item #1989,Beverages & Drinks,135.2,0.7,9.9,0.2,0.7,9.9,90.0,0.0,0,0,0,0,0,5.6,C
PROD_01990,Processed Snack #1990,Processed Snacks & Sweets,469.6,4.2,43.2,1.7,8.9,18.4,425.9,8.9,0,0,0,1,0,3.22,E
PROD_01991,Lean Protein #1991,Lean Proteins & Poultry,234.5,38.8,0.0,0.0,5.8,0.0,76.3,2.1,0,0,0,0,1,9.39,A
PROD_01992,Dairy Product #1992,Dairy & Cheese,185.7,22.1,3.5,0.0,4.2,3.5,76.4,4.2,0,0,0,0,0,8.02,A
PROD_01993,Nutrition Shake/Supplement #1993,Dietary Supplements & Shakes,318.3,37.7,3.8,3.8,7.7,3.8,177.2,1.1,0,0,0,0,0,8.61,A
PROD_01994,Processed Snack #1994,Processed Snacks & Sweets,399.5,3.5,53.3,2.7,27.7,27.0,446.2,7.4,0,0,0,1,0,3.21,E
PROD_01995,Lean Protein #1995,Lean Proteins & Poultry,143.0,26.1,4.2,0.5,10.5,1.0,413.7,1.3,0,0,0,0,0,7.99,B
PROD_01996,Superfood Oil/Nut #1996,Superfoods & Healthy Oils,144.7,1.5,3.9,0.9,26.9,0.0,20.6,3.8,0,0,0,0,1,8.5,A
PROD_01997,Nutrition Shake/Supplement #1997,Dietary Supplements & Shakes,168.0,17.9,4.2,4.2,7.6,0.9,220.0,1.2,0,0,1,0,0,7.98,B
PROD_01998,Fresh Produce Item #1998,Whole Foods & Produce,93.1,0.9,17.5,2.7,0.6,4.3,12.8,0.3,0,0,0,0,0,5.06,C
PROD_01999,Nutrition Shake/Supplement #1999,Dietary Supplements & Shakes,260.9,23.1,20.7,5.8,5.4,8.0,312.9,1.3,0,0,1,0,0,6.37,C
PROD_02000,Prepared Meal #2000,Fast Food & Prepared Meals,868.3,12.8,61.4,3.8,38.9,9.0,1027.1,10.8,0,0,0,0,0,5.56,C
PROD_02001,Condiment #2001,Condiments & Sauces,88.3,2.0,14.2,1.4,14.3,12.9,850.2,1.8,0,1,0,0,0,1.64,E
PROD_02002,Superfood Oil/Nut #2002,Superfoods & Healthy Oils,252.7,3.6,7.7,2.3,27.2,1.8,38.4,2.4,0,0,0,0,1,5.68,C
PROD_02003,Fresh Produce Item #2003,Whole Foods & Produce,104.6,2.4,19.8,6.7,1.1,9.0,13.9,0.1,0,0,0,0,0,6.74,B
PROD_02004,Grain/Legume #2004,Whole Grains & Legumes,235.1,10.9,62.3,5.5,3.7,4.3,192.1,0.3,0,0,0,0,0,4.97,D
PROD_02005,Nutrition Shake/Supplement #2005,Dietary Supplements & Shakes,107.0,30.2,19.2,7.8,1.8,6.7,185.0,1.0,0,0,1,1,0,7.93,B
PROD_02006,Lean Protein #2006,Lean Proteins & Poultry,195.4,21.0,3.8,0.6,11.6,1.2,171.6,1.6,0,0,0,0,1,9.02,A
PROD_02007,Beverage Item #2007,Beverages & Drinks,17.8,0.5,12.0,0.4,0.2,12.0,69.8,0.0,0,0,0,1,0,1.0,E
PROD_02008,Grain/Legume #2008,Whole Grains & Legumes,184.6,14.5,55.8,9.6,1.9,4.0,135.7,0.9,0,0,0,0,0,7.01,B
PROD_02009,Nutrition Shake/Supplement #2009,Dietary Supplements & Shakes,201.4,35.3,14.8,5.4,6.0,8.2,109.9,1.0,0,0,0,0,0,9.63,A
PROD_02010,Grain/Legume #2010,Whole Grains & Legumes,309.4,11.4,43.5,8.0,4.6,0.9,33.2,0.7,0,0,0,0,0,6.85,B
PROD_02011,Nutrition Shake/Supplement #2011,Dietary Supplements & Shakes,305.6,39.9,24.8,5.4,7.3,6.7,127.7,1.2,0,0,1,0,0,7.52,B
PROD_02012,Condiment #2012,Condiments & Sauces,110.5,0.5,4.6,0.9,9.8,4.6,751.3,2.5,0,1,0,1,0,1.0,E
PROD_02013,Grain/Legume #2013,Whole Grains & Legumes,348.4,12.1,26.0,11.0,4.5,4.0,141.7,0.3,0,0,0,0,0,8.14,A
PROD_02014,Nutrition Shake/Supplement #2014,Dietary Supplements & Shakes,160.9,22.3,22.1,5.4,1.5,4.6,307.4,0.6,1,0,1,0,0,7.22,B
PROD_02015,Beverage Item #2015,Beverages & Drinks,132.8,0.7,14.6,0.4,0.1,14.6,79.8,0.0,1,0,0,0,0,1.7,E
PROD_02016,Prepared Meal #2016,Fast Food & Prepared Meals,559.4,14.2,86.2,4.7,46.8,13.5,932.9,4.0,0,0,0,0,0,5.27,C
PROD_02017,Grain/Legume #2017,Whole Grains & Legumes,131.3,14.6,32.9,6.4,2.3,4.0,25.8,0.4,0,0,0,0,1,8.03,A
PROD_02018,Condiment #2018,Condiments & Sauces,111.3,0.6,5.1,1.4,10.9,5.1,703.6,1.1,0,0,1,1,0,1.0,E
PROD_02019,Beverage Item #2019,Beverages & Drinks,214.2,1.5,59.8,0.1,0.5,13.0,78.5,0.0,1,0,1,1,0,1.0,E
PROD_02020,Nutrition Shake/Supplement #2020,Dietary Supplements & Shakes,182.2,36.0,7.3,1.3,3.8,3.7,312.0,2.2,0,0,1,1,0,5.88,C
PROD_02021,Fresh Produce Item #2021,Whole Foods & Produce,78.1,1.3,16.1,6.5,0.6,7.0,17.1,0.4,0,0,0,0,0,6.96,B
PROD_02022,Dairy Product #2022,Dairy & Cheese,355.5,18.3,14.8,0.0,19.0,4.4,637.5,5.1,0,0,0,0,0,6.24,C
PROD_02023,Beverage Item #2023,Beverages & Drinks,197.6,0.8,0.3,0.3,0.4,0.3,97.4,0.0,1,0,0,0,0,5.05,C
PROD_02024,Nutrition Shake/Supplement #2024,Dietary Supplements & Shakes,249.5,21.8,8.7,3.6,3.8,3.4,64.9,2.2,1,0,0,1,0,4.25,D
PROD_02025,Dairy Product #2025,Dairy & Cheese,103.6,11.2,15.6,0.0,24.6,9.9,333.2,6.4,0,0,0,0,0,6.14,C
PROD_02026,Nutrition Shake/Supplement #2026,Dietary Supplements & Shakes,210.7,33.2,13.7,5.0,2.3,5.5,134.1,0.7,0,0,0,1,0,8.35,A
PROD_02027,Nutrition Shake/Supplement #2027,Dietary Supplements & Shakes,113.4,33.1,24.3,4.5,1.9,3.0,123.4,1.2,1,0,0,0,0,7.83,B
PROD_02028,Fresh Produce Item #2028,Whole Foods & Produce,38.1,3.7,16.9,4.7,1.9,3.3,40.5,0.2,0,0,0,0,0,7.07,B
PROD_02029,Fresh Produce Item #2029,Whole Foods & Produce,52.6,2.0,13.9,7.5,0.3,5.6,29.2,0.3,0,0,0,0,0,5.99,C
PROD_02030,Dairy Product #2030,Dairy & Cheese,224.4,10.9,10.3,0.0,22.8,6.5,482.4,6.3,0,0,0,0,0,5.3,C
PROD_02031,Beverage Item #2031,Beverages & Drinks,128.6,1.2,28.3,0.1,1.0,4.8,113.3,0.0,1,0,0,1,0,1.0,E
PROD_02032,Condiment #2032,Condiments & Sauces,134.0,0.9,35.0,0.9,1.9,12.3,279.6,0.9,1,0,0,1,0,1.0,E
PROD_02033,Beverage Item #2033,Beverages & Drinks,236.6,0.7,21.1,0.3,1.0,21.1,87.8,0.0,0,0,0,0,0,4.98,D
PROD_02034,Grain/Legume #2034,Whole Grains & Legumes,248.2,12.7,60.6,8.9,1.8,2.6,45.6,0.6,0,0,0,0,0,6.4,C
PROD_02035,Superfood Oil/Nut #2035,Superfoods & Healthy Oils,169.6,1.2,5.2,4.0,27.0,1.4,36.6,3.7,0,0,0,0,1,9.49,A
PROD_02036,Processed Snack #2036,Processed Snacks & Sweets,203.4,4.2,51.4,1.4,21.8,13.7,639.5,2.5,1,0,0,1,0,1.46,E
PROD_02037,Grain/Legume #2037,Whole Grains & Legumes,254.8,8.2,44.7,14.6,4.1,0.9,173.1,0.4,0,0,0,0,0,8.15,A
PROD_02038,Fresh Produce Item #2038,Whole Foods & Produce,82.1,2.8,9.9,7.6,0.2,9.9,22.2,0.2,0,0,0,0,0,6.19,C
PROD_02039,Prepared Meal #2039,Fast Food & Prepared Meals,541.4,25.8,85.8,5.8,14.8,10.3,1352.0,11.4,0,1,0,0,0,2.95,E
PROD_02040,Nutrition Shake/Supplement #2040,Dietary Supplements & Shakes,304.3,35.0,12.1,5.8,4.5,1.8,265.7,2.1,0,0,1,0,0,7.69,B
PROD_02041,Grain/Legume #2041,Whole Grains & Legumes,326.2,15.0,50.3,15.2,3.3,1.1,39.5,0.3,0,0,0,0,0,8.43,A
PROD_02042,Dairy Product #2042,Dairy & Cheese,312.1,15.3,18.0,0.0,25.5,15.6,248.8,4.1,0,0,0,0,0,5.82,C
PROD_02043,Fresh Produce Item #2043,Whole Foods & Produce,46.6,1.2,18.5,4.5,0.1,6.5,41.3,0.1,0,0,0,0,0,4.38,D
PROD_02044,Nutrition Shake/Supplement #2044,Dietary Supplements & Shakes,105.0,19.9,10.7,7.8,8.4,2.8,267.7,1.7,1,0,1,0,0,6.4,C
PROD_02045,Dairy Product #2045,Dairy & Cheese,114.4,18.3,14.1,0.0,12.3,8.9,616.9,12.3,0,0,0,0,0,3.99,D
PROD_02046,Prepared Meal #2046,Fast Food & Prepared Meals,764.6,20.6,54.6,2.7,32.6,17.9,1578.1,15.3,0,1,0,0,1,3.86,D
PROD_02047,Lean Protein #2047,Lean Proteins & Poultry,219.2,36.8,0.5,0.5,9.4,0.5,75.6,1.7,0,0,0,0,1,9.34,A
PROD_02048,Lean Protein #2048,Lean Proteins & Poultry,155.3,37.2,1.3,0.9,8.6,1.3,69.7,2.3,0,0,0,0,0,8.33,A
PROD_02049,Beverage Item #2049,Beverages & Drinks,37.6,0.7,9.0,0.4,0.1,9.0,86.0,0.0,0,0,0,0,0,1.0,E
PROD_02050,Lean Protein #2050,Lean Proteins & Poultry,175.8,44.1,1.8,0.7,4.2,1.0,271.0,1.5,0,0,0,0,0,8.68,A
PROD_02051,Fresh Produce Item #2051,Whole Foods & Produce,49.5,1.5,6.9,6.1,1.1,4.7,15.2,0.0,0,0,0,0,0,7.87,B
PROD_02052,Superfood Oil/Nut #2052,Superfoods & Healthy Oils,161.2,7.5,1.7,1.7,22.0,1.1,23.0,3.7,0,0,0,0,1,6.41,C
PROD_02053,Fresh Produce Item #2053,Whole Foods & Produce,36.7,1.4,10.9,3.1,1.3,5.8,12.1,0.5,0,0,0,0,0,5.25,C
PROD_02054,Superfood Oil/Nut #2054,Superfoods & Healthy Oils,149.8,2.0,2.1,0.5,19.2,0.1,11.2,2.3,0,0,0,0,1,8.05,A
PROD_02055,Dairy Product #2055,Dairy & Cheese,260.9,19.4,2.8,0.0,5.3,2.8,298.1,2.7,0,0,0,0,0,5.99,C
PROD_02056,Fresh Produce Item #2056,Whole Foods & Produce,114.5,2.0,18.4,3.6,1.3,9.0,32.3,0.3,0,0,0,0,0,5.75,C
PROD_02057,Processed Snack #2057,Processed Snacks & Sweets,437.3,2.1,40.3,1.3,22.9,40.3,588.5,10.4,0,1,0,1,0,1.0,E
PROD_02058,Superfood Oil/Nut #2058,Superfoods & Healthy Oils,226.6,4.1,6.4,3.7,23.2,2.0,14.8,2.9,0,0,0,0,1,5.76,C
PROD_02059,Prepared Meal #2059,Fast Food & Prepared Meals,451.7,33.9,54.8,4.9,47.5,17.8,976.2,17.1,0,0,0,0,1,5.62,C
PROD_02060,Beverage Item #2060,Beverages & Drinks,99.5,0.8,21.4,0.3,1.0,14.1,87.5,0.0,0,0,0,1,0,1.0,E
PROD_02061,Dairy Product #2061,Dairy & Cheese,385.1,12.5,12.2,0.0,30.8,12.2,459.9,18.5,0,0,0,0,0,4.62,D
PROD_02062,Dairy Product #2062,Dairy & Cheese,90.7,13.9,15.1,0.0,14.2,10.4,168.0,9.1,0,0,0,0,0,5.52,C
PROD_02063,Processed Snack #2063,Processed Snacks & Sweets,530.5,5.5,30.1,2.8,11.0,13.3,186.0,5.8,0,0,1,1,0,2.55,E
PROD_02064,Grain/Legume #2064,Whole Grains & Legumes,186.3,9.6,49.0,10.2,2.3,2.2,77.3,1.0,0,0,0,0,0,5.88,C
PROD_02065,Processed Snack #2065,Processed Snacks & Sweets,544.4,3.8,52.4,1.8,23.3,43.5,388.3,4.1,1,1,0,0,0,1.99,E
PROD_02066,Lean Protein #2066,Lean Proteins & Poultry,169.2,39.0,4.2,0.1,7.4,1.5,364.5,0.9,0,0,0,0,0,8.51,A
PROD_02067,Grain/Legume #2067,Whole Grains & Legumes,172.8,14.1,37.3,14.8,1.8,3.2,116.5,0.4,0,0,0,0,0,7.58,B
PROD_02068,Beverage Item #2068,Beverages & Drinks,51.4,1.9,31.0,0.2,0.4,31.0,59.7,0.0,1,0,0,1,0,1.0,E
PROD_02069,Superfood Oil/Nut #2069,Superfoods & Healthy Oils,139.6,5.6,1.7,0.7,15.8,0.3,3.0,1.9,0,0,0,0,1,6.15,C
PROD_02070,Prepared Meal #2070,Fast Food & Prepared Meals,796.9,13.2,37.8,5.1,31.8,10.1,1270.2,13.8,1,1,0,0,0,1.03,E
PROD_02071,Dairy Product #2071,Dairy & Cheese,156.1,13.3,6.6,0.0,13.2,2.3,65.0,13.2,0,0,0,0,0,5.27,C
PROD_02072,Processed Snack #2072,Processed Snacks & Sweets,412.1,2.9,34.6,2.0,23.0,34.4,564.1,7.3,0,0,0,0,0,4.48,D
PROD_02073,Condiment #2073,Condiments & Sauces,45.1,0.9,11.1,1.3,2.6,11.1,685.8,0.8,1,0,0,1,0,1.0,E
PROD_02074,Processed Snack #2074,Processed Snacks & Sweets,415.0,4.9,33.3,1.3,15.0,22.9,476.6,5.2,1,1,0,0,0,1.72,E
PROD_02075,Fresh Produce Item #2075,Whole Foods & Produce,59.2,3.4,6.8,3.7,2.0,6.8,47.3,0.3,0,0,0,0,0,7.62,B
PROD_02076,Condiment #2076,Condiments & Sauces,163.9,0.2,12.4,0.1,7.3,12.4,1137.8,2.2,1,0,0,1,0,1.05,E
PROD_02077,Fresh Produce Item #2077,Whole Foods & Produce,27.0,0.9,24.0,7.4,0.3,6.0,47.6,0.0,0,0,0,0,1,4.71,D
PROD_02078,Lean Protein #2078,Lean Proteins & Poultry,112.7,27.4,2.4,0.1,2.8,0.9,342.4,2.8,0,0,0,0,0,8.44,A
PROD_02079,Prepared Meal #2079,Fast Food & Prepared Meals,637.3,33.1,58.1,1.6,36.7,16.2,1449.9,9.6,1,0,0,0,0,2.52,E
PROD_02080,Dairy Product #2080,Dairy & Cheese,369.2,6.6,4.2,0.0,5.5,4.2,309.6,5.5,0,0,0,0,0,5.12,C
PROD_02081,Dairy Product #2081,Dairy & Cheese,256.0,12.5,14.0,0.0,22.6,14.0,350.3,11.1,0,0,0,1,0,3.41,E
PROD_02082,Condiment #2082,Condiments & Sauces,68.4,0.2,28.9,0.4,17.6,20.0,408.1,1.4,1,0,0,1,0,2.39,E
PROD_02083,Processed Snack #2083,Processed Snacks & Sweets,262.8,4.8,41.2,1.2,26.8,25.9,793.9,3.9,0,0,1,1,0,1.0,E
PROD_02084,Nutrition Shake/Supplement #2084,Dietary Supplements & Shakes,288.2,30.0,24.2,4.5,3.6,2.7,258.4,1.6,0,0,0,0,0,9.97,A
PROD_02085,Condiment #2085,Condiments & Sauces,118.5,1.4,20.8,0.1,2.7,20.8,479.5,2.7,0,0,0,0,0,1.0,E
PROD_02086,Dairy Product #2086,Dairy & Cheese,168.2,22.3,2.0,0.0,9.9,2.0,107.5,9.9,1,0,0,0,0,5.73,C
PROD_02087,Nutrition Shake/Supplement #2087,Dietary Supplements & Shakes,203.1,28.8,19.9,4.2,4.1,11.6,52.5,1.1,0,0,0,0,0,9.51,A
PROD_02088,Lean Protein #2088,Lean Proteins & Poultry,195.5,34.0,0.5,0.5,11.7,0.4,408.1,2.2,0,0,0,0,0,7.69,B
PROD_02089,Prepared Meal #2089,Fast Food & Prepared Meals,512.8,35.9,49.0,3.6,53.3,19.8,867.5,8.6,0,0,0,1,0,4.4,D
PROD_02090,Lean Protein #2090,Lean Proteins & Poultry,164.2,28.7,1.0,0.9,3.8,1.0,402.3,0.6,0,0,0,0,0,8.59,A
PROD_02091,Nutrition Shake/Supplement #2091,Dietary Supplements & Shakes,209.4,32.2,11.2,6.0,6.6,7.2,308.5,0.7,0,0,0,0,0,9.93,A
PROD_02092,Fresh Produce Item #2092,Whole Foods & Produce,72.3,1.8,18.2,4.0,0.8,11.5,18.9,0.1,0,0,0,0,0,3.31,E
PROD_02093,Beverage Item #2093,Beverages & Drinks,82.5,1.3,14.4,0.1,0.4,14.4,34.7,0.0,0,0,0,0,0,2.58,E
PROD_02094,Lean Protein #2094,Lean Proteins & Poultry,148.1,41.3,2.0,0.7,3.1,1.5,269.6,1.3,0,0,0,0,0,8.94,A
PROD_02095,Superfood Oil/Nut #2095,Superfoods & Healthy Oils,121.9,6.1,4.3,1.1,23.6,0.6,13.8,2.4,0,0,0,0,1,5.18,C
PROD_02096,Nutrition Shake/Supplement #2096,Dietary Supplements & Shakes,102.1,26.8,22.9,7.3,3.0,4.9,218.1,2.2,0,0,0,0,0,10.0,A
PROD_02097,Lean Protein #2097,Lean Proteins & Poultry,194.0,20.6,4.9,0.3,4.1,1.0,266.9,2.8,0,0,0,0,0,8.99,A
PROD_02098,Nutrition Shake/Supplement #2098,Dietary Supplements & Shakes,287.3,28.6,3.0,3.0,2.4,3.0,95.7,0.9,0,0,0,0,0,6.15,C
PROD_02099,Prepared Meal #2099,Fast Food & Prepared Meals,687.0,12.2,93.9,5.1,15.5,7.2,1558.4,5.2,0,0,0,0,0,2.9,E
PROD_02100,Grain/Legume #2100,Whole Grains & Legumes,276.1,9.6,37.5,6.4,2.7,4.9,60.6,0.6,0,0,0,0,0,6.99,B
PROD_02101,Lean Protein #2101,Lean Proteins & Poultry,236.1,29.7,4.3,0.0,3.0,0.6,188.2,3.0,0,0,0,0,1,8.18,A
PROD_02102,Dairy Product #2102,Dairy & Cheese,173.6,21.9,9.7,0.0,8.3,9.7,270.0,8.3,0,0,0,1,0,5.62,C
PROD_02103,Prepared Meal #2103,Fast Food & Prepared Meals,679.1,18.9,63.1,1.8,34.6,6.2,1582.1,14.6,1,0,0,0,0,3.84,D
PROD_02104,Prepared Meal #2104,Fast Food & Prepared Meals,379.3,37.1,50.4,5.7,26.4,19.0,1346.7,16.1,0,0,0,0,0,5.37,C
PROD_02105,Processed Snack #2105,Processed Snacks & Sweets,511.1,4.7,70.7,0.6,18.0,36.6,529.1,4.2,1,1,0,1,0,1.0,E
PROD_02106,Dairy Product #2106,Dairy & Cheese,95.4,17.1,2.8,0.0,24.0,2.8,265.3,9.0,0,0,1,0,0,4.82,D
PROD_02107,Lean Protein #2107,Lean Proteins & Poultry,238.0,34.6,1.9,0.1,3.3,1.4,56.7,3.2,0,0,0,0,0,8.34,A
PROD_02108,Fresh Produce Item #2108,Whole Foods & Produce,116.1,3.1,10.9,3.5,2.0,2.9,43.0,0.2,0,0,0,0,0,7.03,B
PROD_02109,Beverage Item #2109,Beverages & Drinks,138.6,1.0,32.1,0.2,0.4,32.1,62.8,0.0,1,0,0,1,0,1.0,E
PROD_02110,Processed Snack #2110,Processed Snacks & Sweets,200.0,1.3,48.4,2.6,11.2,30.3,591.0,4.7,0,0,0,1,0,1.0,E
PROD_02111,Dairy Product #2111,Dairy & Cheese,242.3,19.0,11.9,0.0,12.0,5.9,248.4,5.7,0,0,0,0,0,6.09,C
PROD_02112,Nutrition Shake/Supplement #2112,Dietary Supplements & Shakes,271.4,33.8,8.6,1.7,3.4,6.4,343.8,0.6,0,0,0,0,0,8.99,A
PROD_02113,Prepared Meal #2113,Fast Food & Prepared Meals,499.1,25.6,36.4,3.4,37.5,7.3,796.4,7.1,1,1,0,0,0,3.73,D
PROD_02114,Condiment #2114,Condiments & Sauces,142.9,0.1,19.8,0.6,2.6,19.8,266.0,1.0,0,0,0,0,0,1.01,E
PROD_02115,Prepared Meal #2115,Fast Food & Prepared Meals,793.7,12.8,76.7,5.7,29.7,4.4,487.7,16.5,0,1,0,1,0,1.92,E
PROD_02116,Condiment #2116,Condiments & Sauces,143.7,1.1,33.6,0.7,12.2,14.8,1331.6,1.2,1,0,0,0,0,1.0,E
PROD_02117,Dairy Product #2117,Dairy & Cheese,261.9,17.6,13.0,0.0,25.0,3.9,628.8,16.3,0,0,0,0,0,5.09,C
PROD_02118,Prepared Meal #2118,Fast Food & Prepared Meals,565.1,26.5,59.7,2.3,17.0,8.3,527.9,12.7,0,1,0,0,0,3.98,D
PROD_02119,Grain/Legume #2119,Whole Grains & Legumes,156.2,12.0,50.8,11.6,3.9,0.8,88.5,0.4,0,0,0,0,0,7.86,B
PROD_02120,Dairy Product #2120,Dairy & Cheese,113.3,12.1,10.6,0.0,31.2,7.6,174.2,4.8,0,0,0,0,0,6.23,C
PROD_02121,Dairy Product #2121,Dairy & Cheese,399.2,15.9,10.7,0.0,13.4,10.7,327.6,7.6,0,0,0,0,0,5.32,C
PROD_02122,Processed Snack #2122,Processed Snacks & Sweets,346.7,5.9,56.1,2.6,29.2,34.6,363.0,5.4,1,0,0,1,0,1.71,E
PROD_02123,Dairy Product #2123,Dairy & Cheese,341.5,24.7,17.2,0.0,23.5,14.2,496.3,14.0,0,0,0,0,0,5.7,C
PROD_02124,Beverage Item #2124,Beverages & Drinks,148.5,1.2,55.3,0.1,0.2,28.2,92.6,0.0,1,0,0,1,0,1.0,E
PROD_02125,Fresh Produce Item #2125,Whole Foods & Produce,103.1,1.1,18.9,6.7,0.9,6.2,5.6,0.4,0,0,0,0,0,6.52,B
PROD_02126,Nutrition Shake/Supplement #2126,Dietary Supplements & Shakes,254.5,38.2,11.6,5.6,6.9,3.9,79.0,2.3,0,0,0,1,0,7.58,B
PROD_02127,Condiment #2127,Condiments & Sauces,108.4,1.7,34.2,1.4,15.4,1.3,1262.9,0.2,0,0,0,1,0,1.93,E
PROD_02128,Processed Snack #2128,Processed Snacks & Sweets,268.2,3.4,31.9,1.1,9.5,16.2,222.9,9.5,0,0,0,0,0,3.97,D
PROD_02129,Condiment #2129,Condiments & Sauces,81.1,1.5,30.6,0.5,11.9,15.8,534.1,0.8,1,1,0,1,1,1.0,E
PROD_02130,Processed Snack #2130,Processed Snacks & Sweets,452.6,5.8,63.9,0.9,28.6,24.9,458.2,6.5,1,0,0,1,0,1.88,E
PROD_02131,Nutrition Shake/Supplement #2131,Dietary Supplements & Shakes,275.4,38.2,9.5,5.8,6.8,7.0,230.2,1.6,1,0,0,0,0,8.39,A
PROD_02132,Beverage Item #2132,Beverages & Drinks,72.2,1.8,42.8,0.1,0.5,36.7,31.3,0.0,1,0,0,0,0,1.0,E
PROD_02133,Grain/Legume #2133,Whole Grains & Legumes,316.6,18.0,48.5,8.4,3.7,4.3,38.4,0.6,0,0,0,0,0,7.25,B
PROD_02134,Dairy Product #2134,Dairy & Cheese,188.5,17.5,5.5,0.0,9.7,5.5,289.7,7.0,1,0,0,0,0,3.85,D
PROD_02135,Grain/Legume #2135,Whole Grains & Legumes,166.2,7.9,25.4,13.7,2.9,4.1,124.4,0.9,0,0,0,0,0,8.08,A
PROD_02136,Beverage Item #2136,Beverages & Drinks,192.3,1.5,26.0,0.4,0.7,6.6,69.4,0.0,0,0,0,0,0,3.22,E
PROD_02137,Dairy Product #2137,Dairy & Cheese,217.9,15.6,14.1,0.0,14.4,6.6,544.4,14.4,0,0,0,0,0,4.62,D
PROD_02138,Nutrition Shake/Supplement #2138,Dietary Supplements & Shakes,257.4,20.0,18.5,2.0,6.2,6.3,139.4,0.7,0,0,1,1,0,3.8,D
PROD_02139,Fresh Produce Item #2139,Whole Foods & Produce,44.5,1.5,13.6,3.1,1.9,3.4,49.4,0.4,0,0,0,0,0,6.3,C
PROD_02140,Lean Protein #2140,Lean Proteins & Poultry,185.5,34.8,2.8,0.6,11.4,0.8,170.5,0.6,0,0,0,0,1,8.91,A
PROD_02141,Processed Snack #2141,Processed Snacks & Sweets,510.8,4.2,62.5,2.0,22.1,31.1,167.5,12.0,1,1,0,1,0,1.0,E
PROD_02142,Nutrition Shake/Supplement #2142,Dietary Supplements & Shakes,153.0,24.7,8.1,2.9,2.2,5.4,120.6,1.4,0,0,0,0,0,10.0,A
PROD_02143,Condiment #2143,Condiments & Sauces,155.3,0.5,32.8,0.3,13.4,2.7,955.8,0.7,0,0,0,0,0,2.2,E
PROD_02144,Prepared Meal #2144,Fast Food & Prepared Meals,847.1,18.4,66.4,4.2,28.9,15.9,787.8,4.5,0,1,0,0,0,3.12,E
PROD_02145,Fresh Produce Item #2145,Whole Foods & Produce,70.3,0.5,24.5,4.1,0.6,4.9,12.1,0.5,0,0,0,0,0,5.35,C
PROD_02146,Beverage Item #2146,Beverages & Drinks,215.6,1.5,13.7,0.3,0.9,13.7,90.7,0.0,0,0,0,1,0,3.41,E
PROD_02147,Condiment #2147,Condiments & Sauces,62.3,1.5,17.7,0.2,0.8,7.2,1334.7,0.8,1,0,0,0,0,1.0,E
PROD_02148,Prepared Meal #2148,Fast Food & Prepared Meals,915.0,22.1,78.7,3.3,34.6,19.1,562.6,11.4,1,1,0,0,1,1.99,E
PROD_02149,Beverage Item #2149,Beverages & Drinks,160.7,0.3,44.1,0.3,1.0,44.1,41.2,0.0,1,0,0,0,0,1.0,E
PROD_02150,Processed Snack #2150,Processed Snacks & Sweets,390.8,5.3,45.1,1.2,8.7,43.4,476.0,7.3,0,1,0,0,0,2.06,E
PROD_02151,Lean Protein #2151,Lean Proteins & Poultry,212.7,42.8,1.9,0.5,6.4,1.9,357.7,3.0,0,0,0,0,1,8.09,A
PROD_02152,Beverage Item #2152,Beverages & Drinks,236.2,0.4,27.9,0.3,0.9,27.9,110.0,0.0,0,0,0,1,0,2.49,E
PROD_02153,Fresh Produce Item #2153,Whole Foods & Produce,107.9,2.1,21.2,6.7,0.9,8.5,36.5,0.0,0,0,0,0,0,5.74,C
PROD_02154,Dairy Product #2154,Dairy & Cheese,255.9,16.3,8.0,0.0,19.5,8.0,338.7,14.8,0,0,0,0,0,5.78,C
PROD_02155,Processed Snack #2155,Processed Snacks & Sweets,443.1,5.1,70.6,0.8,27.6,18.5,629.0,9.4,1,1,0,1,0,1.0,E
PROD_02156,Prepared Meal #2156,Fast Food & Prepared Meals,577.0,19.6,81.6,3.0,40.3,16.1,1066.2,5.1,0,1,0,1,0,3.23,E
PROD_02157,Superfood Oil/Nut #2157,Superfoods & Healthy Oils,182.0,8.8,1.9,1.9,25.2,1.6,4.5,3.1,0,0,0,0,1,5.73,C
PROD_02158,Dairy Product #2158,Dairy & Cheese,333.0,9.2,3.7,0.0,7.4,3.7,76.3,7.4,0,0,0,0,0,4.84,D
PROD_02159,Prepared Meal #2159,Fast Food & Prepared Meals,353.4,21.3,65.8,3.7,38.7,21.3,1645.0,5.5,0,0,0,0,0,5.51,C
PROD_02160,Nutrition Shake/Supplement #2160,Dietary Supplements & Shakes,109.4,37.3,22.4,4.0,4.6,4.0,313.1,1.6,0,0,0,0,0,9.92,A
PROD_02161,Prepared Meal #2161,Fast Food & Prepared Meals,601.4,24.4,88.5,4.4,34.4,6.3,459.9,5.7,0,0,0,0,1,5.91,C
PROD_02162,Processed Snack #2162,Processed Snacks & Sweets,346.7,4.3,32.5,2.1,15.8,32.5,701.8,6.3,0,1,0,1,0,1.24,E
PROD_02163,Dairy Product #2163,Dairy & Cheese,91.9,22.0,2.8,0.0,8.0,2.8,87.5,2.4,1,0,0,0,0,7.13,B
PROD_02164,Superfood Oil/Nut #2164,Superfoods & Healthy Oils,267.1,5.6,5.8,4.4,26.3,1.1,27.0,3.6,0,0,0,0,1,5.71,C
PROD_02165,Processed Snack #2165,Processed Snacks & Sweets,381.2,3.4,39.6,2.4,11.1,28.2,423.9,8.8,0,0,0,1,0,2.83,E
PROD_02166,Beverage Item #2166,Beverages & Drinks,112.8,1.4,33.9,0.5,0.0,15.4,16.3,0.0,1,0,1,0,0,1.0,E
PROD_02167,Beverage Item #2167,Beverages & Drinks,222.0,0.0,39.2,0.5,0.2,24.3,87.2,0.0,0,0,0,1,0,1.0,E
PROD_02168,Condiment #2168,Condiments & Sauces,104.4,0.7,10.0,1.0,6.8,10.0,1134.9,2.3,1,0,0,0,0,2.45,E
PROD_02169,Dairy Product #2169,Dairy & Cheese,109.4,9.2,7.9,0.0,19.4,7.9,242.1,13.3,0,0,0,0,0,4.93,D
PROD_02170,Grain/Legume #2170,Whole Grains & Legumes,273.9,8.2,59.0,8.0,4.4,2.4,121.3,0.8,0,0,0,0,1,5.81,C
PROD_02171,Beverage Item #2171,Beverages & Drinks,33.3,0.7,28.4,0.4,0.0,28.4,80.7,0.0,1,0,1,1,0,1.0,E
PROD_02172,Superfood Oil/Nut #2172,Superfoods & Healthy Oils,245.0,7.6,8.0,2.1,25.7,1.9,8.6,2.4,0,0,0,0,1,5.53,C
PROD_02173,Grain/Legume #2173,Whole Grains & Legumes,266.6,13.0,33.2,13.8,1.1,4.1,10.2,0.7,0,0,0,0,1,8.3,A
PROD_02174,Fresh Produce Item #2174,Whole Foods & Produce,37.0,2.6,10.8,3.4,0.4,6.5,46.8,0.0,0,0,0,0,0,6.17,C
PROD_02175,Fresh Produce Item #2175,Whole Foods & Produce,110.2,4.0,12.7,5.8,1.6,7.1,12.3,0.2,0,0,0,0,0,7.76,B
PROD_02176,Dairy Product #2176,Dairy & Cheese,375.0,23.4,16.3,0.0,28.7,3.6,127.5,4.0,1,0,0,0,0,5.75,C
PROD_02177,Lean Protein #2177,Lean Proteins & Poultry,203.1,25.2,1.8,0.8,8.3,0.7,315.7,2.8,0,0,0,0,0,7.88,B
PROD_02178,Superfood Oil/Nut #2178,Superfoods & Healthy Oils,155.2,5.9,6.4,0.7,20.8,1.4,37.3,1.4,0,0,0,0,1,6.17,C
PROD_02179,Fresh Produce Item #2179,Whole Foods & Produce,33.9,2.3,13.9,3.3,0.7,4.1,24.2,0.0,0,0,0,0,0,5.95,C
PROD_02180,Beverage Item #2180,Beverages & Drinks,62.6,0.9,54.6,0.2,0.6,1.9,18.6,0.0,1,0,0,1,0,1.0,E
PROD_02181,Beverage Item #2181,Beverages & Drinks,179.4,0.3,14.8,0.2,0.3,14.8,47.2,0.0,1,0,0,0,0,3.57,D
PROD_02182,Fresh Produce Item #2182,Whole Foods & Produce,79.6,3.4,15.4,6.7,0.7,12.6,23.1,0.3,0,0,0,0,0,6.57,B
PROD_02183,Processed Snack #2183,Processed Snacks & Sweets,295.1,2.5,52.9,0.8,16.5,18.0,322.1,9.2,0,1,0,1,0,1.0,E
PROD_02184,Prepared Meal #2184,Fast Food & Prepared Meals,801.9,27.3,49.0,4.9,32.3,16.3,1344.0,5.5,0,0,0,0,0,5.03,C
PROD_02185,Condiment #2185,Condiments & Sauces,32.6,0.0,25.0,0.8,3.8,7.3,1173.2,1.5,0,0,0,0,0,1.41,E
PROD_02186,Prepared Meal #2186,Fast Food & Prepared Meals,456.1,28.3,69.8,3.0,35.2,14.6,1650.8,4.8,0,0,0,0,0,4.85,D
PROD_02187,Grain/Legume #2187,Whole Grains & Legumes,245.1,14.5,49.1,9.2,4.8,2.8,194.1,0.7,0,0,0,0,0,8.29,A
PROD_02188,Beverage Item #2188,Beverages & Drinks,18.6,1.2,54.7,0.3,0.2,17.6,78.5,0.0,0,0,0,0,0,2.93,E
PROD_02189,Nutrition Shake/Supplement #2189,Dietary Supplements & Shakes,290.2,15.8,23.0,3.1,5.3,2.0,320.7,2.0,0,0,0,1,0,5.45,C
PROD_02190,Condiment #2190,Condiments & Sauces,78.4,1.4,33.7,0.2,15.5,12.4,1078.9,0.9,1,1,0,0,1,1.0,E
PROD_02191,Nutrition Shake/Supplement #2191,Dietary Supplements & Shakes,247.4,39.6,5.6,2.4,4.1,2.7,321.9,0.9,0,0,1,1,0,6.22,C
PROD_02192,Condiment #2192,Condiments & Sauces,134.6,1.5,3.2,0.6,13.9,3.2,922.6,0.2,1,1,0,1,1,1.0,E
PROD_02193,Processed Snack #2193,Processed Snacks & Sweets,317.3,4.5,43.0,0.7,19.1,26.5,239.8,7.2,0,0,0,0,0,5.14,C
PROD_02194,Dairy Product #2194,Dairy & Cheese,279.9,6.5,9.0,0.0,20.4,9.0,575.0,6.8,0,0,1,0,0,1.4,E
PROD_02195,Dairy Product #2195,Dairy & Cheese,124.7,16.6,14.3,0.0,23.8,12.4,210.3,3.3,0,0,0,0,0,6.18,C
PROD_02196,Dairy Product #2196,Dairy & Cheese,149.9,7.1,16.8,0.0,31.5,9.9,581.9,5.9,0,0,0,0,0,4.3,D
PROD_02197,Nutrition Shake/Supplement #2197,Dietary Supplements & Shakes,240.2,15.5,10.0,7.6,2.5,8.9,277.8,2.0,0,0,0,0,0,8.86,A
PROD_02198,Nutrition Shake/Supplement #2198,Dietary Supplements & Shakes,147.3,42.2,18.8,3.0,2.5,3.8,236.9,2.2,0,0,1,1,0,5.56,C
PROD_02199,Prepared Meal #2199,Fast Food & Prepared Meals,766.1,29.5,63.0,3.2,36.8,6.2,1063.9,10.4,0,0,0,0,0,6.05,C
PROD_02200,Beverage Item #2200,Beverages & Drinks,16.8,0.3,34.8,0.2,0.8,29.9,107.1,0.0,0,0,1,1,0,1.0,E
PROD_02201,Superfood Oil/Nut #2201,Superfoods & Healthy Oils,162.7,7.5,7.8,3.9,19.4,0.9,27.0,2.4,0,0,0,0,1,6.49,C
PROD_02202,Condiment #2202,Condiments & Sauces,37.2,1.2,18.3,0.6,1.5,18.3,207.0,1.4,0,0,1,0,0,1.0,E
PROD_02203,Processed Snack #2203,Processed Snacks & Sweets,358.0,5.5,43.5,1.5,28.8,18.6,526.0,6.2,0,1,0,0,0,3.28,E
PROD_02204,Nutrition Shake/Supplement #2204,Dietary Supplements & Shakes,254.3,23.3,8.1,3.1,8.1,6.5,97.4,2.0,0,0,0,0,0,6.95,B
PROD_02205,Prepared Meal #2205,Fast Food & Prepared Meals,943.6,30.7,94.6,3.5,19.8,17.1,1500.0,15.9,0,0,0,0,0,4.93,D
PROD_02206,Processed Snack #2206,Processed Snacks & Sweets,313.0,3.0,72.3,1.5,18.9,20.1,150.1,11.0,1,0,0,0,0,1.37,E
PROD_02207,Prepared Meal #2207,Fast Food & Prepared Meals,614.8,24.8,74.7,4.8,45.9,16.1,1534.7,5.7,0,0,0,0,0,4.56,D
PROD_02208,Fresh Produce Item #2208,Whole Foods & Produce,35.0,2.1,7.5,3.5,0.4,3.4,44.7,0.3,0,0,0,0,0,8.93,A
PROD_02209,Dairy Product #2209,Dairy & Cheese,298.4,24.8,2.2,0.0,11.9,2.2,233.0,8.9,0,0,1,0,0,5.23,C
PROD_02210,Superfood Oil/Nut #2210,Superfoods & Healthy Oils,258.3,1.0,0.5,0.1,23.9,0.2,0.9,1.4,0,0,0,0,1,8.36,A
PROD_02211,Grain/Legume #2211,Whole Grains & Legumes,289.4,9.3,53.0,12.8,3.8,4.3,22.0,0.3,0,0,0,0,0,6.98,B
PROD_02212,Superfood Oil/Nut #2212,Superfoods & Healthy Oils,270.1,8.2,7.3,4.5,24.8,1.4,1.2,1.4,0,0,0,0,1,7.21,B
PROD_02213,Prepared Meal #2213,Fast Food & Prepared Meals,633.5,17.5,74.0,2.5,33.9,9.9,1750.9,17.8,0,0,0,1,0,2.23,E
PROD_02214,Processed Snack #2214,Processed Snacks & Sweets,542.0,1.4,54.0,2.8,28.8,19.7,243.6,9.4,1,0,0,1,0,1.69,E
PROD_02215,Superfood Oil/Nut #2215,Superfoods & Healthy Oils,178.6,3.5,2.4,2.4,24.5,1.9,3.4,1.8,0,0,0,0,1,4.73,D
PROD_02216,Superfood Oil/Nut #2216,Superfoods & Healthy Oils,182.3,8.6,3.5,2.8,23.5,1.5,29.1,3.6,0,0,0,0,1,5.54,C
PROD_02217,Beverage Item #2217,Beverages & Drinks,35.1,0.1,9.6,0.5,0.7,9.6,113.6,0.0,0,0,0,1,0,1.0,E
PROD_02218,Prepared Meal #2218,Fast Food & Prepared Meals,807.6,35.3,79.2,3.0,19.0,11.6,567.9,5.6,0,0,0,0,0,6.09,C
PROD_02219,Grain/Legume #2219,Whole Grains & Legumes,340.3,6.9,49.4,6.1,2.1,1.3,113.0,0.9,0,0,0,0,0,5.23,C
PROD_02220,Condiment #2220,Condiments & Sauces,81.7,1.8,19.4,0.8,3.2,14.5,1301.9,1.7,1,1,0,0,1,1.0,E
PROD_02221,Condiment #2221,Condiments & Sauces,60.4,1.4,25.3,1.3,9.7,18.5,443.7,2.2,0,0,1,1,0,1.0,E
PROD_02222,Beverage Item #2222,Beverages & Drinks,21.8,0.6,39.0,0.1,0.7,3.2,46.8,0.0,0,0,0,0,0,2.91,E
PROD_02223,Nutrition Shake/Supplement #2223,Dietary Supplements & Shakes,256.0,30.6,24.6,5.9,6.0,5.2,320.7,1.1,1,0,1,1,0,5.33,C
PROD_02224,Grain/Legume #2224,Whole Grains & Legumes,150.7,15.2,33.1,14.2,4.8,1.5,20.2,0.6,0,0,0,0,0,8.82,A
PROD_02225,Nutrition Shake/Supplement #2225,Dietary Supplements & Shakes,257.4,34.7,7.1,1.8,6.5,7.1,159.8,2.2,0,0,1,0,0,6.55,B
PROD_02226,Prepared Meal #2226,Fast Food & Prepared Meals,524.6,33.2,48.1,1.6,31.0,5.2,841.6,13.0,0,1,0,1,0,3.87,D
PROD_02227,Nutrition Shake/Supplement #2227,Dietary Supplements & Shakes,293.7,22.1,8.8,1.9,7.6,5.2,154.4,2.5,0,0,0,1,0,5.39,C
PROD_02228,Grain/Legume #2228,Whole Grains & Legumes,337.2,13.5,50.0,9.1,1.5,2.5,121.7,0.8,0,0,0,0,0,7.25,B
PROD_02229,Dairy Product #2229,Dairy & Cheese,157.2,16.7,11.1,0.0,9.3,10.2,251.0,9.3,0,0,0,0,0,4.21,D
PROD_02230,Dairy Product #2230,Dairy & Cheese,88.9,9.2,2.9,0.0,23.2,2.9,78.9,13.7,0,0,0,0,0,4.89,D
PROD_02231,Dairy Product #2231,Dairy & Cheese,310.3,15.1,10.4,0.0,3.9,6.3,251.1,3.9,0,0,0,0,0,6.26,C
PROD_02232,Condiment #2232,Condiments & Sauces,133.2,0.2,26.1,0.8,7.9,19.6,243.6,0.7,0,0,0,1,0,1.0,E
PROD_02233,Nutrition Shake/Supplement #2233,Dietary Supplements & Shakes,160.5,27.0,23.7,2.8,5.5,0.8,235.9,2.4,0,0,0,0,0,8.25,A
PROD_02234,Prepared Meal #2234,Fast Food & Prepared Meals,467.3,36.3,54.0,4.6,47.6,17.3,1688.7,16.1,0,1,0,0,0,3.74,D
PROD_02235,Beverage Item #2235,Beverages & Drinks,40.8,0.5,57.5,0.2,0.5,17.1,62.9,0.0,0,0,0,1,0,1.1,E
PROD_02236,Grain/Legume #2236,Whole Grains & Legumes,314.3,11.4,54.9,8.3,1.9,1.3,75.0,0.2,0,0,0,0,0,6.13,C
PROD_02237,Dairy Product #2237,Dairy & Cheese,286.9,14.3,14.7,0.0,6.4,12.1,128.6,6.4,0,0,0,0,0,6.06,C
PROD_02238,Beverage Item #2238,Beverages & Drinks,90.4,1.1,44.0,0.0,0.2,44.0,104.8,0.0,1,0,0,0,0,1.0,E
PROD_02239,Fresh Produce Item #2239,Whole Foods & Produce,66.3,2.4,5.2,5.2,1.1,4.0,8.0,0.0,0,0,0,0,0,8.4,A
PROD_02240,Lean Protein #2240,Lean Proteins & Poultry,118.4,29.3,1.0,0.9,7.6,0.6,331.9,1.6,0,0,0,0,1,8.2,A
PROD_02241,Grain/Legume #2241,Whole Grains & Legumes,271.4,6.6,35.9,7.3,1.8,3.6,166.0,0.8,0,0,0,0,0,5.89,C
PROD_02242,Processed Snack #2242,Processed Snacks & Sweets,333.3,2.7,43.0,1.4,25.3,20.1,593.3,11.1,1,1,1,1,0,1.0,E
PROD_02243,Superfood Oil/Nut #2243,Superfoods & Healthy Oils,239.7,3.4,5.2,0.2,15.3,0.5,13.8,1.6,0,0,0,0,1,5.54,C
PROD_02244,Nutrition Shake/Supplement #2244,Dietary Supplements & Shakes,280.2,20.1,18.8,4.4,2.9,8.5,214.2,0.6,0,0,0,1,0,6.89,B
PROD_02245,Prepared Meal #2245,Fast Food & Prepared Meals,701.5,15.6,86.2,1.6,18.2,6.1,1162.9,12.7,0,1,0,0,1,2.48,E
PROD_02246,Prepared Meal #2246,Fast Food & Prepared Meals,519.0,17.9,85.9,5.7,42.7,4.5,1511.4,11.4,0,0,0,1,0,2.41,E
PROD_02247,Dairy Product #2247,Dairy & Cheese,359.7,20.0,7.8,0.0,24.0,7.8,161.7,9.1,0,0,1,0,0,4.04,D
PROD_02248,Beverage Item #2248,Beverages & Drinks,232.0,1.2,48.8,0.2,0.7,48.8,48.3,0.0,0,0,0,0,0,1.0,E
PROD_02249,Grain/Legume #2249,Whole Grains & Legumes,312.1,12.0,40.4,6.8,4.3,3.1,23.0,0.7,0,0,0,0,0,7.53,B
PROD_02250,Grain/Legume #2250,Whole Grains & Legumes,348.0,9.2,55.5,5.7,2.9,0.8,97.8,0.2,0,0,0,0,0,6.23,C
PROD_02251,Grain/Legume #2251,Whole Grains & Legumes,317.1,13.7,58.3,12.7,1.3,3.9,40.0,0.4,0,0,0,0,0,6.6,B
PROD_02252,Nutrition Shake/Supplement #2252,Dietary Supplements & Shakes,271.8,23.0,6.4,6.4,3.4,6.4,101.0,2.2,0,0,0,0,0,7.59,B
PROD_02253,Prepared Meal #2253,Fast Food & Prepared Meals,449.6,16.1,51.2,3.5,49.9,5.6,1685.6,17.0,0,0,0,0,0,4.08,D
PROD_02254,Processed Snack #2254,Processed Snacks & Sweets,267.6,3.6,35.2,2.9,19.2,24.5,252.4,6.5,1,1,0,1,0,1.0,E
PROD_02255,Prepared Meal #2255,Fast Food & Prepared Meals,440.5,30.5,77.7,4.4,33.6,16.1,1494.6,17.5,0,0,0,0,0,4.67,D
PROD_02256,Prepared Meal #2256,Fast Food & Prepared Meals,691.0,14.9,87.8,2.2,20.4,7.5,1332.1,5.5,0,1,0,1,0,1.38,E
PROD_02257,Lean Protein #2257,Lean Proteins & Poultry,248.6,44.2,0.9,0.9,8.8,0.8,345.9,3.2,0,0,0,0,1,8.86,A
PROD_02258,Dairy Product #2258,Dairy & Cheese,239.8,19.5,14.0,0.0,4.7,6.8,215.8,3.8,0,0,0,0,0,6.55,B
PROD_02259,Dairy Product #2259,Dairy & Cheese,292.1,13.1,3.0,0.0,24.4,3.0,81.5,2.1,0,0,0,1,0,4.56,D
PROD_02260,Grain/Legume #2260,Whole Grains & Legumes,311.0,14.8,47.8,12.4,4.0,1.1,44.1,0.8,0,0,0,0,0,7.66,B
PROD_02261,Nutrition Shake/Supplement #2261,Dietary Supplements & Shakes,262.8,38.1,4.0,4.0,8.2,4.0,124.6,1.7,0,0,1,0,0,8.2,A
PROD_02262,Fresh Produce Item #2262,Whole Foods & Produce,31.9,3.1,10.1,3.1,1.2,10.1,22.8,0.0,0,0,0,0,0,6.69,B
PROD_02263,Fresh Produce Item #2263,Whole Foods & Produce,112.6,2.5,21.9,2.7,0.3,3.6,27.0,0.2,0,0,0,0,0,5.08,C
PROD_02264,Prepared Meal #2264,Fast Food & Prepared Meals,908.5,25.7,78.2,5.5,54.6,13.1,1540.9,11.9,0,0,0,0,0,5.48,C
PROD_02265,Beverage Item #2265,Beverages & Drinks,59.9,1.2,42.8,0.4,0.3,42.8,114.0,0.0,0,0,0,1,0,1.0,E
PROD_02266,Nutrition Shake/Supplement #2266,Dietary Supplements & Shakes,188.9,33.5,8.2,6.3,3.2,7.3,259.1,2.2,0,0,0,0,0,10.0,A
PROD_02267,Grain/Legume #2267,Whole Grains & Legumes,308.3,9.4,26.4,6.2,4.0,1.7,132.6,0.8,0,0,0,0,0,6.14,C
PROD_02268,Condiment #2268,Condiments & Sauces,67.8,0.4,14.1,1.0,12.6,14.1,1258.1,0.9,1,0,0,1,0,1.0,E
PROD_02269,Nutrition Shake/Supplement #2269,Dietary Supplements & Shakes,178.9,29.4,22.9,6.6,3.3,4.2,155.9,2.3,0,0,0,0,0,10.0,A
PROD_02270,Nutrition Shake/Supplement #2270,Dietary Supplements & Shakes,180.8,20.5,22.2,7.2,2.3,11.6,209.9,2.3,0,0,0,1,0,8.54,A
PROD_02271,Dairy Product #2271,Dairy & Cheese,313.1,10.6,9.6,0.0,10.2,9.6,479.5,7.6,0,0,0,1,0,2.65,E
PROD_02272,Processed Snack #2272,Processed Snacks & Sweets,376.4,1.1,49.1,2.2,19.4,31.7,362.3,4.2,0,0,0,1,0,3.91,D
PROD_02273,Processed Snack #2273,Processed Snacks & Sweets,466.2,3.6,33.1,1.3,9.9,33.1,298.9,8.5,1,0,0,0,0,3.67,D
PROD_02274,Condiment #2274,Condiments & Sauces,29.7,0.2,31.8,0.7,12.4,4.8,226.3,2.7,0,1,0,0,0,2.32,E
PROD_02275,Fresh Produce Item #2275,Whole Foods & Produce,25.8,2.5,17.6,3.8,1.5,6.9,37.3,0.1,0,0,0,0,0,6.03,C
PROD_02276,Lean Protein #2276,Lean Proteins & Poultry,205.5,36.6,2.1,0.8,9.0,0.6,289.8,1.8,0,0,0,0,1,9.24,A
PROD_02277,Grain/Legume #2277,Whole Grains & Legumes,242.2,10.0,38.7,10.3,5.0,2.3,40.6,0.7,0,0,0,0,0,7.98,B
PROD_02278,Dairy Product #2278,Dairy & Cheese,139.4,20.9,4.1,0.0,29.5,4.1,56.8,18.4,0,0,0,0,0,5.37,C
PROD_02279,Grain/Legume #2279,Whole Grains & Legumes,272.8,15.1,59.4,13.1,4.7,2.8,137.1,0.5,0,0,0,0,1,8.19,A
PROD_02280,Fresh Produce Item #2280,Whole Foods & Produce,27.7,1.1,22.9,3.8,0.5,2.2,18.4,0.4,0,0,0,0,0,5.13,C
PROD_02281,Dairy Product #2281,Dairy & Cheese,294.3,22.0,5.7,0.0,8.4,2.2,291.3,8.4,0,0,0,0,0,6.78,B
PROD_02282,Condiment #2282,Condiments & Sauces,112.7,0.2,17.8,1.5,1.6,15.0,554.8,1.6,0,0,0,1,0,1.0,E
PROD_02283,Beverage Item #2283,Beverages & Drinks,189.5,0.5,49.0,0.1,0.0,8.5,118.4,0.0,1,0,1,1,0,1.0,E
PROD_02284,Fresh Produce Item #2284,Whole Foods & Produce,43.6,0.7,13.3,5.7,1.3,5.5,43.7,0.2,0,0,0,0,0,4.49,D
PROD_02285,Fresh Produce Item #2285,Whole Foods & Produce,82.4,2.6,17.6,3.0,0.6,4.7,29.3,0.2,0,0,0,0,0,5.95,C
PROD_02286,Processed Snack #2286,Processed Snacks & Sweets,409.8,2.7,32.1,1.4,19.4,12.4,523.3,11.0,1,0,1,0,0,1.33,E
PROD_02287,Superfood Oil/Nut #2287,Superfoods & Healthy Oils,146.8,8.9,3.6,0.6,13.9,0.5,25.5,2.0,0,0,0,0,1,6.56,B
PROD_02288,Condiment #2288,Condiments & Sauces,101.3,0.6,18.0,1.4,9.0,18.0,580.9,2.9,1,0,0,0,1,1.0,E
PROD_02289,Lean Protein #2289,Lean Proteins & Poultry,197.4,27.9,3.3,0.4,5.2,0.2,65.7,3.0,0,0,0,0,0,7.8,B
PROD_02290,Nutrition Shake/Supplement #2290,Dietary Supplements & Shakes,246.4,18.1,21.1,3.3,6.0,3.7,270.0,1.9,0,0,1,1,0,4.35,D
PROD_02291,Dairy Product #2291,Dairy & Cheese,306.6,18.2,12.7,0.0,24.1,12.7,285.9,14.7,0,0,0,0,0,5.95,C
PROD_02292,Condiment #2292,Condiments & Sauces,52.2,1.9,4.9,0.0,12.1,4.9,1085.1,2.2,0,0,0,1,0,1.86,E
PROD_02293,Dairy Product #2293,Dairy & Cheese,252.6,9.0,11.4,0.0,28.7,7.9,448.0,12.5,0,0,0,0,0,5.79,C
PROD_02294,Processed Snack #2294,Processed Snacks & Sweets,306.8,3.0,31.0,2.0,17.3,31.0,567.2,6.3,1,0,1,1,0,1.0,E
PROD_02295,Beverage Item #2295,Beverages & Drinks,194.7,0.5,24.6,0.2,0.8,13.3,116.6,0.0,0,0,1,1,0,1.0,E
PROD_02296,Dairy Product #2296,Dairy & Cheese,232.8,7.2,9.3,0.0,11.3,5.8,175.7,7.7,0,0,0,0,0,5.45,C
PROD_02297,Fresh Produce Item #2297,Whole Foods & Produce,37.5,1.4,14.1,7.7,0.4,14.0,37.3,0.3,0,0,0,0,0,5.3,C
PROD_02298,Prepared Meal #2298,Fast Food & Prepared Meals,878.4,19.7,40.2,1.9,36.8,21.9,645.8,5.4,0,0,0,1,0,3.42,E
PROD_02299,Condiment #2299,Condiments & Sauces,66.8,1.8,3.4,0.4,14.6,3.4,333.9,2.9,0,0,0,1,1,2.92,E
PROD_02300,Condiment #2300,Condiments & Sauces,153.2,1.0,13.2,1.2,3.5,2.9,254.9,0.1,1,0,0,0,0,2.11,E
PROD_02301,Processed Snack #2301,Processed Snacks & Sweets,400.7,5.8,34.6,1.7,17.2,31.8,677.8,10.5,0,0,0,1,0,2.62,E
PROD_02302,Beverage Item #2302,Beverages & Drinks,38.1,1.2,11.8,0.2,0.9,4.7,13.3,0.0,0,0,1,1,0,1.0,E
PROD_02303,Prepared Meal #2303,Fast Food & Prepared Meals,611.2,20.7,64.5,3.5,14.3,8.3,738.6,8.9,1,1,0,1,0,1.41,E
PROD_02304,Prepared Meal #2304,Fast Food & Prepared Meals,738.7,27.8,39.2,1.8,53.6,6.7,847.5,14.7,0,1,0,0,0,4.99,D
PROD_02305,Superfood Oil/Nut #2305,Superfoods & Healthy Oils,217.9,4.2,4.4,0.3,16.7,1.7,34.6,3.9,0,0,0,0,1,4.91,D
PROD_02306,Condiment #2306,Condiments & Sauces,143.0,0.5,4.0,0.6,2.6,4.0,1336.2,2.5,0,0,0,0,0,4.01,D
PROD_02307,Nutrition Shake/Supplement #2307,Dietary Supplements & Shakes,136.7,23.2,8.3,4.5,3.7,6.4,250.8,2.1,0,0,1,1,0,6.71,B
PROD_02308,Prepared Meal #2308,Fast Food & Prepared Meals,450.1,16.1,37.9,3.4,47.2,12.8,944.5,5.5,1,0,0,1,0,2.27,E
PROD_02309,Nutrition Shake/Supplement #2309,Dietary Supplements & Shakes,180.9,23.1,23.8,3.2,2.0,2.4,307.2,1.7,0,0,0,0,0,8.25,A
PROD_02310,Nutrition Shake/Supplement #2310,Dietary Supplements & Shakes,148.5,39.3,21.3,1.4,6.8,1.2,228.4,1.8,0,0,0,0,0,8.57,A
PROD_02311,Processed Snack #2311,Processed Snacks & Sweets,543.6,5.2,48.6,2.0,10.6,24.8,627.0,8.4,0,1,0,1,0,2.14,E
PROD_02312,Prepared Meal #2312,Fast Food & Prepared Meals,489.5,35.1,84.1,4.1,33.1,15.6,1079.4,13.0,0,0,0,0,0,6.41,C
PROD_02313,Beverage Item #2313,Beverages & Drinks,158.0,0.5,38.7,0.0,0.9,38.7,32.1,0.0,0,0,0,1,0,1.0,E
PROD_02314,Superfood Oil/Nut #2314,Superfoods & Healthy Oils,158.6,7.1,4.6,0.2,19.8,1.6,13.8,3.7,0,0,0,0,1,5.75,C
PROD_02315,Condiment #2315,Condiments & Sauces,19.5,0.2,26.1,0.6,6.0,25.0,781.4,2.7,0,1,0,1,0,1.0,E
PROD_02316,Condiment #2316,Condiments & Sauces,100.6,1.2,33.3,1.4,11.8,18.8,496.3,2.5,0,0,0,1,1,1.6,E
PROD_02317,Condiment #2317,Condiments & Sauces,138.0,0.9,29.7,0.8,13.8,3.1,908.0,1.7,0,0,0,0,1,3.48,E
PROD_02318,Nutrition Shake/Supplement #2318,Dietary Supplements & Shakes,217.5,30.8,11.1,4.0,5.1,2.2,159.4,2.1,0,0,0,0,0,9.52,A
PROD_02319,Lean Protein #2319,Lean Proteins & Poultry,180.1,32.9,0.2,0.2,3.3,0.2,208.3,1.7,0,0,0,0,0,8.67,A
PROD_02320,Condiment #2320,Condiments & Sauces,101.0,0.5,24.3,0.5,8.7,16.3,1023.5,0.2,0,0,1,1,0,1.0,E
PROD_02321,Beverage Item #2321,Beverages & Drinks,63.9,0.0,50.0,0.0,0.2,29.9,29.6,0.0,0,0,0,0,0,1.0,E
PROD_02322,Superfood Oil/Nut #2322,Superfoods & Healthy Oils,229.3,1.6,4.5,0.9,22.3,1.2,48.7,3.8,0,0,0,0,1,5.21,C
PROD_02323,Nutrition Shake/Supplement #2323,Dietary Supplements & Shakes,194.7,23.7,20.8,4.3,5.1,8.7,158.6,1.2,0,0,0,1,0,7.87,B
PROD_02324,Dairy Product #2324,Dairy & Cheese,268.2,6.3,10.9,0.0,13.2,10.9,370.4,6.4,0,0,0,0,0,4.14,D
PROD_02325,Lean Protein #2325,Lean Proteins & Poultry,197.8,29.9,0.8,0.1,7.4,0.6,449.0,1.7,0,0,0,0,0,7.73,B
PROD_02326,Grain/Legume #2326,Whole Grains & Legumes,165.0,17.6,48.1,9.9,4.6,4.6,86.1,0.9,0,0,0,0,1,8.24,A
PROD_02327,Condiment #2327,Condiments & Sauces,69.9,1.1,3.5,1.4,1.8,3.5,331.1,0.8,0,0,0,0,0,4.72,D
PROD_02328,Grain/Legume #2328,Whole Grains & Legumes,220.0,8.7,50.3,9.7,2.0,3.7,42.4,0.7,0,0,0,0,0,6.16,C
PROD_02329,Prepared Meal #2329,Fast Food & Prepared Meals,739.2,29.4,73.7,2.5,19.9,21.6,511.1,10.5,0,0,0,0,0,5.93,C
PROD_02330,Processed Snack #2330,Processed Snacks & Sweets,348.0,3.9,73.8,0.7,18.1,25.1,685.8,11.1,0,1,0,1,0,1.0,E
PROD_02331,Nutrition Shake/Supplement #2331,Dietary Supplements & Shakes,258.1,21.4,17.5,7.5,3.6,8.3,93.1,0.7,0,0,1,1,0,5.53,C
PROD_02332,Condiment #2332,Condiments & Sauces,158.6,1.7,26.0,0.6,0.0,20.8,1254.8,0.0,0,1,0,1,0,1.0,E
PROD_02333,Grain/Legume #2333,Whole Grains & Legumes,147.4,17.4,46.4,11.4,3.5,4.5,16.7,0.9,0,0,0,0,0,8.08,A
PROD_02334,Superfood Oil/Nut #2334,Superfoods & Healthy Oils,165.4,1.7,2.1,1.6,19.9,1.5,19.8,3.8,0,0,0,0,1,8.29,A
PROD_02335,Prepared Meal #2335,Fast Food & Prepared Meals,562.4,26.4,61.1,4.7,24.9,12.1,1658.4,14.6,1,0,0,0,0,2.12,E
PROD_02336,Superfood Oil/Nut #2336,Superfoods & Healthy Oils,254.5,7.3,0.1,0.1,14.9,0.1,9.8,2.3,0,0,0,0,1,5.38,C
PROD_02337,Superfood Oil/Nut #2337,Superfoods & Healthy Oils,207.6,2.7,0.2,0.2,22.9,0.2,38.6,3.8,0,0,0,0,1,5.14,C
PROD_02338,Fresh Produce Item #2338,Whole Foods & Produce,116.7,3.4,19.3,4.9,0.8,2.4,21.2,0.4,0,0,0,0,0,8.29,A
PROD_02339,Grain/Legume #2339,Whole Grains & Legumes,317.7,15.4,27.3,6.9,2.3,1.7,168.5,0.4,0,0,0,0,0,6.36,C
PROD_02340,Processed Snack #2340,Processed Snacks & Sweets,323.9,5.7,32.4,0.9,17.2,32.3,155.3,9.3,0,0,0,1,0,3.41,E
PROD_02341,Prepared Meal #2341,Fast Food & Prepared Meals,773.0,29.0,55.5,2.3,21.3,14.5,1188.3,16.3,0,0,0,1,0,3.43,E
PROD_02342,Beverage Item #2342,Beverages & Drinks,140.3,0.1,53.4,0.2,0.1,4.8,89.2,0.0,0,0,0,0,0,2.21,E
PROD_02343,Beverage Item #2343,Beverages & Drinks,148.7,2.0,18.7,0.5,0.1,18.7,79.6,0.0,0,0,1,1,0,1.0,E
PROD_02344,Grain/Legume #2344,Whole Grains & Legumes,156.2,12.9,37.9,11.1,1.9,2.5,174.1,0.5,0,0,0,0,0,7.76,B
PROD_02345,Dairy Product #2345,Dairy & Cheese,86.2,10.5,11.4,0.0,30.9,3.5,114.2,13.9,0,0,0,0,0,4.93,D
PROD_02346,Prepared Meal #2346,Fast Food & Prepared Meals,358.3,31.0,88.4,2.3,28.1,14.1,1367.7,16.2,0,0,0,0,0,4.31,D
PROD_02347,Condiment #2347,Condiments & Sauces,27.2,0.9,31.1,0.2,15.9,27.8,264.8,1.5,1,0,0,0,0,1.97,E
PROD_02348,Beverage Item #2348,Beverages & Drinks,156.9,1.1,36.5,0.3,0.2,22.6,68.5,0.0,0,0,0,1,0,1.0,E
PROD_02349,Lean Protein #2349,Lean Proteins & Poultry,111.2,34.9,0.3,0.3,10.0,0.1,69.5,2.8,0,0,0,0,0,8.43,A
PROD_02350,Prepared Meal #2350,Fast Food & Prepared Meals,689.2,12.8,53.6,5.1,32.7,6.7,1042.0,6.8,0,0,0,0,0,4.39,D
PROD_02351,Dairy Product #2351,Dairy & Cheese,230.1,18.3,5.4,0.0,27.9,5.4,235.4,11.3,0,0,0,0,0,6.6,B
PROD_02352,Nutrition Shake/Supplement #2352,Dietary Supplements & Shakes,219.4,40.5,10.3,2.0,3.6,10.3,97.8,1.2,0,0,0,0,0,9.41,A
PROD_02353,Nutrition Shake/Supplement #2353,Dietary Supplements & Shakes,169.9,44.1,22.3,2.7,3.9,6.6,133.6,2.1,0,0,0,0,0,8.29,A
PROD_02354,Superfood Oil/Nut #2354,Superfoods & Healthy Oils,257.4,1.4,3.2,0.1,25.1,0.4,33.7,2.1,0,0,0,0,1,8.72,A
PROD_02355,Condiment #2355,Condiments & Sauces,20.3,1.5,10.5,0.2,12.6,10.5,223.9,0.7,0,0,0,1,1,3.65,D
PROD_02356,Prepared Meal #2356,Fast Food & Prepared Meals,506.3,32.5,89.8,2.9,45.8,15.7,1786.1,6.9,0,1,0,0,0,4.03,D
PROD_02357,Fresh Produce Item #2357,Whole Foods & Produce,86.1,3.6,13.2,4.5,1.1,2.2,27.3,0.1,0,0,0,0,0,7.97,B
PROD_02358,Beverage Item #2358,Beverages & Drinks,141.4,0.6,22.0,0.0,0.8,17.8,83.5,0.0,1,0,0,0,0,1.0,E
PROD_02359,Superfood Oil/Nut #2359,Superfoods & Healthy Oils,153.8,4.2,1.0,0.4,20.9,0.4,3.0,3.7,0,0,0,0,1,4.61,D
PROD_02360,Condiment #2360,Condiments & Sauces,87.9,0.1,19.1,1.2,12.2,14.7,1194.5,0.7,0,0,0,1,1,2.04,E
PROD_02361,Condiment #2361,Condiments & Sauces,46.3,0.7,19.5,0.5,15.7,19.5,591.2,0.3,1,0,0,0,0,1.54,E
PROD_02362,Fresh Produce Item #2362,Whole Foods & Produce,64.6,0.7,11.1,6.1,0.4,5.9,7.5,0.2,0,0,0,0,0,6.88,B
PROD_02363,Superfood Oil/Nut #2363,Superfoods & Healthy Oils,256.8,6.3,6.3,2.1,19.0,0.1,14.0,2.1,0,0,0,0,1,4.78,D
PROD_02364,Nutrition Shake/Supplement #2364,Dietary Supplements & Shakes,226.3,19.8,14.4,3.8,5.1,2.8,200.2,0.8,0,0,0,1,0,7.28,B
PROD_02365,Grain/Legume #2365,Whole Grains & Legumes,279.9,7.4,54.8,6.8,3.7,2.4,186.0,0.6,0,0,0,0,1,6.51,B
PROD_02366,Processed Snack #2366,Processed Snacks & Sweets,450.6,2.1,61.6,2.7,10.2,19.9,165.7,2.9,1,0,0,1,0,1.0,E
PROD_02367,Beverage Item #2367,Beverages & Drinks,118.8,0.9,0.7,0.3,0.1,0.7,38.4,0.0,0,0,0,0,0,6.18,C
PROD_02368,Fresh Produce Item #2368,Whole Foods & Produce,76.8,0.8,13.9,3.5,1.9,2.2,22.6,0.4,0,0,0,0,0,5.68,C
PROD_02369,Beverage Item #2369,Beverages & Drinks,206.3,1.4,12.5,0.1,0.2,10.1,14.0,0.0,0,0,0,1,0,3.63,D
PROD_02370,Fresh Produce Item #2370,Whole Foods & Produce,47.7,2.7,22.1,3.3,1.1,10.4,30.4,0.2,0,0,0,0,0,3.87,D
PROD_02371,Condiment #2371,Condiments & Sauces,117.7,0.1,13.7,0.5,9.8,8.0,520.6,1.9,0,0,0,0,1,2.81,E
PROD_02372,Processed Snack #2372,Processed Snacks & Sweets,300.2,4.5,46.2,1.0,16.1,40.2,629.9,5.7,0,1,1,1,0,1.0,E
PROD_02373,Condiment #2373,Condiments & Sauces,138.1,0.4,28.8,0.1,4.9,23.2,1096.6,1.5,0,1,0,1,0,1.0,E
PROD_02374,Fresh Produce Item #2374,Whole Foods & Produce,67.8,1.8,8.3,7.1,0.8,8.3,5.9,0.0,0,0,0,0,0,6.51,B
PROD_02375,Superfood Oil/Nut #2375,Superfoods & Healthy Oils,198.9,2.3,0.9,0.9,22.6,0.9,4.1,3.7,0,0,0,0,1,9.27,A
PROD_02376,Superfood Oil/Nut #2376,Superfoods & Healthy Oils,234.5,5.3,7.5,1.2,15.6,0.6,40.3,1.3,0,0,0,0,1,5.51,C
PROD_02377,Condiment #2377,Condiments & Sauces,144.4,0.1,27.1,1.2,9.4,25.6,767.7,0.5,1,0,0,0,1,1.0,E
PROD_02378,Processed Snack #2378,Processed Snacks & Sweets,322.2,1.4,63.5,1.9,20.6,21.5,679.7,2.5,1,0,0,1,0,1.0,E
PROD_02379,Grain/Legume #2379,Whole Grains & Legumes,248.4,16.5,27.0,9.7,1.7,0.6,33.7,1.0,0,0,0,0,0,9.07,A
PROD_02380,Nutrition Shake/Supplement #2380,Dietary Supplements & Shakes,152.7,15.3,13.0,1.5,8.2,2.5,177.6,1.4,0,0,0,0,0,7.19,B
PROD_02381,Fresh Produce Item #2381,Whole Foods & Produce,26.4,2.0,16.8,3.7,0.6,10.8,32.1,0.1,0,0,0,0,0,4.12,D
PROD_02382,Superfood Oil/Nut #2382,Superfoods & Healthy Oils,231.3,3.9,1.3,1.3,23.0,0.6,6.1,3.5,0,0,0,0,1,5.5,C
PROD_02383,Beverage Item #2383,Beverages & Drinks,35.7,0.0,47.6,0.0,0.3,27.2,100.1,0.0,0,0,0,1,0,1.0,E
PROD_02384,Condiment #2384,Condiments & Sauces,164.2,1.9,5.1,0.7,2.7,5.1,496.2,1.5,1,0,0,0,0,2.29,E
PROD_02385,Prepared Meal #2385,Fast Food & Prepared Meals,601.2,19.5,55.4,3.8,20.9,18.5,646.5,10.7,0,0,0,0,0,6.42,C
PROD_02386,Superfood Oil/Nut #2386,Superfoods & Healthy Oils,206.1,7.9,1.4,1.3,26.9,0.9,39.5,2.5,0,0,0,0,1,6.19,C
PROD_02387,Grain/Legume #2387,Whole Grains & Legumes,257.5,13.9,59.2,13.1,1.8,2.6,196.2,0.6,0,0,0,0,0,7.19,B
PROD_02388,Dairy Product #2388,Dairy & Cheese,317.8,13.8,10.5,0.0,31.1,8.8,542.3,15.1,0,0,0,0,0,4.86,D
PROD_02389,Fresh Produce Item #2389,Whole Foods & Produce,60.9,3.3,14.9,7.1,1.8,9.8,27.8,0.4,0,0,0,0,0,6.48,C
PROD_02390,Beverage Item #2390,Beverages & Drinks,109.1,1.6,46.1,0.4,0.8,5.5,84.6,0.0,1,0,0,0,0,1.0,E
PROD_02391,Dairy Product #2391,Dairy & Cheese,243.6,8.5,6.5,0.0,24.2,2.2,612.1,9.6,0,0,0,0,0,4.15,D
PROD_02392,Processed Snack #2392,Processed Snacks & Sweets,542.7,2.8,34.9,2.4,16.1,32.5,750.8,8.0,0,0,0,1,0,3.04,E
PROD_02393,Processed Snack #2393,Processed Snacks & Sweets,547.1,2.7,35.8,0.9,24.7,16.8,319.3,4.4,1,1,0,0,0,2.62,E
PROD_02394,Processed Snack #2394,Processed Snacks & Sweets,316.5,5.6,54.4,1.8,22.8,23.2,620.8,5.5,1,0,0,1,0,1.52,E
PROD_02395,Dairy Product #2395,Dairy & Cheese,375.1,17.9,15.0,0.0,31.6,10.6,594.4,8.1,0,0,1,0,0,4.38,D
PROD_02396,Grain/Legume #2396,Whole Grains & Legumes,192.2,7.8,36.5,11.8,1.7,4.6,85.1,0.9,0,0,0,0,0,7.41,B
PROD_02397,Condiment #2397,Condiments & Sauces,31.6,1.6,34.9,1.2,8.5,16.3,207.4,0.6,0,1,0,1,1,1.17,E
PROD_02398,Processed Snack #2398,Processed Snacks & Sweets,488.0,5.1,42.8,1.2,19.5,42.8,748.3,5.9,0,0,0,0,0,4.02,D
PROD_02399,Processed Snack #2399,Processed Snacks & Sweets,334.7,6.0,48.2,1.9,13.0,17.0,569.4,8.1,1,1,0,0,0,1.0,E
PROD_02400,Superfood Oil/Nut #2400,Superfoods & Healthy Oils,235.0,8.3,5.1,3.4,23.0,0.5,29.1,3.5,0,0,0,0,1,5.53,C
PROD_02401,Lean Protein #2401,Lean Proteins & Poultry,235.6,35.5,2.1,0.6,5.7,1.7,242.9,3.2,0,0,0,0,0,9.16,A
PROD_02402,Beverage Item #2402,Beverages & Drinks,201.3,1.2,56.3,0.4,0.1,7.6,76.1,0.0,0,0,1,1,0,1.0,E
PROD_02403,Nutrition Shake/Supplement #2403,Dietary Supplements & Shakes,110.8,41.2,20.8,6.5,1.6,1.0,215.0,1.6,0,0,1,1,0,7.4,B
PROD_02404,Beverage Item #2404,Beverages & Drinks,125.3,0.4,40.1,0.3,0.8,9.7,38.7,0.0,0,0,0,1,0,1.47,E
PROD_02405,Condiment #2405,Condiments & Sauces,43.6,1.6,9.1,1.4,0.4,9.1,907.0,0.4,1,0,0,1,1,1.0,E
PROD_02406,Prepared Meal #2406,Fast Food & Prepared Meals,694.8,36.9,60.9,2.3,33.4,11.9,1148.2,15.3,0,1,0,0,0,4.94,D
PROD_02407,Fresh Produce Item #2407,Whole Foods & Produce,56.4,3.2,15.6,3.3,1.3,14.6,10.6,0.3,0,0,0,0,1,5.86,C
PROD_02408,Condiment #2408,Condiments & Sauces,135.5,0.9,32.0,0.5,13.6,13.8,1278.4,2.4,0,0,0,0,0,1.47,E
PROD_02409,Dairy Product #2409,Dairy & Cheese,199.3,16.4,15.4,0.0,29.2,15.2,576.3,14.4,1,0,0,1,0,2.13,E
PROD_02410,Nutrition Shake/Supplement #2410,Dietary Supplements & Shakes,177.8,35.5,7.1,3.7,4.3,3.2,312.9,1.9,0,0,1,1,0,5.92,C
PROD_02411,Beverage Item #2411,Beverages & Drinks,66.7,1.4,24.7,0.2,0.9,14.5,53.8,0.0,1,0,1,1,0,1.0,E
PROD_02412,Prepared Meal #2412,Fast Food & Prepared Meals,537.0,26.6,43.1,2.4,51.0,6.0,988.5,14.7,0,1,0,1,0,2.86,E
PROD_02413,Superfood Oil/Nut #2413,Superfoods & Healthy Oils,138.9,2.8,2.1,0.3,15.9,0.1,35.2,2.2,0,0,0,0,1,4.72,D
PROD_02414,Prepared Meal #2414,Fast Food & Prepared Meals,360.5,23.4,55.2,5.1,18.4,17.7,1413.9,7.4,1,0,0,1,0,2.37,E
PROD_02415,Superfood Oil/Nut #2415,Superfoods & Healthy Oils,276.4,7.3,6.2,1.8,10.2,1.5,50.0,2.2,0,0,0,0,1,5.7,C
PROD_02416,Fresh Produce Item #2416,Whole Foods & Produce,71.2,3.9,10.1,8.0,0.5,6.8,31.7,0.3,0,0,0,0,0,8.81,A
PROD_02417,Beverage Item #2417,Beverages & Drinks,18.4,1.0,20.1,0.3,0.2,20.1,116.3,0.0,1,0,0,1,0,1.0,E
PROD_02418,Prepared Meal #2418,Fast Food & Prepared Meals,519.5,16.7,75.1,4.1,40.6,10.2,1489.1,5.8,0,1,0,0,0,2.31,E
PROD_02419,Condiment #2419,Condiments & Sauces,26.2,0.5,23.7,0.0,10.9,21.9,404.2,0.5,1,0,0,0,0,1.72,E
PROD_02420,Grain/Legume #2420,Whole Grains & Legumes,302.4,14.0,34.7,10.8,1.2,2.2,38.9,0.2,0,0,0,0,0,7.92,B
PROD_02421,Grain/Legume #2421,Whole Grains & Legumes,335.8,11.7,27.6,8.5,2.4,4.1,148.4,0.8,0,0,0,0,1,6.99,B
PROD_02422,Dairy Product #2422,Dairy & Cheese,99.8,7.5,2.2,0.0,19.4,2.2,70.8,6.9,0,0,0,0,0,5.32,C
PROD_02423,Beverage Item #2423,Beverages & Drinks,202.1,0.5,59.8,0.2,0.4,6.7,84.8,0.0,1,0,0,1,0,1.0,E
PROD_02424,Prepared Meal #2424,Fast Food & Prepared Meals,736.3,21.4,65.7,6.0,44.4,15.1,1567.7,10.2,0,0,0,0,1,5.09,C
PROD_02425,Dairy Product #2425,Dairy & Cheese,319.3,6.4,8.4,0.0,10.5,8.4,320.2,10.5,0,0,0,0,0,4.18,D
PROD_02426,Beverage Item #2426,Beverages & Drinks,72.8,0.9,53.7,0.5,0.7,20.6,100.2,0.0,1,0,1,0,0,1.0,E
PROD_02427,Superfood Oil/Nut #2427,Superfoods & Healthy Oils,129.0,6.5,5.0,3.4,14.7,1.0,18.1,3.5,0,0,0,0,1,6.94,B
PROD_02428,Prepared Meal #2428,Fast Food & Prepared Meals,729.0,14.4,93.3,4.3,54.4,10.1,1761.1,6.0,1,1,0,0,1,1.09,E
PROD_02429,Nutrition Shake/Supplement #2429,Dietary Supplements & Shakes,173.8,34.1,6.6,6.4,5.9,6.6,159.5,2.5,0,0,0,1,0,9.78,A
PROD_02430,Nutrition Shake/Supplement #2430,Dietary Supplements & Shakes,260.2,41.6,16.9,1.1,2.4,2.4,113.4,2.1,0,0,1,0,0,7.7,B
PROD_02431,Dairy Product #2431,Dairy & Cheese,117.7,8.7,7.9,0.0,27.3,7.9,236.2,11.5,0,0,0,0,0,5.17,C
PROD_02432,Dairy Product #2432,Dairy & Cheese,345.8,6.6,12.4,0.0,17.4,12.4,590.3,17.4,0,0,0,0,0,3.24,E
PROD_02433,Superfood Oil/Nut #2433,Superfoods & Healthy Oils,266.9,6.8,0.4,0.4,21.8,0.4,9.4,1.3,0,0,0,0,1,5.85,C
PROD_02434,Processed Snack #2434,Processed Snacks & Sweets,410.7,4.2,64.8,1.8,12.3,24.2,326.9,6.5,0,0,0,0,0,2.64,E
PROD_02435,Condiment #2435,Condiments & Sauces,27.3,1.7,28.9,1.1,5.6,23.2,419.4,0.4,1,0,0,0,0,1.0,E
PROD_02436,Prepared Meal #2436,Fast Food & Prepared Meals,460.5,23.5,59.7,1.7,48.1,19.4,1513.1,15.9,0,0,0,0,0,5.48,C
PROD_02437,Lean Protein #2437,Lean Proteins & Poultry,158.9,21.3,3.7,0.3,6.5,0.5,380.8,3.4,0,0,0,0,1,7.46,B
PROD_02438,Prepared Meal #2438,Fast Food & Prepared Meals,607.2,23.9,44.4,3.4,26.4,15.0,743.3,12.6,0,1,0,0,0,4.3,D
PROD_02439,Superfood Oil/Nut #2439,Superfoods & Healthy Oils,256.3,2.9,0.3,0.3,16.2,0.3,4.2,2.3,0,0,0,0,1,8.9,A
PROD_02440,Beverage Item #2440,Beverages & Drinks,147.7,0.7,11.5,0.3,0.9,11.5,99.4,0.0,0,0,0,0,0,5.28,C
PROD_02441,Condiment #2441,Condiments & Sauces,165.1,0.9,31.8,0.9,15.7,2.1,989.4,2.5,1,0,0,1,0,1.0,E
PROD_02442,Prepared Meal #2442,Fast Food & Prepared Meals,527.1,33.4,35.8,3.3,39.3,4.4,741.4,8.6,1,0,0,0,0,6.44,C
PROD_02443,Lean Protein #2443,Lean Proteins & Poultry,231.7,21.2,3.6,0.5,10.2,1.0,266.1,0.7,0,0,0,0,0,7.31,B
PROD_02444,Fresh Produce Item #2444,Whole Foods & Produce,117.2,3.9,15.5,7.1,0.3,8.9,35.6,0.3,0,0,0,0,0,7.87,B
PROD_02445,Prepared Meal #2445,Fast Food & Prepared Meals,687.7,34.4,71.6,4.1,32.1,12.3,1738.4,5.9,0,0,0,0,0,4.86,D
PROD_02446,Nutrition Shake/Supplement #2446,Dietary Supplements & Shakes,291.8,30.2,8.3,3.7,2.3,8.3,172.5,2.3,0,0,0,1,0,6.73,B
PROD_02447,Condiment #2447,Condiments & Sauces,69.4,1.4,2.3,0.5,12.2,2.3,872.5,0.5,1,0,0,1,0,1.0,E
PROD_02448,Prepared Meal #2448,Fast Food & Prepared Meals,703.8,14.3,51.9,5.3,14.5,5.4,940.5,14.5,0,1,0,0,0,3.04,E
PROD_02449,Condiment #2449,Condiments & Sauces,117.8,1.6,4.3,0.9,0.6,4.3,508.4,0.6,1,0,0,0,0,2.09,E
PROD_02450,Lean Protein #2450,Lean Proteins & Poultry,220.6,27.7,4.7,1.0,5.9,1.3,375.9,3.0,0,0,0,0,1,7.96,B
PROD_02451,Lean Protein #2451,Lean Proteins & Poultry,209.2,31.5,2.8,0.5,10.8,1.1,419.3,2.0,0,0,0,0,0,7.82,B
PROD_02452,Condiment #2452,Condiments & Sauces,128.4,0.4,23.7,1.2,12.2,14.0,1390.0,1.2,1,0,0,0,1,1.23,E
PROD_02453,Superfood Oil/Nut #2453,Superfoods & Healthy Oils,128.9,5.3,2.7,2.7,20.1,1.5,34.4,2.6,0,0,0,0,1,6.11,C
PROD_02454,Processed Snack #2454,Processed Snacks & Sweets,384.1,3.4,62.3,1.0,25.4,26.2,232.7,3.6,1,0,0,1,0,1.08,E
PROD_02455,Nutrition Shake/Supplement #2455,Dietary Supplements & Shakes,120.3,41.8,21.8,7.8,6.8,7.9,327.0,2.4,0,0,0,0,0,9.76,A
PROD_02456,Dairy Product #2456,Dairy & Cheese,292.6,6.1,3.7,0.0,27.9,3.2,170.2,5.9,0,0,0,0,0,5.74,C
PROD_02457,Grain/Legume #2457,Whole Grains & Legumes,304.6,6.4,59.0,9.2,1.5,3.1,190.7,0.6,0,0,0,0,0,6.18,C
PROD_02458,Processed Snack #2458,Processed Snacks & Sweets,532.3,4.5,67.6,1.7,15.0,34.3,469.9,11.0,0,0,0,1,0,3.69,D
PROD_02459,Nutrition Shake/Supplement #2459,Dietary Supplements & Shakes,126.0,33.6,13.0,7.5,5.2,11.2,73.6,2.2,0,0,0,0,0,10.0,A
PROD_02460,Lean Protein #2460,Lean Proteins & Poultry,187.3,23.9,0.3,0.3,11.3,0.3,370.9,2.2,0,0,0,0,0,8.23,A
PROD_02461,Processed Snack #2461,Processed Snacks & Sweets,252.3,3.5,62.8,2.4,13.0,15.3,399.9,11.2,0,1,0,1,0,1.0,E
PROD_02462,Dairy Product #2462,Dairy & Cheese,83.7,11.1,3.5,0.0,31.9,3.5,324.1,9.9,0,0,0,0,0,5.25,C
PROD_02463,Condiment #2463,Condiments & Sauces,126.7,0.0,6.0,0.2,13.6,6.0,854.6,2.3,1,0,0,1,0,1.0,E
PROD_02464,Beverage Item #2464,Beverages & Drinks,74.0,1.2,37.0,0.1,0.4,11.7,15.6,0.0,0,0,1,0,0,1.15,E
PROD_02465,Superfood Oil/Nut #2465,Superfoods & Healthy Oils,142.9,1.0,0.6,0.6,22.7,0.6,24.7,2.1,0,0,0,0,1,8.16,A
PROD_02466,Dairy Product #2466,Dairy & Cheese,133.7,20.7,11.2,0.0,10.8,9.0,627.3,2.3,0,0,0,0,0,4.98,D
PROD_02467,Beverage Item #2467,Beverages & Drinks,172.4,1.6,35.0,0.3,0.4,35.0,117.6,0.0,0,0,1,1,0,1.0,E
PROD_02468,Prepared Meal #2468,Fast Food & Prepared Meals,354.2,24.9,79.2,5.0,20.5,11.5,1015.7,5.5,0,0,0,0,0,4.68,D
PROD_02469,Beverage Item #2469,Beverages & Drinks,7.6,1.2,44.6,0.4,0.7,40.0,16.5,0.0,0,0,0,1,0,1.0,E
PROD_02470,Nutrition Shake/Supplement #2470,Dietary Supplements & Shakes,268.7,44.0,23.4,4.4,7.2,8.2,293.4,2.1,0,0,1,1,0,6.07,C
PROD_02471,Condiment #2471,Condiments & Sauces,178.2,1.0,30.5,0.3,10.9,24.5,717.8,1.5,1,1,0,0,0,1.0,E
PROD_02472,Lean Protein #2472,Lean Proteins & Poultry,127.3,42.8,1.4,0.2,10.1,1.4,314.1,2.4,0,0,0,0,0,9.17,A
PROD_02473,Prepared Meal #2473,Fast Food & Prepared Meals,933.0,32.4,57.1,4.7,52.2,13.7,1073.6,11.7,0,0,0,0,0,6.15,C
PROD_02474,Beverage Item #2474,Beverages & Drinks,149.4,1.1,53.9,0.4,0.2,4.5,42.4,0.0,0,0,1,0,0,1.03,E
PROD_02475,Lean Protein #2475,Lean Proteins & Poultry,200.5,25.5,1.1,0.4,2.5,0.1,85.3,2.2,0,0,0,0,0,8.14,A
PROD_02476,Nutrition Shake/Supplement #2476,Dietary Supplements & Shakes,179.9,20.0,18.4,6.9,3.6,2.6,72.6,1.6,0,0,1,0,0,8.6,A
PROD_02477,Superfood Oil/Nut #2477,Superfoods & Healthy Oils,148.2,3.0,2.0,1.6,20.4,0.1,19.1,1.7,0,0,0,0,1,5.06,C
PROD_02478,Nutrition Shake/Supplement #2478,Dietary Supplements & Shakes,240.3,44.4,19.6,1.7,7.9,2.2,257.7,1.5,0,0,0,0,0,8.51,A
PROD_02479,Beverage Item #2479,Beverages & Drinks,80.5,0.8,9.5,0.3,0.7,9.5,113.3,0.0,1,0,1,0,0,1.0,E
PROD_02480,Lean Protein #2480,Lean Proteins & Poultry,246.9,28.1,3.8,0.1,9.6,1.0,394.1,1.1,0,0,0,0,0,7.92,B
PROD_02481,Condiment #2481,Condiments & Sauces,102.0,1.6,10.1,0.6,17.1,10.1,887.3,0.7,1,0,0,1,0,1.0,E
PROD_02482,Dairy Product #2482,Dairy & Cheese,313.5,15.5,14.7,0.0,22.3,12.2,227.5,6.5,0,0,0,0,0,6.09,C
PROD_02483,Lean Protein #2483,Lean Proteins & Poultry,110.7,45.0,3.8,0.2,8.7,0.6,85.8,1.8,0,0,0,0,0,9.01,A
PROD_02484,Condiment #2484,Condiments & Sauces,98.7,1.8,27.4,1.5,8.6,3.3,1346.6,0.0,0,1,0,0,0,1.0,E
PROD_02485,Fresh Produce Item #2485,Whole Foods & Produce,46.5,2.2,8.4,6.0,0.8,6.2,25.8,0.3,0,0,0,0,0,6.73,B
PROD_02486,Grain/Legume #2486,Whole Grains & Legumes,197.4,17.9,29.1,6.7,4.6,1.0,79.4,0.8,0,0,0,0,0,9.12,A
PROD_02487,Nutrition Shake/Supplement #2487,Dietary Supplements & Shakes,285.8,43.5,15.2,3.4,7.2,2.4,70.5,2.1,0,0,0,1,0,6.63,B
PROD_02488,Grain/Legume #2488,Whole Grains & Legumes,335.4,10.1,50.2,5.1,3.8,3.2,144.5,0.9,0,0,0,0,1,5.98,C
PROD_02489,Nutrition Shake/Supplement #2489,Dietary Supplements & Shakes,153.8,43.0,21.3,4.9,4.0,10.4,95.8,0.9,0,0,0,0,0,9.56,A
PROD_02490,Prepared Meal #2490,Fast Food & Prepared Meals,742.3,36.9,41.4,5.3,27.8,18.6,1605.1,7.8,0,0,0,1,0,3.45,E
PROD_02491,Nutrition Shake/Supplement #2491,Dietary Supplements & Shakes,130.9,37.2,5.3,5.0,6.1,5.3,95.3,1.8,0,0,0,0,0,9.92,A
PROD_02492,Condiment #2492,Condiments & Sauces,49.4,1.2,19.7,0.2,4.3,2.8,279.5,0.0,1,0,0,1,1,1.0,E
PROD_02493,Prepared Meal #2493,Fast Food & Prepared Meals,700.8,19.2,65.5,2.6,51.0,17.8,1115.6,17.5,0,1,0,1,0,1.0,E
PROD_02494,Superfood Oil/Nut #2494,Superfoods & Healthy Oils,241.9,4.3,3.8,3.4,25.8,1.6,1.1,1.4,0,0,0,0,1,5.54,C
PROD_02495,Processed Snack #2495,Processed Snacks & Sweets,496.1,3.7,32.9,1.1,18.2,15.4,521.2,3.6,1,0,0,1,0,2.43,E
PROD_02496,Nutrition Shake/Supplement #2496,Dietary Supplements & Shakes,221.3,16.8,18.5,3.7,3.9,11.9,227.1,1.9,0,0,0,0,0,8.17,A
PROD_02497,Fresh Produce Item #2497,Whole Foods & Produce,119.8,2.1,19.1,6.8,0.8,7.9,48.6,0.0,0,0,0,0,0,6.96,B
PROD_02498,Dairy Product #2498,Dairy & Cheese,171.6,10.9,15.1,0.0,11.1,11.2,541.1,11.1,0,0,1,1,0,1.0,E
PROD_02499,Nutrition Shake/Supplement #2499,Dietary Supplements & Shakes,147.3,43.2,8.7,7.9,4.6,8.7,244.5,2.4,0,0,0,0,0,10.0,A
PROD_02500,Superfood Oil/Nut #2500,Superfoods & Healthy Oils,230.0,1.5,0.9,0.9,14.2,0.7,7.3,1.6,0,0,0,0,1,8.55,A
PROD_02501,Beverage Item #2501,Beverages & Drinks,140.0,0.4,57.9,0.0,0.8,4.8,25.8,0.0,0,0,0,1,0,1.0,E
PROD_02502,Fresh Produce Item #2502,Whole Foods & Produce,33.9,1.4,7.5,3.0,0.7,7.4,45.7,0.1,0,0,0,0,0,6.24,C
PROD_02503,Prepared Meal #2503,Fast Food & Prepared Meals,499.1,27.8,42.0,5.5,15.9,17.6,954.5,4.7,0,0,0,1,0,4.23,D
PROD_02504,Grain/Legume #2504,Whole Grains & Legumes,328.7,7.3,58.7,6.0,1.1,1.6,69.9,0.7,0,0,0,0,1,4.61,D
PROD_02505,Grain/Legume #2505,Whole Grains & Legumes,146.1,13.0,47.8,10.9,4.9,2.9,145.7,0.3,0,0,0,0,0,8.19,A
PROD_02506,Grain/Legume #2506,Whole Grains & Legumes,328.5,9.7,61.5,9.4,3.5,2.4,88.4,0.6,0,0,0,0,0,5.43,C
PROD_02507,Superfood Oil/Nut #2507,Superfoods & Healthy Oils,190.4,2.5,7.8,1.7,26.6,1.8,18.2,1.8,0,0,0,0,1,4.74,D
PROD_02508,Beverage Item #2508,Beverages & Drinks,45.4,0.7,56.7,0.1,0.2,54.6,43.3,0.0,0,0,1,0,0,1.0,E
PROD_02509,Grain/Legume #2509,Whole Grains & Legumes,264.2,14.7,30.9,13.3,3.8,1.4,131.5,0.5,0,0,0,0,0,8.78,A
PROD_02510,Dairy Product #2510,Dairy & Cheese,257.8,19.8,4.0,0.0,23.9,4.0,527.6,12.2,0,0,0,0,0,4.7,D
PROD_02511,Nutrition Shake/Supplement #2511,Dietary Supplements & Shakes,220.5,20.4,19.9,7.8,4.2,5.5,176.4,1.1,0,0,0,1,0,7.37,B
PROD_02512,Nutrition Shake/Supplement #2512,Dietary Supplements & Shakes,164.5,37.1,4.5,3.2,6.4,2.9,221.7,1.1,0,0,1,1,0,7.15,B
PROD_02513,Nutrition Shake/Supplement #2513,Dietary Supplements & Shakes,224.3,40.0,7.9,7.0,5.9,7.9,74.0,2.0,0,0,0,0,0,10.0,A
PROD_02514,Dairy Product #2514,Dairy & Cheese,340.3,18.5,9.0,0.0,28.1,3.9,555.9,2.4,0,0,0,0,0,5.75,C
PROD_02515,Condiment #2515,Condiments & Sauces,157.6,0.6,11.1,0.5,13.9,11.1,844.5,2.5,0,1,0,1,0,1.0,E
PROD_02516,Dairy Product #2516,Dairy & Cheese,234.4,11.2,9.6,0.0,3.5,2.7,49.7,3.5,0,0,0,0,0,6.08,C
PROD_02517,Nutrition Shake/Supplement #2517,Dietary Supplements & Shakes,122.3,24.7,16.3,1.1,1.8,8.3,316.5,1.8,0,0,0,0,0,7.36,B
PROD_02518,Lean Protein #2518,Lean Proteins & Poultry,178.3,32.4,3.8,0.7,3.6,1.2,58.2,1.7,0,0,0,0,0,9.38,A
PROD_02519,Nutrition Shake/Supplement #2519,Dietary Supplements & Shakes,255.6,39.9,7.7,7.6,6.6,3.0,161.3,0.7,0,0,1,0,0,8.45,A
PROD_02520,Superfood Oil/Nut #2520,Superfoods & Healthy Oils,259.4,6.2,2.3,2.3,27.1,1.1,42.2,1.8,0,0,0,0,1,5.6,C
PROD_02521,Fresh Produce Item #2521,Whole Foods & Produce,67.7,3.1,5.4,2.2,1.4,5.4,43.1,0.2,0,0,0,0,0,8.55,A
PROD_02522,Nutrition Shake/Supplement #2522,Dietary Supplements & Shakes,135.9,27.1,22.9,2.6,6.6,2.1,156.2,1.1,0,0,0,0,0,8.61,A
PROD_02523,Dairy Product #2523,Dairy & Cheese,343.1,19.8,4.0,0.0,6.6,4.0,539.9,6.6,0,0,0,0,0,6.41,C
PROD_02524,Dairy Product #2524,Dairy & Cheese,159.0,9.2,12.8,0.0,15.2,9.5,68.9,15.2,0,0,0,1,0,3.33,E
PROD_02525,Nutrition Shake/Supplement #2525,Dietary Supplements & Shakes,246.5,35.8,17.9,4.9,8.6,6.3,184.8,1.0,1,0,0,0,0,7.49,B
PROD_02526,Prepared Meal #2526,Fast Food & Prepared Meals,451.0,28.3,75.7,5.1,48.7,6.9,636.7,12.6,0,1,0,0,0,4.54,D
PROD_02527,Lean Protein #2527,Lean Proteins & Poultry,201.5,22.0,0.3,0.3,1.8,0.3,58.1,0.6,0,0,0,0,1,8.75,A
PROD_02528,Dairy Product #2528,Dairy & Cheese,116.4,22.8,11.8,0.0,26.1,7.2,290.2,7.4,0,0,0,0,0,7.76,B
PROD_02529,Nutrition Shake/Supplement #2529,Dietary Supplements & Shakes,281.1,17.8,17.9,2.5,2.0,8.1,86.4,2.0,0,0,1,1,0,3.86,D
PROD_02530,Nutrition Shake/Supplement #2530,Dietary Supplements & Shakes,288.0,32.3,11.1,1.5,5.9,1.8,273.0,2.1,0,0,1,0,0,7.37,B
PROD_02531,Beverage Item #2531,Beverages & Drinks,117.5,1.9,15.2,0.1,0.6,15.2,31.9,0.0,0,0,0,0,0,2.3,E
PROD_02532,Prepared Meal #2532,Fast Food & Prepared Meals,518.3,31.1,77.1,5.8,43.7,16.5,1387.2,16.4,0,1,0,0,0,4.12,D
PROD_02533,Lean Protein #2533,Lean Proteins & Poultry,184.9,27.5,3.9,0.3,11.6,2.0,316.7,0.8,0,0,0,0,0,8.91,A
PROD_02534,Condiment #2534,Condiments & Sauces,107.0,0.1,21.2,0.6,1.8,9.3,1277.7,1.8,0,0,0,1,0,1.0,E
PROD_02535,Superfood Oil/Nut #2535,Superfoods & Healthy Oils,278.2,5.8,5.7,4.8,18.1,0.3,33.4,3.9,0,0,0,0,1,6.33,C
PROD_02536,Nutrition Shake/Supplement #2536,Dietary Supplements & Shakes,184.7,43.7,16.5,4.6,3.8,10.0,298.6,1.3,0,0,0,0,0,10.0,A
PROD_02537,Prepared Meal #2537,Fast Food & Prepared Meals,370.8,33.9,49.1,3.3,29.3,20.2,1131.1,10.3,0,1,0,1,1,3.29,E
PROD_02538,Processed Snack #2538,Processed Snacks & Sweets,344.1,3.9,33.7,0.8,8.2,33.7,321.9,8.2,1,1,0,1,0,1.0,E
PROD_02539,Grain/Legume #2539,Whole Grains & Legumes,322.8,6.1,51.2,12.5,4.8,2.2,43.1,0.6,0,0,0,0,0,7.03,B
PROD_02540,Fresh Produce Item #2540,Whole Foods & Produce,105.4,3.7,23.5,6.6,1.5,2.2,46.4,0.2,0,0,0,0,1,7.02,B
PROD_02541,Fresh Produce Item #2541,Whole Foods & Produce,92.8,1.9,5.8,3.4,1.8,5.8,41.7,0.3,0,0,0,0,0,6.99,B
PROD_02542,Nutrition Shake/Supplement #2542,Dietary Supplements & Shakes,226.6,34.4,9.4,2.6,6.8,8.2,86.8,1.0,0,0,1,1,0,6.31,C
PROD_02543,Condiment #2543,Condiments & Sauces,171.6,1.4,25.9,0.9,2.6,15.0,503.2,2.6,1,0,0,0,1,1.08,E
PROD_02544,Beverage Item #2544,Beverages & Drinks,65.2,0.8,45.2,0.4,0.9,35.9,62.3,0.0,1,0,0,0,0,1.0,E
PROD_02545,Nutrition Shake/Supplement #2545,Dietary Supplements & Shakes,190.0,40.9,10.9,5.0,5.5,5.1,241.9,1.4,1,0,0,1,0,7.84,B
PROD_02546,Prepared Meal #2546,Fast Food & Prepared Meals,760.4,28.6,80.8,5.7,49.3,11.5,743.7,8.4,0,0,0,0,0,5.62,C
PROD_02547,Dairy Product #2547,Dairy & Cheese,367.1,6.6,11.0,0.0,25.9,5.4,359.6,8.9,0,0,0,0,0,4.58,D
PROD_02548,Condiment #2548,Condiments & Sauces,159.7,1.7,7.9,1.3,2.7,3.6,983.5,1.2,1,0,1,1,0,1.0,E
PROD_02549,Prepared Meal #2549,Fast Food & Prepared Meals,624.5,36.3,78.8,3.2,20.2,21.6,1239.1,6.7,0,1,0,0,1,4.6,D
PROD_02550,Fresh Produce Item #2550,Whole Foods & Produce,66.9,3.8,14.2,5.2,1.6,11.4,32.9,0.2,0,0,0,0,0,6.44,C
PROD_02551,Nutrition Shake/Supplement #2551,Dietary Supplements & Shakes,214.3,23.9,8.8,6.5,8.2,6.3,283.9,0.9,0,0,0,0,0,10.0,A
PROD_02552,Superfood Oil/Nut #2552,Superfoods & Healthy Oils,221.6,2.4,0.6,0.6,10.7,0.6,35.2,2.7,0,0,0,0,1,8.3,A
PROD_02553,Processed Snack #2553,Processed Snacks & Sweets,342.3,2.9,60.0,1.4,8.4,26.5,295.7,2.8,0,1,0,1,0,1.22,E
PROD_02554,Dairy Product #2554,Dairy & Cheese,275.5,12.4,10.5,0.0,26.2,10.5,465.8,17.1,0,0,0,0,0,4.73,D
PROD_02555,Superfood Oil/Nut #2555,Superfoods & Healthy Oils,201.9,7.0,3.2,0.7,22.2,1.6,0.6,2.7,0,0,0,0,1,5.41,C
PROD_02556,Condiment #2556,Condiments & Sauces,84.6,1.4,23.4,1.0,15.8,4.3,826.6,2.2,0,0,1,1,1,1.0,E
PROD_02557,Nutrition Shake/Supplement #2557,Dietary Supplements & Shakes,137.9,18.3,3.0,1.7,7.2,3.0,122.1,2.1,0,0,1,1,0,5.05,C
PROD_02558,Beverage Item #2558,Beverages & Drinks,231.6,0.8,57.2,0.1,0.7,10.6,37.1,0.0,0,0,0,1,0,1.0,E
PROD_02559,Grain/Legume #2559,Whole Grains & Legumes,162.1,6.5,43.9,8.2,4.9,1.6,174.0,0.5,0,0,0,0,0,7.26,B
PROD_02560,Dairy Product #2560,Dairy & Cheese,103.5,21.8,4.7,0.0,5.6,4.7,102.6,5.6,0,0,1,0,0,6.98,B
PROD_02561,Prepared Meal #2561,Fast Food & Prepared Meals,602.6,20.7,82.9,4.8,45.5,20.3,1253.5,12.6,0,0,0,0,0,4.93,D
PROD_02562,Processed Snack #2562,Processed Snacks & Sweets,509.2,3.1,37.7,3.0,11.9,30.7,520.0,6.0,0,0,0,0,0,5.13,C
PROD_02563,Grain/Legume #2563,Whole Grains & Legumes,151.4,15.2,40.2,7.1,2.9,4.7,38.4,0.9,0,0,0,0,0,7.7,B
PROD_02564,Lean Protein #2564,Lean Proteins & Poultry,111.5,25.6,3.5,0.4,5.0,1.7,416.9,3.3,0,0,0,0,0,6.95,B
PROD_02565,Superfood Oil/Nut #2565,Superfoods & Healthy Oils,237.9,2.2,4.9,0.1,22.8,1.5,39.5,1.5,0,0,0,0,1,4.61,D
PROD_02566,Nutrition Shake/Supplement #2566,Dietary Supplements & Shakes,188.8,31.4,19.3,7.8,8.9,12.0,317.2,1.8,1,0,0,1,0,7.66,B
PROD_02567,Superfood Oil/Nut #2567,Superfoods & Healthy Oils,220.5,1.4,7.9,0.8,22.9,1.1,14.7,1.5,0,0,0,0,1,5.1,C
PROD_02568,Condiment #2568,Condiments & Sauces,80.0,0.2,12.8,0.6,4.9,12.8,565.8,0.3,1,0,0,1,0,1.0,E
PROD_02569,Lean Protein #2569,Lean Proteins & Poultry,152.0,38.8,0.5,0.2,9.9,0.4,300.3,3.4,0,0,0,0,0,8.8,A
PROD_02570,Lean Protein #2570,Lean Proteins & Poultry,159.2,38.1,3.9,0.5,9.7,0.6,256.5,2.6,0,0,0,0,1,8.65,A
PROD_02571,Dairy Product #2571,Dairy & Cheese,333.7,15.1,6.9,0.0,15.3,2.2,478.2,3.7,0,0,0,1,0,4.12,D
PROD_02572,Grain/Legume #2572,Whole Grains & Legumes,132.3,6.6,58.3,7.6,4.6,1.9,18.6,0.2,0,0,0,0,0,3.99,D
PROD_02573,Beverage Item #2573,Beverages & Drinks,126.5,0.2,27.0,0.2,0.3,27.0,63.2,0.0,1,0,1,0,0,1.0,E
PROD_02574,Grain/Legume #2574,Whole Grains & Legumes,199.8,6.1,61.4,13.4,1.4,3.7,8.9,0.2,0,0,0,0,0,5.97,C
PROD_02575,Lean Protein #2575,Lean Proteins & Poultry,187.7,21.9,2.3,0.5,4.9,0.6,139.7,0.5,0,0,0,0,1,7.93,B
PROD_02576,Superfood Oil/Nut #2576,Superfoods & Healthy Oils,229.6,5.2,7.3,4.2,23.1,0.3,33.3,3.1,0,0,0,0,1,6.25,C
PROD_02577,Nutrition Shake/Supplement #2577,Dietary Supplements & Shakes,305.6,25.4,7.1,7.1,5.0,5.3,130.3,2.3,0,0,0,1,0,6.04,C
PROD_02578,Beverage Item #2578,Beverages & Drinks,144.9,1.0,25.7,0.4,1.0,25.7,10.7,0.0,0,0,0,0,0,1.92,E
PROD_02579,Dairy Product #2579,Dairy & Cheese,384.0,19.3,3.6,0.0,5.6,3.6,171.4,5.6,0,0,0,0,0,7.12,B
PROD_02580,Dairy Product #2580,Dairy & Cheese,93.7,13.7,3.0,0.0,12.0,3.0,418.3,12.0,0,0,0,1,0,3.55,D
PROD_02581,Fresh Produce Item #2581,Whole Foods & Produce,76.5,0.9,13.8,6.9,0.7,7.8,27.2,0.4,0,0,0,0,0,5.68,C
PROD_02582,Beverage Item #2582,Beverages & Drinks,80.4,0.5,56.8,0.1,0.7,13.5,56.7,0.0,0,0,1,0,0,1.24,E
PROD_02583,Lean Protein #2583,Lean Proteins & Poultry,201.3,23.8,2.4,0.1,7.8,1.7,345.1,1.6,0,0,0,0,0,8.06,A
PROD_02584,Condiment #2584,Condiments & Sauces,142.0,1.3,29.3,0.3,6.7,9.4,433.0,1.3,0,0,0,1,0,1.39,E
PROD_02585,Grain/Legume #2585,Whole Grains & Legumes,248.4,9.3,38.8,12.8,3.3,0.9,194.8,0.2,0,0,0,0,1,8.37,A
PROD_02586,Prepared Meal #2586,Fast Food & Prepared Meals,498.9,13.3,72.0,4.7,26.6,19.4,1061.3,18.0,1,1,0,0,1,1.0,E
PROD_02587,Nutrition Shake/Supplement #2587,Dietary Supplements & Shakes,219.3,29.1,18.4,1.7,3.5,9.9,201.2,2.3,1,0,1,0,0,5.58,C
PROD_02588,Nutrition Shake/Supplement #2588,Dietary Supplements & Shakes,214.1,31.1,20.0,4.6,6.0,9.2,80.3,2.4,0,0,1,0,0,7.99,B
PROD_02589,Superfood Oil/Nut #2589,Superfoods & Healthy Oils,201.8,6.4,3.3,3.2,14.6,0.9,10.5,1.1,0,0,0,0,1,7.36,B
PROD_02590,Nutrition Shake/Supplement #2590,Dietary Supplements & Shakes,201.2,35.0,6.8,1.4,5.4,6.8,60.6,1.2,0,0,1,1,0,6.09,C
PROD_02591,Prepared Meal #2591,Fast Food & Prepared Meals,921.9,19.5,64.3,3.3,50.8,5.3,1214.3,15.8,0,0,0,0,0,5.4,C
PROD_02592,Fresh Produce Item #2592,Whole Foods & Produce,83.5,2.4,18.6,6.9,1.3,12.4,13.6,0.1,0,0,0,0,0,4.92,D
PROD_02593,Prepared Meal #2593,Fast Food & Prepared Meals,424.2,24.6,44.6,4.1,40.5,13.5,499.2,4.8,1,1,0,0,0,2.93,E
PROD_02594,Dairy Product #2594,Dairy & Cheese,288.7,9.3,16.7,0.0,26.2,5.2,336.4,9.8,0,0,0,1,0,3.77,D
PROD_02595,Superfood Oil/Nut #2595,Superfoods & Healthy Oils,188.5,4.7,6.9,1.1,11.9,1.2,8.7,1.2,0,0,0,0,1,5.5,C
PROD_02596,Dairy Product #2596,Dairy & Cheese,368.1,8.0,10.9,0.0,16.6,10.9,407.8,4.1,0,0,0,0,0,4.87,D
PROD_02597,Fresh Produce Item #2597,Whole Foods & Produce,104.1,1.3,24.8,2.1,0.5,12.1,13.7,0.3,0,0,0,0,0,2.49,E
PROD_02598,Dairy Product #2598,Dairy & Cheese,120.6,14.6,16.4,0.0,17.2,8.3,520.4,6.6,1,0,0,0,0,4.2,D
PROD_02599,Superfood Oil/Nut #2599,Superfoods & Healthy Oils,174.0,7.5,0.5,0.5,11.7,0.2,32.9,2.2,0,0,0,0,1,6.02,C
PROD_02600,Lean Protein #2600,Lean Proteins & Poultry,127.6,37.1,0.0,0.0,3.8,0.0,174.5,2.6,0,0,0,0,0,9.38,A
PROD_02601,Condiment #2601,Condiments & Sauces,90.2,1.6,16.1,1.3,0.0,16.1,211.8,0.0,1,0,0,0,1,1.0,E
PROD_02602,Nutrition Shake/Supplement #2602,Dietary Supplements & Shakes,212.2,28.7,15.9,7.2,2.2,8.5,328.0,0.9,0,0,0,1,0,8.16,A
PROD_02603,Condiment #2603,Condiments & Sauces,100.2,0.7,5.7,0.5,11.6,5.7,733.5,1.2,1,0,0,0,0,1.37,E
PROD_02604,Dairy Product #2604,Dairy & Cheese,210.8,14.4,6.0,0.0,3.0,3.5,469.4,3.0,0,0,0,0,0,5.67,C
PROD_02605,Dairy Product #2605,Dairy & Cheese,89.7,17.6,11.8,0.0,24.0,2.2,538.9,14.6,0,0,0,0,0,4.34,D
PROD_02606,Beverage Item #2606,Beverages & Drinks,187.5,0.3,10.3,0.4,0.6,10.3,62.7,0.0,0,0,0,0,0,5.0,C
PROD_02607,Lean Protein #2607,Lean Proteins & Poultry,140.0,21.4,3.3,0.5,2.7,0.7,121.5,1.5,0,0,0,0,0,8.91,A
PROD_02608,Lean Protein #2608,Lean Proteins & Poultry,212.7,32.9,4.0,0.7,4.1,1.1,272.4,1.9,0,0,0,0,1,9.63,A
PROD_02609,Lean Protein #2609,Lean Proteins & Poultry,196.7,35.4,4.2,0.9,3.4,0.6,310.1,2.2,0,0,0,0,0,7.52,B
PROD_02610,Nutrition Shake/Supplement #2610,Dietary Supplements & Shakes,237.2,20.3,17.8,7.8,3.4,2.1,57.3,1.3,0,0,0,0,0,8.48,A
PROD_02611,Fresh Produce Item #2611,Whole Foods & Produce,96.2,3.7,9.2,7.0,0.3,5.0,30.3,0.2,0,0,0,0,1,8.19,A
PROD_02612,Grain/Legume #2612,Whole Grains & Legumes,340.8,16.2,57.8,10.2,1.8,4.6,145.9,0.4,0,0,0,0,0,5.9,C
PROD_02613,Lean Protein #2613,Lean Proteins & Poultry,176.9,22.0,0.7,0.7,4.9,0.7,356.6,2.8,0,0,0,0,1,7.77,B
PROD_02614,Dairy Product #2614,Dairy & Cheese,191.7,19.5,11.3,0.0,13.1,11.3,447.6,2.1,0,0,0,0,0,5.9,C
PROD_02615,Superfood Oil/Nut #2615,Superfoods & Healthy Oils,213.3,2.0,7.1,3.1,20.8,2.0,31.4,3.8,0,0,0,0,1,4.66,D
PROD_02616,Fresh Produce Item #2616,Whole Foods & Produce,73.3,1.3,19.0,2.2,1.4,7.9,36.0,0.2,0,0,0,0,0,3.72,D
PROD_02617,Lean Protein #2617,Lean Proteins & Poultry,212.6,25.0,4.7,0.7,11.5,0.4,397.9,2.5,0,0,0,0,0,7.86,B
PROD_02618,Grain/Legume #2618,Whole Grains & Legumes,177.9,11.8,54.7,7.4,1.5,3.4,196.9,0.7,0,0,0,0,0,5.39,C
PROD_02619,Fresh Produce Item #2619,Whole Foods & Produce,56.1,2.9,10.1,7.5,1.1,10.1,8.5,0.2,0,0,0,0,0,7.2,B
PROD_02620,Dairy Product #2620,Dairy & Cheese,289.7,11.1,7.6,0.0,31.8,7.6,572.5,15.7,0,0,0,0,0,3.94,D
PROD_02621,Condiment #2621,Condiments & Sauces,53.1,1.0,24.5,0.2,16.8,8.0,582.6,2.0,1,0,0,1,0,1.43,E
PROD_02622,Dairy Product #2622,Dairy & Cheese,272.3,13.7,3.0,0.0,30.5,3.0,311.8,4.8,0,0,0,1,0,4.31,D
PROD_02623,Dairy Product #2623,Dairy & Cheese,325.9,7.4,14.2,0.0,4.3,3.5,308.7,4.3,0,0,0,0,0,4.74,D
PROD_02624,Prepared Meal #2624,Fast Food & Prepared Meals,599.0,15.1,38.7,5.3,50.5,10.2,671.6,17.7,0,0,0,0,0,3.97,D
PROD_02625,Grain/Legume #2625,Whole Grains & Legumes,336.5,6.3,55.8,10.9,3.0,0.8,51.6,0.8,0,0,0,0,0,5.25,C
PROD_02626,Processed Snack #2626,Processed Snacks & Sweets,268.4,5.3,50.5,2.6,13.8,16.4,510.7,7.3,1,0,1,0,0,1.0,E
PROD_02627,Prepared Meal #2627,Fast Food & Prepared Meals,805.9,25.6,53.4,3.3,14.9,15.9,943.8,14.0,0,0,0,0,0,5.36,C
PROD_02628,Prepared Meal #2628,Fast Food & Prepared Meals,757.7,12.5,83.8,2.6,26.7,4.8,1003.1,15.9,0,0,0,0,1,4.53,D
PROD_02629,Grain/Legume #2629,Whole Grains & Legumes,287.6,12.6,46.3,5.5,4.8,4.7,138.1,0.3,0,0,0,0,0,6.03,C
PROD_02630,Condiment #2630,Condiments & Sauces,164.4,1.0,19.6,0.6,15.4,1.4,949.5,2.7,1,0,0,0,0,1.53,E
PROD_02631,Superfood Oil/Nut #2631,Superfoods & Healthy Oils,231.9,3.3,7.9,4.8,23.2,1.9,5.3,1.8,0,0,0,0,1,5.93,C
PROD_02632,Fresh Produce Item #2632,Whole Foods & Produce,32.7,2.8,10.9,2.9,1.1,8.3,28.3,0.4,0,0,0,0,0,6.46,C
PROD_02633,Beverage Item #2633,Beverages & Drinks,13.6,1.7,54.3,0.2,0.5,15.5,11.6,0.0,1,0,1,1,0,1.0,E
PROD_02634,Nutrition Shake/Supplement #2634,Dietary Supplements & Shakes,143.4,41.7,24.3,5.9,2.4,6.1,295.0,1.6,0,0,1,0,0,8.48,A
PROD_02635,Prepared Meal #2635,Fast Food & Prepared Meals,913.9,15.0,75.4,2.1,35.5,13.7,507.5,17.4,0,1,0,1,0,1.97,E
PROD_02636,Fresh Produce Item #2636,Whole Foods & Produce,52.2,3.8,23.3,2.3,1.6,4.2,14.7,0.2,0,0,0,0,0,4.23,D
PROD_02637,Fresh Produce Item #2637,Whole Foods & Produce,31.0,0.7,22.3,3.3,1.2,10.1,12.4,0.4,0,0,0,0,0,3.73,D
PROD_02638,Prepared Meal #2638,Fast Food & Prepared Meals,755.1,25.6,76.4,3.0,20.1,16.0,781.0,10.4,0,0,0,0,1,5.87,C
PROD_02639,Dairy Product #2639,Dairy & Cheese,371.5,12.7,11.5,0.0,30.9,2.8,64.3,10.8,0,0,0,0,0,5.03,C
PROD_02640,Condiment #2640,Condiments & Sauces,31.7,1.1,21.3,0.3,7.1,21.3,378.1,1.3,0,0,0,0,1,1.0,E
PROD_02641,Processed Snack #2641,Processed Snacks & Sweets,397.3,4.6,69.8,1.9,11.3,31.7,393.2,6.8,0,0,0,1,0,1.83,E
PROD_02642,Superfood Oil/Nut #2642,Superfoods & Healthy Oils,220.6,5.0,3.4,1.6,11.6,0.6,41.9,3.4,0,0,0,0,1,4.87,D
PROD_02643,Fresh Produce Item #2643,Whole Foods & Produce,101.1,1.2,12.8,7.6,0.3,5.3,16.8,0.3,0,0,0,0,0,7.07,B
PROD_02644,Grain/Legume #2644,Whole Grains & Legumes,217.0,16.5,26.1,12.6,1.3,1.2,141.5,0.4,0,0,0,0,0,8.76,A
PROD_02645,Fresh Produce Item #2645,Whole Foods & Produce,114.9,1.3,11.3,6.3,1.6,11.3,17.3,0.3,0,0,0,0,0,6.89,B
PROD_02646,Nutrition Shake/Supplement #2646,Dietary Supplements & Shakes,301.0,27.2,7.7,5.8,3.3,7.7,160.3,1.8,0,0,0,0,0,7.96,B
PROD_02647,Fresh Produce Item #2647,Whole Foods & Produce,29.8,2.3,10.1,4.9,0.9,6.0,25.2,0.2,0,0,0,0,0,6.23,C
PROD_02648,Dairy Product #2648,Dairy & Cheese,128.6,24.6,16.4,0.0,28.9,13.0,462.1,13.1,0,0,0,0,0,6.96,B
PROD_02649,Fresh Produce Item #2649,Whole Foods & Produce,113.1,2.4,14.0,7.8,1.0,10.3,21.8,0.3,0,0,0,0,0,7.1,B
PROD_02650,Grain/Legume #2650,Whole Grains & Legumes,271.6,16.9,25.3,6.5,1.5,4.7,134.2,1.0,0,0,0,0,0,8.82,A
PROD_02651,Prepared Meal #2651,Fast Food & Prepared Meals,825.4,16.2,57.9,3.6,26.2,10.7,555.4,6.8,0,0,0,1,0,3.53,D
PROD_02652,Dairy Product #2652,Dairy & Cheese,222.2,11.2,6.6,0.0,23.3,2.1,98.1,18.1,0,0,0,0,0,4.25,D
PROD_02653,Superfood Oil/Nut #2653,Superfoods & Healthy Oils,268.0,1.4,1.4,0.1,19.4,1.4,42.0,2.9,0,0,0,0,1,8.59,A
PROD_02654,Condiment #2654,Condiments & Sauces,39.5,1.1,13.5,1.1,0.3,13.5,323.5,0.2,0,0,0,0,0,1.0,E
PROD_02655,Superfood Oil/Nut #2655,Superfoods & Healthy Oils,207.4,8.5,7.2,0.3,16.8,0.5,24.1,3.5,0,0,0,0,1,5.71,C
PROD_02656,Dairy Product #2656,Dairy & Cheese,289.4,9.7,3.6,0.0,10.0,3.6,254.7,10.0,0,0,0,0,0,5.74,C
PROD_02657,Processed Snack #2657,Processed Snacks & Sweets,259.5,1.8,37.3,2.2,24.5,37.3,408.8,6.9,0,1,0,0,0,2.3,E
PROD_02658,Nutrition Shake/Supplement #2658,Dietary Supplements & Shakes,246.7,40.9,17.3,1.8,5.8,5.0,153.0,1.1,0,0,0,1,0,6.87,B
PROD_02659,Fresh Produce Item #2659,Whole Foods & Produce,25.5,1.1,13.7,6.0,0.4,7.8,5.6,0.2,0,0,0,0,0,4.05,D
PROD_02660,Prepared Meal #2660,Fast Food & Prepared Meals,471.5,14.0,79.5,1.8,29.7,17.5,1412.3,12.1,0,1,0,1,0,1.93,E
PROD_02661,Processed Snack #2661,Processed Snacks & Sweets,487.0,4.4,50.4,1.1,11.3,27.1,725.4,4.3,0,0,0,1,0,3.79,D
PROD_02662,Fresh Produce Item #2662,Whole Foods & Produce,105.7,2.0,20.8,7.1,1.0,6.1,36.6,0.5,0,0,0,0,0,6.19,C
PROD_02663,Prepared Meal #2663,Fast Food & Prepared Meals,366.3,31.1,82.0,4.7,43.3,4.7,1046.8,15.5,0,1,0,0,0,4.73,D
PROD_02664,Superfood Oil/Nut #2664,Superfoods & Healthy Oils,251.5,7.3,7.9,2.3,23.3,1.7,11.1,2.9,0,0,0,0,1,6.48,C
PROD_02665,Processed Snack #2665,Processed Snacks & Sweets,460.0,4.5,66.6,1.3,12.8,38.6,384.4,5.2,1,1,0,0,0,1.11,E
PROD_02666,Prepared Meal #2666,Fast Food & Prepared Meals,879.4,20.2,73.5,4.2,38.0,13.5,694.9,7.9,0,0,0,0,0,5.15,C
PROD_02667,Grain/Legume #2667,Whole Grains & Legumes,325.3,12.3,26.1,9.0,2.0,3.4,106.2,0.5,0,0,0,0,0,7.3,B
PROD_02668,Dairy Product #2668,Dairy & Cheese,182.0,18.2,7.1,0.0,6.2,7.1,598.8,6.2,0,0,0,0,0,6.36,C
PROD_02669,Lean Protein #2669,Lean Proteins & Poultry,126.8,36.3,4.8,0.5,9.2,1.1,131.9,1.1,0,0,0,0,0,8.73,A
PROD_02670,Prepared Meal #2670,Fast Food & Prepared Meals,896.2,15.5,78.2,4.6,42.3,20.8,1433.1,8.2,0,0,0,1,0,1.44,E
PROD_02671,Lean Protein #2671,Lean Proteins & Poultry,163.1,35.3,0.7,0.2,8.9,0.3,104.1,3.4,0,0,0,0,1,8.95,A
PROD_02672,Dairy Product #2672,Dairy & Cheese,266.7,6.9,11.8,0.0,6.6,8.9,448.3,4.5,0,0,0,0,0,5.18,C
PROD_02673,Superfood Oil/Nut #2673,Superfoods & Healthy Oils,271.4,3.1,5.0,3.1,15.1,0.8,18.3,1.5,0,0,0,0,1,7.67,B
PROD_02674,Superfood Oil/Nut #2674,Superfoods & Healthy Oils,269.0,5.5,7.9,4.0,24.7,0.8,12.9,2.8,0,0,0,0,1,4.83,D
PROD_02675,Processed Snack #2675,Processed Snacks & Sweets,365.3,4.8,61.1,2.8,13.8,15.9,455.5,5.9,0,1,0,0,0,3.05,E
PROD_02676,Grain/Legume #2676,Whole Grains & Legumes,200.5,13.4,63.9,11.1,3.1,0.7,168.8,0.2,0,0,0,0,0,5.94,C
PROD_02677,Prepared Meal #2677,Fast Food & Prepared Meals,419.1,38.0,87.6,3.3,24.4,20.6,616.3,8.9,1,0,0,0,0,5.35,C
PROD_02678,Superfood Oil/Nut #2678,Superfoods & Healthy Oils,201.8,6.8,1.9,1.9,13.8,1.6,38.8,1.4,0,0,0,0,1,5.4,C
PROD_02679,Prepared Meal #2679,Fast Food & Prepared Meals,844.5,14.9,67.9,3.9,22.3,14.6,1128.7,11.1,0,0,0,1,0,3.74,D
PROD_02680,Fresh Produce Item #2680,Whole Foods & Produce,42.7,1.0,9.2,5.3,1.8,6.2,19.6,0.3,0,0,0,0,0,5.34,C
PROD_02681,Lean Protein #2681,Lean Proteins & Poultry,179.3,40.3,4.2,0.8,7.8,2.0,122.6,1.0,0,0,0,0,1,9.32,A
PROD_02682,Condiment #2682,Condiments & Sauces,47.7,1.5,2.5,1.2,0.4,2.5,521.9,0.4,1,0,0,0,0,3.48,E
PROD_02683,Nutrition Shake/Supplement #2683,Dietary Supplements & Shakes,189.9,18.7,19.8,3.3,7.1,4.8,346.6,0.8,1,0,0,0,0,5.46,C
PROD_02684,Grain/Legume #2684,Whole Grains & Legumes,341.9,8.6,51.0,15.8,2.5,4.5,173.5,0.5,0,0,0,0,1,8.08,A
PROD_02685,Prepared Meal #2685,Fast Food & Prepared Meals,925.5,19.1,90.6,2.3,53.8,9.3,1304.7,5.0,0,1,0,1,0,1.4,E
PROD_02686,Beverage Item #2686,Beverages & Drinks,191.8,1.7,49.2,0.2,0.3,27.6,68.9,0.0,1,0,0,1,0,1.0,E
PROD_02687,Condiment #2687,Condiments & Sauces,147.0,0.4,11.6,0.1,5.3,11.6,1356.8,2.0,0,0,1,1,0,1.0,E
PROD_02688,Superfood Oil/Nut #2688,Superfoods & Healthy Oils,209.7,4.2,7.8,0.2,13.9,0.6,44.1,3.8,0,0,0,0,1,5.33,C
PROD_02689,Fresh Produce Item #2689,Whole Foods & Produce,58.0,1.8,14.1,7.2,0.4,2.7,23.1,0.0,0,0,0,0,0,8.2,A
PROD_02690,Lean Protein #2690,Lean Proteins & Poultry,135.1,22.8,2.8,0.6,2.0,0.0,402.8,0.8,0,0,0,0,0,7.65,B
PROD_02691,Fresh Produce Item #2691,Whole Foods & Produce,91.3,1.1,5.5,3.6,1.8,5.5,46.4,0.2,0,0,0,0,0,6.5,B
PROD_02692,Condiment #2692,Condiments & Sauces,146.5,1.2,31.3,0.6,8.8,11.9,1066.9,2.3,0,0,0,1,0,1.0,E
PROD_02693,Beverage Item #2693,Beverages & Drinks,18.9,1.4,39.6,0.1,0.4,17.2,20.4,0.0,0,0,0,0,0,1.0,E
PROD_02694,Fresh Produce Item #2694,Whole Foods & Produce,35.0,2.5,17.0,3.9,0.7,8.9,18.8,0.5,0,0,0,0,0,4.52,D
PROD_02695,Prepared Meal #2695,Fast Food & Prepared Meals,437.6,28.4,54.6,2.3,25.3,9.5,1294.9,6.4,0,1,0,0,0,5.41,C
PROD_02696,Beverage Item #2696,Beverages & Drinks,141.1,0.4,36.6,0.3,0.1,36.6,104.7,0.0,1,0,0,0,0,1.0,E
PROD_02697,Condiment #2697,Condiments & Sauces,174.9,1.1,32.8,1.0,0.5,3.1,1066.6,0.5,1,0,0,0,1,1.0,E
PROD_02698,Nutrition Shake/Supplement #2698,Dietary Supplements & Shakes,135.6,20.9,7.0,1.6,7.9,7.0,127.7,2.2,0,0,1,0,0,7.25,B
PROD_02699,Prepared Meal #2699,Fast Food & Prepared Meals,944.5,33.1,51.1,5.9,14.6,11.9,1218.8,4.5,1,1,0,0,0,3.36,E
PROD_02700,Condiment #2700,Condiments & Sauces,72.9,1.7,19.8,0.3,2.5,19.8,221.0,2.5,1,0,0,0,0,1.0,E
PROD_02701,Nutrition Shake/Supplement #2701,Dietary Supplements & Shakes,159.4,24.6,22.5,6.4,7.7,1.1,223.6,2.5,0,0,1,0,0,8.03,A
PROD_02702,Fresh Produce Item #2702,Whole Foods & Produce,78.9,2.9,22.2,4.2,2.0,10.8,24.1,0.3,0,0,0,0,0,5.09,C
PROD_02703,Grain/Legume #2703,Whole Grains & Legumes,148.1,6.0,29.8,11.8,3.7,2.5,14.0,0.7,0,0,0,0,1,8.01,A
PROD_02704,Prepared Meal #2704,Fast Food & Prepared Meals,628.9,28.5,44.6,5.5,36.9,4.4,1298.4,10.5,0,0,0,0,0,4.8,D
PROD_02705,Superfood Oil/Nut #2705,Superfoods & Healthy Oils,141.4,4.3,4.7,1.4,25.2,2.0,6.0,1.1,0,0,0,0,1,4.79,D
PROD_02706,Beverage Item #2706,Beverages & Drinks,76.3,0.8,27.9,0.2,0.5,27.9,79.5,0.0,1,0,1,1,0,1.0,E
PROD_02707,Nutrition Shake/Supplement #2707,Dietary Supplements & Shakes,182.8,24.9,3.2,3.2,2.5,3.2,88.8,1.5,0,0,1,0,0,8.48,A
PROD_02708,Lean Protein #2708,Lean Proteins & Poultry,237.1,30.2,2.6,0.7,7.0,0.4,176.8,0.8,0,0,0,0,0,8.84,A
PROD_02709,Condiment #2709,Condiments & Sauces,47.2,1.6,26.7,1.5,2.4,20.3,1374.9,1.4,0,0,0,0,1,1.0,E
PROD_02710,Grain/Legume #2710,Whole Grains & Legumes,285.9,17.9,40.6,13.7,2.0,1.8,187.3,0.2,0,0,0,0,0,9.05,A
PROD_02711,Superfood Oil/Nut #2711,Superfoods & Healthy Oils,258.3,7.3,6.8,3.7,21.6,1.1,13.3,3.1,0,0,0,0,1,6.01,C
PROD_02712,Condiment #2712,Condiments & Sauces,141.2,0.2,8.5,1.1,5.0,8.5,592.6,1.5,1,0,0,0,0,1.61,E
PROD_02713,Lean Protein #2713,Lean Proteins & Poultry,189.2,34.2,2.5,0.8,2.0,1.8,284.5,2.0,0,0,0,0,1,7.99,B
PROD_02714,Condiment #2714,Condiments & Sauces,118.7,0.3,19.0,0.4,10.1,19.0,297.5,1.5,0,0,0,0,1,3.27,E
PROD_02715,Condiment #2715,Condiments & Sauces,114.6,0.1,34.1,1.5,2.7,12.5,1121.7,2.7,0,0,1,1,0,1.0,E
PROD_02716,Processed Snack #2716,Processed Snacks & Sweets,416.9,5.3,40.4,1.7,22.2,26.7,445.2,4.6,0,0,0,1,0,3.28,E
PROD_02717,Prepared Meal #2717,Fast Food & Prepared Meals,705.4,36.8,39.8,4.9,49.7,21.8,901.9,9.0,1,0,0,1,0,3.69,D
PROD_02718,Superfood Oil/Nut #2718,Superfoods & Healthy Oils,209.4,8.6,2.0,2.0,22.2,0.2,40.5,1.3,0,0,0,0,1,5.49,C
PROD_02719,Condiment #2719,Condiments & Sauces,130.9,1.4,20.1,1.0,11.5,20.1,487.3,1.3,1,0,0,0,0,1.0,E
PROD_02720,Prepared Meal #2720,Fast Food & Prepared Meals,675.4,25.0,54.0,3.4,45.4,7.3,722.1,13.3,0,1,0,0,1,4.06,D
PROD_02721,Processed Snack #2721,Processed Snacks & Sweets,361.0,4.6,46.7,1.9,8.6,27.2,307.7,7.4,0,0,0,0,0,5.09,C
PROD_02722,Condiment #2722,Condiments & Sauces,152.4,1.4,28.6,1.5,15.6,15.1,572.9,1.7,0,0,0,1,0,2.71,E
PROD_02723,Fresh Produce Item #2723,Whole Foods & Produce,70.3,1.5,23.9,3.0,1.5,12.4,47.8,0.3,0,0,0,0,0,2.76,E
PROD_02724,Superfood Oil/Nut #2724,Superfoods & Healthy Oils,245.1,2.8,1.0,1.0,12.8,1.0,28.8,3.2,0,0,0,0,1,8.73,A
PROD_02725,Superfood Oil/Nut #2725,Superfoods & Healthy Oils,265.4,7.2,1.0,1.0,25.0,1.0,22.0,1.9,0,0,0,0,1,5.59,C
PROD_02726,Condiment #2726,Condiments & Sauces,112.2,1.0,26.2,0.5,8.3,19.4,1355.9,1.0,1,0,0,0,0,1.0,E
PROD_02727,Dairy Product #2727,Dairy & Cheese,144.6,21.6,6.1,0.0,11.2,6.1,239.7,9.2,0,0,0,0,0,6.82,B
PROD_02728,Condiment #2728,Condiments & Sauces,125.4,1.8,15.1,0.8,11.4,2.9,610.7,2.1,0,0,1,1,0,1.0,E
PROD_02729,Grain/Legume #2729,Whole Grains & Legumes,142.5,13.4,51.9,6.8,3.5,4.9,19.5,0.6,0,0,0,0,0,6.85,B
PROD_02730,Grain/Legume #2730,Whole Grains & Legumes,186.9,6.0,34.0,13.7,1.4,1.8,114.7,0.7,0,0,0,0,0,8.4,A
PROD_02731,Nutrition Shake/Supplement #2731,Dietary Supplements & Shakes,140.0,37.1,7.4,5.3,3.6,7.4,212.1,1.3,0,0,0,0,0,10.0,A
PROD_02732,Fresh Produce Item #2732,Whole Foods & Produce,103.7,2.4,6.4,5.4,0.8,6.4,34.1,0.3,0,0,0,0,0,7.6,B
PROD_02733,Dairy Product #2733,Dairy & Cheese,257.7,19.9,8.8,0.0,4.2,8.8,426.7,3.2,0,0,0,0,0,5.98,C
PROD_02734,Condiment #2734,Condiments & Sauces,21.1,0.2,21.0,1.3,4.7,1.9,1050.4,2.6,1,0,0,1,0,1.0,E
PROD_02735,Grain/Legume #2735,Whole Grains & Legumes,259.7,11.7,46.7,5.1,1.4,3.6,56.0,0.3,0,0,0,0,0,5.87,C
PROD_02736,Lean Protein #2736,Lean Proteins & Poultry,220.9,27.9,2.8,0.3,11.3,1.5,197.7,1.1,0,0,0,0,1,8.47,A
PROD_02737,Prepared Meal #2737,Fast Food & Prepared Meals,621.8,18.0,90.2,3.3,36.3,19.4,1575.1,12.9,0,0,0,0,0,3.7,D
PROD_02738,Superfood Oil/Nut #2738,Superfoods & Healthy Oils,176.8,1.1,4.8,3.3,14.5,1.5,19.1,1.9,0,0,0,0,1,9.3,A
PROD_02739,Condiment #2739,Condiments & Sauces,131.2,0.1,3.4,1.0,17.0,3.4,1197.8,1.6,1,0,0,0,0,1.86,E
PROD_02740,Grain/Legume #2740,Whole Grains & Legumes,165.3,14.4,59.9,8.4,4.3,2.0,159.9,0.3,0,0,0,0,0,5.96,C
PROD_02741,Beverage Item #2741,Beverages & Drinks,117.9,1.4,55.4,0.4,1.0,24.7,68.1,0.0,1,0,0,1,0,1.0,E
PROD_02742,Grain/Legume #2742,Whole Grains & Legumes,331.9,10.4,61.7,9.7,4.4,2.8,65.7,0.6,0,0,0,0,0,5.66,C
PROD_02743,Dairy Product #2743,Dairy & Cheese,172.7,9.5,7.4,0.0,21.1,7.4,474.5,18.8,0,0,0,0,0,4.22,D
PROD_02744,Grain/Legume #2744,Whole Grains & Legumes,191.1,15.4,41.7,5.0,1.2,2.5,16.7,0.3,0,0,0,0,0,6.75,B
PROD_02745,Dairy Product #2745,Dairy & Cheese,247.1,15.8,4.1,0.0,6.6,2.7,559.0,6.6,0,0,0,1,0,3.69,D
PROD_02746,Grain/Legume #2746,Whole Grains & Legumes,142.4,8.2,25.1,6.2,3.5,0.7,88.0,0.6,0,0,0,0,0,7.63,B
PROD_02747,Dairy Product #2747,Dairy & Cheese,125.6,11.5,12.8,0.0,6.3,5.2,647.4,2.1,0,0,0,1,0,3.65,D
PROD_02748,Superfood Oil/Nut #2748,Superfoods & Healthy Oils,206.0,6.7,5.3,2.9,27.8,0.4,8.6,3.6,0,0,0,0,1,5.08,C
PROD_02749,Dairy Product #2749,Dairy & Cheese,326.0,22.0,4.8,0.0,11.8,4.8,492.9,4.6,0,0,0,0,0,5.66,C
PROD_02750,Grain/Legume #2750,Whole Grains & Legumes,189.6,9.8,51.7,7.1,4.8,1.3,151.2,0.8,0,0,0,0,0,5.75,C
PROD_02751,Superfood Oil/Nut #2751,Superfoods & Healthy Oils,197.7,8.7,7.3,2.8,18.0,0.0,35.5,2.7,0,0,0,0,1,6.05,C
PROD_02752,Dairy Product #2752,Dairy & Cheese,129.0,21.0,7.9,0.0,23.6,7.9,418.3,17.7,0,0,0,0,0,5.73,C
PROD_02753,Grain/Legume #2753,Whole Grains & Legumes,334.9,12.1,56.5,5.3,3.9,4.8,102.4,0.5,0,0,0,0,0,5.61,C
PROD_02754,Processed Snack #2754,Processed Snacks & Sweets,389.1,5.7,48.6,1.9,27.5,22.6,588.2,9.7,1,1,0,1,0,1.0,E
PROD_02755,Nutrition Shake/Supplement #2755,Dietary Supplements & Shakes,314.2,30.1,21.8,2.4,8.5,9.6,292.6,1.3,0,0,0,0,0,6.56,B
PROD_02756,Nutrition Shake/Supplement #2756,Dietary Supplements & Shakes,189.5,22.0,10.6,4.5,6.8,10.6,93.2,1.9,0,0,1,0,0,8.13,A
PROD_02757,Dairy Product #2757,Dairy & Cheese,299.7,11.7,11.1,0.0,20.9,7.8,634.7,4.2,0,0,0,0,0,4.9,D
PROD_02758,Nutrition Shake/Supplement #2758,Dietary Supplements & Shakes,274.9,15.2,5.5,4.9,4.1,5.5,318.7,1.0,0,0,0,0,0,7.93,B
PROD_02759,Nutrition Shake/Supplement #2759,Dietary Supplements & Shakes,100.0,42.6,21.1,7.7,4.2,8.1,100.4,2.1,0,0,1,0,0,8.96,A
PROD_02760,Fresh Produce Item #2760,Whole Foods & Produce,94.3,0.7,16.8,6.6,0.5,4.5,18.0,0.3,0,0,0,0,0,7.72,B
PROD_02761,Beverage Item #2761,Beverages & Drinks,110.6,0.3,26.4,0.1,0.8,9.2,63.1,0.0,0,0,1,1,0,1.0,E
PROD_02762,Superfood Oil/Nut #2762,Superfoods & Healthy Oils,255.8,7.1,1.6,0.8,24.0,0.8,47.5,3.8,0,0,0,0,1,6.03,C
PROD_02763,Lean Protein #2763,Lean Proteins & Poultry,180.1,24.9,4.4,0.1,5.4,0.6,433.4,0.9,0,0,0,0,0,7.49,B
PROD_02764,Beverage Item #2764,Beverages & Drinks,24.2,0.5,48.0,0.1,0.3,19.9,74.8,0.0,0,0,1,1,0,1.0,E
PROD_02765,Processed Snack #2765,Processed Snacks & Sweets,457.4,4.6,40.8,0.7,25.6,30.5,593.1,9.9,1,1,0,1,0,1.0,E
PROD_02766,Prepared Meal #2766,Fast Food & Prepared Meals,519.1,33.1,93.5,5.6,15.7,20.7,1560.6,15.7,0,0,0,1,1,3.44,E
PROD_02767,Dairy Product #2767,Dairy & Cheese,205.9,13.3,6.6,0.0,32.0,3.0,432.2,5.0,0,0,0,0,0,5.81,C
PROD_02768,Grain/Legume #2768,Whole Grains & Legumes,310.0,8.9,59.4,14.5,4.3,2.0,36.7,0.6,0,0,0,0,0,7.25,B
PROD_02769,Prepared Meal #2769,Fast Food & Prepared Meals,517.7,24.2,41.8,5.7,40.9,6.5,1546.3,17.0,0,1,0,0,0,2.48,E
PROD_02770,Dairy Product #2770,Dairy & Cheese,288.4,14.2,7.9,0.0,5.5,7.0,407.1,5.5,0,0,1,1,0,2.79,E
PROD_02771,Nutrition Shake/Supplement #2771,Dietary Supplements & Shakes,244.4,39.8,10.1,6.6,6.6,4.5,312.9,1.5,0,0,0,0,0,9.84,A
PROD_02772,Superfood Oil/Nut #2772,Superfoods & Healthy Oils,120.7,5.4,4.2,0.4,18.9,1.5,27.1,2.6,0,0,0,0,1,6.28,C
PROD_02773,Dairy Product #2773,Dairy & Cheese,271.3,6.5,12.1,0.0,22.5,8.8,146.8,3.7,0,0,0,0,0,4.84,D
PROD_02774,Nutrition Shake/Supplement #2774,Dietary Supplements & Shakes,304.3,39.7,8.6,5.2,6.5,8.6,214.2,1.6,0,0,1,0,0,8.61,A
PROD_02775,Superfood Oil/Nut #2775,Superfoods & Healthy Oils,258.6,5.4,7.2,0.0,21.3,0.8,25.3,3.2,0,0,0,0,1,4.76,D
PROD_02776,Lean Protein #2776,Lean Proteins & Poultry,118.8,35.6,4.6,0.5,2.6,0.2,162.7,2.6,0,0,0,0,0,8.78,A
PROD_02777,Grain/Legume #2777,Whole Grains & Legumes,325.6,11.3,38.7,6.1,2.3,0.8,161.5,0.8,0,0,0,0,0,6.81,B
PROD_02778,Lean Protein #2778,Lean Proteins & Poultry,167.8,34.9,0.3,0.2,3.9,0.3,198.4,2.7,0,0,0,0,0,8.88,A
PROD_02779,Processed Snack #2779,Processed Snacks & Sweets,236.7,2.6,60.1,1.0,27.5,21.5,365.3,4.6,1,1,0,0,0,2.26,E
PROD_02780,Dairy Product #2780,Dairy & Cheese,294.5,6.6,4.9,0.0,30.9,4.9,516.6,8.6,0,0,0,1,0,2.13,E
PROD_02781,Condiment #2781,Condiments & Sauces,60.6,0.6,15.2,0.6,13.9,4.8,389.3,1.9,0,1,0,1,0,1.0,E
PROD_02782,Grain/Legume #2782,Whole Grains & Legumes,257.2,10.7,44.2,13.5,4.1,3.2,47.5,0.9,0,0,0,0,0,7.72,B
PROD_02783,Superfood Oil/Nut #2783,Superfoods & Healthy Oils,238.0,1.2,0.5,0.5,26.0,0.5,24.7,3.4,0,0,0,0,1,8.63,A
PROD_02784,Processed Snack #2784,Processed Snacks & Sweets,460.2,1.2,56.7,1.9,26.5,34.3,722.1,10.9,1,1,0,0,0,1.0,E
PROD_02785,Condiment #2785,Condiments & Sauces,108.0,0.2,8.2,1.0,1.3,8.2,325.2,1.3,0,1,0,0,0,3.0,E
PROD_02786,Grain/Legume #2786,Whole Grains & Legumes,192.1,9.5,59.6,11.8,1.9,2.9,138.7,0.4,0,0,0,0,0,5.88,C
PROD_02787,Lean Protein #2787,Lean Proteins & Poultry,248.5,36.3,1.5,0.2,2.1,0.3,413.3,2.1,0,0,0,0,0,8.35,A
PROD_02788,Lean Protein #2788,Lean Proteins & Poultry,177.4,30.2,2.4,0.1,2.6,1.9,441.7,1.8,0,0,0,0,0,7.71,B
PROD_02789,Prepared Meal #2789,Fast Food & Prepared Meals,568.1,27.4,55.0,3.5,15.9,15.2,1337.0,5.4,0,0,0,0,0,4.96,D
PROD_02790,Dairy Product #2790,Dairy & Cheese,203.7,22.1,17.4,0.0,19.5,8.4,554.2,2.4,0,0,0,0,0,6.2,C
PROD_02791,Grain/Legume #2791,Whole Grains & Legumes,325.5,10.2,50.4,12.0,1.7,1.8,183.6,0.3,0,0,0,0,0,7.69,B
PROD_02792,Beverage Item #2792,Beverages & Drinks,118.7,1.6,43.4,0.4,0.4,13.6,12.7,0.0,0,0,0,0,0,2.48,E
PROD_02793,Dairy Product #2793,Dairy & Cheese,301.1,20.1,2.5,0.0,3.6,2.5,645.0,3.6,0,0,0,1,0,4.31,D
PROD_02794,Processed Snack #2794,Processed Snacks & Sweets,398.4,3.3,38.5,1.2,15.8,37.9,793.0,4.2,1,1,1,1,0,1.0,E
PROD_02795,Dairy Product #2795,Dairy & Cheese,84.6,21.1,15.7,0.0,21.3,15.1,399.8,6.1,0,0,0,0,0,7.06,B
PROD_02796,Superfood Oil/Nut #2796,Superfoods & Healthy Oils,144.0,5.7,4.7,4.4,25.4,1.7,27.4,3.0,0,0,0,0,1,5.76,C
PROD_02797,Dairy Product #2797,Dairy & Cheese,300.2,19.4,10.5,0.0,30.6,10.5,624.2,8.6,0,0,0,0,0,5.31,C
PROD_02798,Nutrition Shake/Supplement #2798,Dietary Supplements & Shakes,178.6,33.7,6.8,6.3,8.8,6.8,234.7,1.4,0,0,0,0,0,9.76,A
PROD_02799,Dairy Product #2799,Dairy & Cheese,218.4,21.4,17.3,0.0,12.5,8.7,470.6,12.5,0,0,0,0,0,3.93,D
PROD_02800,Fresh Produce Item #2800,Whole Foods & Produce,28.5,2.9,24.9,7.5,1.4,12.9,16.5,0.3,0,0,0,0,1,4.97,D
PROD_02801,Grain/Legume #2801,Whole Grains & Legumes,130.4,15.5,58.7,15.6,1.9,3.8,106.2,0.5,0,0,0,0,0,7.37,B
PROD_02802,Condiment #2802,Condiments & Sauces,133.9,0.3,7.2,0.8,15.0,7.2,1209.4,2.4,0,0,1,1,0,1.0,E
PROD_02803,Dairy Product #2803,Dairy & Cheese,201.0,22.2,16.3,0.0,31.9,15.2,449.5,9.3,1,0,0,0,0,5.56,C
PROD_02804,Processed Snack #2804,Processed Snacks & Sweets,326.9,2.9,49.4,0.5,9.8,28.7,247.6,9.8,1,1,0,1,0,1.0,E
PROD_02805,Processed Snack #2805,Processed Snacks & Sweets,249.6,2.6,44.0,2.5,26.6,18.4,230.6,8.5,0,0,1,1,0,2.26,E
PROD_02806,Fresh Produce Item #2806,Whole Foods & Produce,74.3,2.1,8.6,4.4,0.6,7.2,31.7,0.3,0,0,0,0,0,8.19,A
PROD_02807,Superfood Oil/Nut #2807,Superfoods & Healthy Oils,122.1,3.1,3.7,3.5,16.9,1.1,26.2,1.5,0,0,0,0,1,5.65,C
PROD_02808,Processed Snack #2808,Processed Snacks & Sweets,441.7,1.6,52.0,2.3,9.9,38.2,294.3,7.3,0,0,0,1,0,4.21,D
PROD_02809,Condiment #2809,Condiments & Sauces,69.9,1.9,34.5,0.5,10.6,21.9,348.1,2.1,0,1,0,1,0,1.0,E
PROD_02810,Fresh Produce Item #2810,Whole Foods & Produce,49.8,3.1,9.5,4.5,0.6,5.1,33.2,0.0,0,0,0,0,0,6.77,B
PROD_02811,Beverage Item #2811,Beverages & Drinks,198.8,0.4,42.6,0.2,0.1,41.4,93.8,0.0,1,0,0,0,0,1.0,E
PROD_02812,Dairy Product #2812,Dairy & Cheese,171.0,19.7,5.5,0.0,28.5,5.5,589.6,7.8,1,0,0,0,0,4.43,D
PROD_02813,Nutrition Shake/Supplement #2813,Dietary Supplements & Shakes,317.2,18.6,9.0,5.8,3.3,0.8,82.9,1.4,0,0,0,0,0,7.97,B
PROD_02814,Condiment #2814,Condiments & Sauces,125.4,0.7,22.6,1.5,17.8,10.6,804.7,2.7,1,0,0,1,0,1.21,E
PROD_02815,Lean Protein #2815,Lean Proteins & Poultry,195.8,22.1,3.8,0.5,7.5,1.3,250.1,2.1,0,0,0,0,0,9.08,A
PROD_02816,Grain/Legume #2816,Whole Grains & Legumes,328.1,13.6,60.7,15.3,3.7,2.8,177.0,0.7,0,0,0,0,1,6.99,B
PROD_02817,Grain/Legume #2817,Whole Grains & Legumes,324.6,6.1,32.5,9.7,4.4,4.3,41.1,0.3,0,0,0,0,0,6.76,B
PROD_02818,Processed Snack #2818,Processed Snacks & Sweets,488.9,2.3,63.7,1.0,20.0,26.3,511.7,3.8,1,0,0,1,0,1.0,E
PROD_02819,Processed Snack #2819,Processed Snacks & Sweets,241.6,3.6,75.0,2.9,10.5,19.9,764.8,3.9,0,1,0,1,0,1.0,E
PROD_02820,Superfood Oil/Nut #2820,Superfoods & Healthy Oils,180.4,4.6,1.0,0.4,13.2,0.5,48.3,2.4,0,0,0,0,1,5.96,C
PROD_02821,Grain/Legume #2821,Whole Grains & Legumes,259.5,15.2,62.9,11.6,1.6,1.2,118.9,0.5,0,0,0,0,0,7.55,B
PROD_02822,Nutrition Shake/Supplement #2822,Dietary Supplements & Shakes,209.7,27.9,18.5,3.7,8.8,8.2,248.0,2.3,0,0,1,0,0,7.35,B
PROD_02823,Beverage Item #2823,Beverages & Drinks,209.3,1.7,20.9,0.2,0.4,20.9,107.8,0.0,1,0,0,0,0,3.56,D
PROD_02824,Condiment #2824,Condiments & Sauces,61.8,1.1,24.5,0.2,6.4,22.6,484.1,1.5,0,0,0,0,0,1.0,E
PROD_02825,Fresh Produce Item #2825,Whole Foods & Produce,85.3,3.0,15.5,4.5,1.4,14.7,6.3,0.2,0,0,0,0,0,6.13,C
PROD_02826,Grain/Legume #2826,Whole Grains & Legumes,178.6,10.9,42.4,13.1,3.5,0.9,65.0,0.6,0,0,0,0,0,7.57,B
PROD_02827,Prepared Meal #2827,Fast Food & Prepared Meals,500.1,21.4,75.6,3.0,50.2,9.4,634.9,6.4,0,0,0,0,1,6.32,C
PROD_02828,Superfood Oil/Nut #2828,Superfoods & Healthy Oils,258.0,8.6,3.6,2.1,18.3,1.3,38.8,3.6,0,0,0,0,1,6.38,C
PROD_02829,Processed Snack #2829,Processed Snacks & Sweets,525.1,2.5,64.6,2.1,21.0,18.0,172.4,7.1,0,1,0,0,0,4.0,D
PROD_02830,Lean Protein #2830,Lean Proteins & Poultry,154.1,28.6,1.3,0.4,6.4,1.1,437.0,3.2,0,0,0,0,0,7.02,B
PROD_02831,Condiment #2831,Condiments & Sauces,24.0,1.8,24.2,1.2,8.4,24.0,1247.6,1.1,1,0,1,0,0,1.0,E
PROD_02832,Nutrition Shake/Supplement #2832,Dietary Supplements & Shakes,131.6,31.9,17.8,5.0,6.4,1.8,192.8,1.2,0,0,1,1,0,6.43,C
PROD_02833,Lean Protein #2833,Lean Proteins & Poultry,247.7,40.6,0.4,0.4,5.7,0.4,72.0,1.1,0,0,0,0,0,9.17,A
PROD_02834,Fresh Produce Item #2834,Whole Foods & Produce,85.6,2.1,19.4,7.2,1.6,5.1,19.4,0.2,0,0,0,0,0,5.7,C
PROD_02835,Lean Protein #2835,Lean Proteins & Poultry,143.3,44.9,3.9,0.9,11.2,1.3,120.4,2.8,0,0,0,0,1,9.14,A
PROD_02836,Lean Protein #2836,Lean Proteins & Poultry,149.0,23.0,1.4,0.6,5.2,1.4,102.4,3.5,0,0,0,0,1,8.1,A
PROD_02837,Condiment #2837,Condiments & Sauces,28.2,0.1,12.1,0.6,5.0,12.1,434.1,2.1,0,1,0,0,1,1.0,E
PROD_02838,Prepared Meal #2838,Fast Food & Prepared Meals,621.7,17.9,64.4,3.1,24.1,7.0,1433.3,6.0,1,0,0,1,0,2.48,E
PROD_02839,Processed Snack #2839,Processed Snacks & Sweets,502.9,3.4,74.8,2.3,26.7,15.3,314.5,3.8,0,0,0,1,0,1.53,E
PROD_02840,Superfood Oil/Nut #2840,Superfoods & Healthy Oils,136.7,3.2,2.3,2.3,20.0,1.2,18.4,1.2,0,0,0,0,1,5.2,C
PROD_02841,Beverage Item #2841,Beverages & Drinks,139.1,1.3,5.6,0.4,0.8,5.6,111.0,0.0,1,0,0,0,0,3.08,E
PROD_02842,Processed Snack #2842,Processed Snacks & Sweets,393.2,3.9,64.9,1.3,19.6,41.8,194.4,11.1,0,0,1,1,0,1.0,E
PROD_02843,Grain/Legume #2843,Whole Grains & Legumes,242.5,12.8,58.1,13.2,4.4,2.8,126.8,0.9,0,0,0,0,0,7.73,B
PROD_02844,Superfood Oil/Nut #2844,Superfoods & Healthy Oils,122.5,2.7,1.9,1.6,15.1,1.2,44.3,2.9,0,0,0,0,1,4.66,D
PROD_02845,Prepared Meal #2845,Fast Food & Prepared Meals,868.3,28.4,48.1,3.1,46.4,17.3,1228.4,6.0,0,1,0,0,0,4.21,D
PROD_02846,Dairy Product #2846,Dairy & Cheese,231.1,9.3,14.9,0.0,18.6,13.1,118.1,15.9,0,0,0,0,0,4.26,D
PROD_02847,Prepared Meal #2847,Fast Food & Prepared Meals,397.0,15.1,74.3,3.7,45.1,11.7,622.3,16.2,1,1,0,1,0,1.0,E
PROD_02848,Dairy Product #2848,Dairy & Cheese,132.7,23.6,11.0,0.0,21.4,8.0,536.8,10.8,0,0,0,0,0,4.56,D
PROD_02849,Fresh Produce Item #2849,Whole Foods & Produce,78.3,1.1,11.4,5.3,0.1,7.7,39.0,0.1,0,0,0,0,1,7.13,B
PROD_02850,Prepared Meal #2850,Fast Food & Prepared Meals,650.1,26.8,58.6,2.6,51.1,5.5,657.9,8.5,0,0,0,0,0,6.39,C
PROD_02851,Fresh Produce Item #2851,Whole Foods & Produce,27.9,2.8,17.7,3.3,0.4,3.9,47.9,0.3,0,0,0,0,0,5.76,C
PROD_02852,Processed Snack #2852,Processed Snacks & Sweets,285.5,4.1,46.5,2.4,19.8,19.0,453.8,8.1,0,0,0,0,0,4.36,D
PROD_02853,Lean Protein #2853,Lean Proteins & Poultry,238.0,20.3,0.5,0.5,10.4,0.5,394.2,2.5,0,0,0,0,0,6.05,C
PROD_02854,Fresh Produce Item #2854,Whole Foods & Produce,85.2,0.6,24.8,3.8,1.3,5.7,22.7,0.3,0,0,0,0,0,5.04,C
PROD_02855,Nutrition Shake/Supplement #2855,Dietary Supplements & Shakes,210.9,42.9,7.6,5.8,8.9,7.6,70.6,1.7,0,0,1,0,0,8.8,A
PROD_02856,Lean Protein #2856,Lean Proteins & Poultry,141.0,25.5,3.0,0.9,8.6,1.3,372.5,2.5,0,0,0,0,0,7.46,B
PROD_02857,Grain/Legume #2857,Whole Grains & Legumes,142.2,8.3,60.9,12.7,4.2,1.1,31.3,0.3,0,0,0,0,0,6.2,C
PROD_02858,Superfood Oil/Nut #2858,Superfoods & Healthy Oils,270.3,1.9,6.2,1.9,24.6,1.5,31.7,3.8,0,0,0,0,1,4.59,D
PROD_02859,Processed Snack #2859,Processed Snacks & Sweets,479.5,4.4,44.2,1.9,22.2,36.3,271.6,3.5,1,1,0,1,0,1.0,E
PROD_02860,Superfood Oil/Nut #2860,Superfoods & Healthy Oils,200.4,8.4,3.5,3.5,18.9,0.2,7.4,1.1,0,0,0,0,1,6.95,B
PROD_02861,Beverage Item #2861,Beverages & Drinks,156.0,1.5,37.3,0.2,0.2,37.3,66.6,0.0,1,0,0,1,0,1.0,E
PROD_02862,Fresh Produce Item #2862,Whole Foods & Produce,55.6,2.1,16.5,7.3,1.6,5.9,38.5,0.3,0,0,0,0,0,6.93,B
PROD_02863,Prepared Meal #2863,Fast Food & Prepared Meals,777.1,17.9,46.3,5.1,31.1,20.5,507.3,15.2,1,1,0,0,0,2.25,E
PROD_02864,Nutrition Shake/Supplement #2864,Dietary Supplements & Shakes,163.9,20.2,12.2,4.2,6.0,3.6,280.3,0.7,0,0,0,1,0,7.19,B
PROD_02865,Prepared Meal #2865,Fast Food & Prepared Meals,700.2,26.8,63.2,2.5,29.7,21.8,646.8,11.6,0,0,0,0,0,6.59,B
PROD_02866,Nutrition Shake/Supplement #2866,Dietary Supplements & Shakes,120.0,32.8,23.2,7.6,7.8,10.3,245.7,0.9,0,0,0,0,0,9.62,A
PROD_02867,Nutrition Shake/Supplement #2867,Dietary Supplements & Shakes,150.8,38.7,23.9,7.4,3.3,8.2,214.1,2.0,0,0,0,0,0,10.0,A
PROD_02868,Dairy Product #2868,Dairy & Cheese,297.1,7.1,14.0,0.0,21.5,6.2,540.3,16.2,0,0,0,0,0,2.84,E
PROD_02869,Condiment #2869,Condiments & Sauces,32.9,0.3,28.8,0.4,4.8,26.1,989.2,0.3,1,0,0,0,0,1.0,E
PROD_02870,Prepared Meal #2870,Fast Food & Prepared Meals,661.4,36.2,60.3,3.5,18.6,15.5,734.7,5.1,0,1,0,1,0,4.07,D
PROD_02871,Nutrition Shake/Supplement #2871,Dietary Supplements & Shakes,114.1,18.2,5.0,1.3,6.4,5.0,248.8,1.5,0,0,0,0,0,8.21,A
PROD_02872,Superfood Oil/Nut #2872,Superfoods & Healthy Oils,184.3,5.0,4.6,2.3,10.8,0.7,3.1,1.4,0,0,0,0,1,5.97,C
PROD_02873,Fresh Produce Item #2873,Whole Foods & Produce,60.1,3.3,5.6,3.4,0.8,5.6,19.4,0.0,0,0,0,0,0,8.74,A
PROD_02874,Superfood Oil/Nut #2874,Superfoods & Healthy Oils,243.0,4.3,3.2,3.2,18.0,1.9,15.0,2.2,0,0,0,0,1,4.81,D
PROD_02875,Lean Protein #2875,Lean Proteins & Poultry,207.4,24.6,4.8,0.7,2.2,1.1,350.1,1.3,0,0,0,0,1,8.14,A
PROD_02876,Prepared Meal #2876,Fast Food & Prepared Meals,935.8,14.0,91.3,3.1,52.6,15.7,1651.8,15.0,1,1,0,0,0,1.19,E
PROD_02877,Dairy Product #2877,Dairy & Cheese,115.2,20.3,9.2,0.0,21.5,9.1,146.5,5.0,0,0,0,0,0,6.12,C
PROD_02878,Nutrition Shake/Supplement #2878,Dietary Supplements & Shakes,109.0,34.6,9.9,4.9,6.4,5.6,94.5,1.5,0,0,0,1,0,9.03,A
PROD_02879,Prepared Meal #2879,Fast Food & Prepared Meals,753.4,36.7,57.3,2.9,21.1,8.8,1127.6,15.7,0,1,0,1,0,2.62,E
PROD_02880,Condiment #2880,Condiments & Sauces,15.3,1.2,32.2,0.8,0.1,6.9,1306.9,0.1,1,0,0,0,1,1.0,E
PROD_02881,Lean Protein #2881,Lean Proteins & Poultry,205.0,22.3,3.7,0.4,11.2,0.6,239.3,2.7,0,0,0,0,0,8.77,A
PROD_02882,Superfood Oil/Nut #2882,Superfoods & Healthy Oils,181.2,5.9,0.5,0.5,17.3,0.5,24.3,3.2,0,0,0,0,1,5.99,C
PROD_02883,Nutrition Shake/Supplement #2883,Dietary Supplements & Shakes,264.8,22.4,20.6,6.3,3.0,10.9,98.4,2.1,0,0,1,0,0,6.5,B
PROD_02884,Dairy Product #2884,Dairy & Cheese,368.3,17.3,6.3,0.0,15.3,6.3,564.3,15.3,0,0,0,1,0,2.39,E
PROD_02885,Condiment #2885,Condiments & Sauces,43.7,1.6,20.0,0.5,11.0,20.0,625.3,1.4,1,0,0,0,0,1.0,E
PROD_02886,Processed Snack #2886,Processed Snacks & Sweets,205.9,4.1,69.6,2.4,29.6,16.6,294.6,7.6,1,1,0,1,0,1.17,E
PROD_02887,Grain/Legume #2887,Whole Grains & Legumes,339.7,8.9,30.2,6.4,4.2,3.7,30.2,0.4,0,0,0,0,0,6.52,B
PROD_02888,Processed Snack #2888,Processed Snacks & Sweets,522.7,1.1,48.3,1.3,20.6,12.3,612.2,7.1,0,0,0,0,0,5.06,C
PROD_02889,Processed Snack #2889,Processed Snacks & Sweets,321.7,5.1,50.9,0.8,26.6,30.1,541.6,11.4,0,1,0,1,0,1.0,E
PROD_02890,Grain/Legume #2890,Whole Grains & Legumes,308.5,9.9,32.4,9.4,1.5,2.6,136.7,0.5,0,0,0,0,0,8.0,A
PROD_02891,Beverage Item #2891,Beverages & Drinks,92.0,0.8,26.0,0.2,0.7,6.9,116.4,0.0,0,0,1,1,0,1.0,E
PROD_02892,Prepared Meal #2892,Fast Food & Prepared Meals,610.7,25.5,74.3,6.0,45.8,13.7,1490.2,10.7,0,1,0,0,1,4.02,D
PROD_02893,Condiment #2893,Condiments & Sauces,63.2,0.1,31.0,0.9,9.6,4.5,786.8,1.2,1,0,1,0,0,1.0,E
PROD_02894,Condiment #2894,Condiments & Sauces,114.1,0.3,5.9,1.0,15.3,2.8,327.2,1.7,1,0,0,1,0,1.33,E
PROD_02895,Superfood Oil/Nut #2895,Superfoods & Healthy Oils,203.1,5.0,6.5,5.0,21.4,0.8,10.9,1.6,0,0,0,0,1,6.05,C
PROD_02896,Fresh Produce Item #2896,Whole Foods & Produce,84.6,2.3,14.6,5.8,0.7,10.3,35.3,0.4,0,0,0,0,0,6.52,B
PROD_02897,Lean Protein #2897,Lean Proteins & Poultry,237.8,22.7,3.7,0.6,5.3,0.2,291.9,0.6,0,0,0,0,0,7.52,B
PROD_02898,Dairy Product #2898,Dairy & Cheese,173.9,11.6,7.7,0.0,13.6,7.7,96.1,2.1,0,0,0,0,0,7.24,B
PROD_02899,Grain/Legume #2899,Whole Grains & Legumes,346.5,9.8,49.2,7.4,3.1,3.1,40.7,0.3,0,0,0,0,0,7.11,B
PROD_02900,Superfood Oil/Nut #2900,Superfoods & Healthy Oils,135.3,6.8,2.3,2.3,23.8,0.1,34.7,2.3,0,0,0,0,1,6.26,C
PROD_02901,Fresh Produce Item #2901,Whole Foods & Produce,111.2,3.5,6.2,5.7,0.9,3.5,43.3,0.0,0,0,0,0,1,7.78,B
PROD_02902,Processed Snack #2902,Processed Snacks & Sweets,418.8,5.9,31.8,1.8,10.2,16.9,546.8,4.7,0,0,0,1,0,3.16,E
PROD_02903,Fresh Produce Item #2903,Whole Foods & Produce,107.0,0.5,5.1,5.1,1.9,5.1,16.3,0.1,0,0,0,0,0,8.34,A
PROD_02904,Processed Snack #2904,Processed Snacks & Sweets,240.4,1.8,55.6,0.8,12.4,19.7,438.6,2.9,0,0,1,0,0,2.38,E
PROD_02905,Lean Protein #2905,Lean Proteins & Poultry,140.4,29.4,1.5,0.8,8.7,1.5,203.5,2.3,0,0,0,0,0,7.86,B
PROD_02906,Grain/Legume #2906,Whole Grains & Legumes,278.6,7.4,52.7,7.6,3.3,1.3,146.6,0.2,0,0,0,0,0,5.92,C
PROD_02907,Nutrition Shake/Supplement #2907,Dietary Supplements & Shakes,313.4,19.8,8.5,4.2,6.3,7.4,206.4,2.0,0,0,0,0,0,7.43,B
PROD_02908,Dairy Product #2908,Dairy & Cheese,352.7,23.9,16.2,0.0,29.5,2.2,636.5,8.2,0,0,0,0,0,7.49,B
PROD_02909,Superfood Oil/Nut #2909,Superfoods & Healthy Oils,126.4,8.5,6.5,2.6,19.5,1.5,17.1,3.3,0,0,0,0,1,6.79,B
PROD_02910,Condiment #2910,Condiments & Sauces,130.6,0.6,28.9,0.4,6.6,11.6,447.7,2.6,1,0,0,0,0,1.0,E
PROD_02911,Condiment #2911,Condiments & Sauces,171.8,0.0,12.5,1.3,9.7,12.5,1224.0,1.3,1,0,0,1,0,1.0,E
PROD_02912,Prepared Meal #2912,Fast Food & Prepared Meals,723.6,34.8,41.2,2.6,27.2,9.5,682.0,16.2,0,0,0,0,0,5.48,C
PROD_02913,Superfood Oil/Nut #2913,Superfoods & Healthy Oils,257.3,4.1,6.2,1.3,22.6,1.0,8.2,1.4,0,0,0,0,1,5.63,C
PROD_02914,Lean Protein #2914,Lean Proteins & Poultry,229.7,29.7,4.2,0.0,5.3,0.1,417.7,1.9,0,0,0,0,0,7.57,B
PROD_02915,Lean Protein #2915,Lean Proteins & Poultry,234.8,34.6,3.6,0.4,6.7,1.5,341.1,1.8,0,0,0,0,0,8.57,A
PROD_02916,Lean Protein #2916,Lean Proteins & Poultry,219.8,22.9,2.6,1.0,5.3,0.6,290.5,1.2,0,0,0,0,0,8.73,A
PROD_02917,Beverage Item #2917,Beverages & Drinks,1.0,0.8,41.2,0.3,0.4,16.6,62.2,0.0,1,0,1,1,0,1.0,E
PROD_02918,Superfood Oil/Nut #2918,Superfoods & Healthy Oils,153.8,1.1,2.9,2.9,22.4,1.7,7.2,1.2,0,0,0,0,1,8.7,A
PROD_02919,Lean Protein #2919,Lean Proteins & Poultry,243.8,27.5,2.3,0.4,9.2,0.6,264.2,3.5,0,0,0,0,0,8.55,A
PROD_02920,Nutrition Shake/Supplement #2920,Dietary Supplements & Shakes,167.3,18.1,9.4,3.8,6.7,9.4,292.8,1.0,0,0,0,1,0,8.25,A
PROD_02921,Dairy Product #2921,Dairy & Cheese,260.2,20.5,7.6,0.0,7.3,3.3,108.6,7.3,0,0,0,0,0,6.01,C
PROD_02922,Grain/Legume #2922,Whole Grains & Legumes,149.6,16.7,25.1,10.7,2.3,2.4,89.6,0.7,0,0,0,0,1,10.0,A
PROD_02923,Grain/Legume #2923,Whole Grains & Legumes,312.7,11.3,31.8,15.5,2.1,4.1,42.8,0.5,0,0,0,0,0,9.29,A
PROD_02924,Nutrition Shake/Supplement #2924,Dietary Supplements & Shakes,282.7,20.9,11.2,5.9,8.6,0.7,128.2,2.0,0,0,1,1,0,5.05,C
PROD_02925,Superfood Oil/Nut #2925,Superfoods & Healthy Oils,199.3,4.2,1.7,1.7,27.7,1.4,15.0,2.8,0,0,0,0,1,5.22,C
PROD_02926,Processed Snack #2926,Processed Snacks & Sweets,358.7,3.6,61.3,2.5,22.5,44.3,682.9,9.9,0,1,0,1,0,1.0,E
PROD_02927,Grain/Legume #2927,Whole Grains & Legumes,156.3,17.3,62.7,7.8,3.8,1.4,81.6,0.4,0,0,0,0,0,6.63,B
PROD_02928,Grain/Legume #2928,Whole Grains & Legumes,321.9,9.4,34.8,10.5,1.3,2.2,74.4,0.3,0,0,0,0,0,7.54,B
PROD_02929,Fresh Produce Item #2929,Whole Foods & Produce,79.3,3.2,14.7,4.0,0.4,2.3,35.5,0.0,0,0,0,0,0,6.4,C
PROD_02930,Grain/Legume #2930,Whole Grains & Legumes,321.4,14.1,26.8,15.6,4.7,1.1,27.0,0.6,0,0,0,0,0,8.39,A
PROD_02931,Dairy Product #2931,Dairy & Cheese,123.6,15.7,7.4,0.0,13.2,7.4,580.2,11.5,0,0,0,0,0,3.66,D
PROD_02932,Condiment #2932,Condiments & Sauces,106.5,1.9,31.0,0.2,1.0,24.6,935.6,0.9,0,0,0,0,0,1.0,E
PROD_02933,Superfood Oil/Nut #2933,Superfoods & Healthy Oils,253.5,7.4,1.7,0.9,22.9,1.1,27.9,3.3,0,0,0,0,1,5.85,C
PROD_02934,Condiment #2934,Condiments & Sauces,144.4,1.4,24.1,0.2,17.9,5.3,915.4,0.7,1,0,0,1,1,1.0,E
PROD_02935,Nutrition Shake/Supplement #2935,Dietary Supplements & Shakes,268.6,23.9,18.2,1.5,4.2,6.0,284.6,1.2,0,0,0,0,0,6.28,C
PROD_02936,Grain/Legume #2936,Whole Grains & Legumes,314.2,7.8,38.6,12.4,4.0,4.0,132.4,0.6,0,0,0,0,0,7.07,B
PROD_02937,Beverage Item #2937,Beverages & Drinks,179.1,1.4,55.5,0.1,0.3,19.0,35.5,0.0,1,0,0,0,0,1.15,E
PROD_02938,Fresh Produce Item #2938,Whole Foods & Produce,93.1,1.1,12.4,2.3,1.3,7.8,30.8,0.5,0,0,0,0,0,6.15,C
PROD_02939,Lean Protein #2939,Lean Proteins & Poultry,113.3,32.8,1.9,0.3,8.2,0.7,210.9,0.6,0,0,0,0,0,8.9,A
PROD_02940,Condiment #2940,Condiments & Sauces,18.5,1.8,5.7,0.1,3.9,5.7,594.4,1.3,1,0,1,1,0,1.0,E
PROD_02941,Superfood Oil/Nut #2941,Superfoods & Healthy Oils,185.5,6.7,2.1,1.6,26.1,0.8,29.5,1.3,0,0,0,0,1,6.07,C
PROD_02942,Dairy Product #2942,Dairy & Cheese,114.9,17.3,13.8,0.0,4.6,5.9,441.6,4.6,0,0,0,1,0,4.79,D
PROD_02943,Prepared Meal #2943,Fast Food & Prepared Meals,787.5,21.8,35.3,3.0,49.8,21.1,1206.7,8.3,0,1,0,1,0,1.9,E
PROD_02944,Lean Protein #2944,Lean Proteins & Poultry,188.2,39.4,1.1,0.3,2.0,1.1,244.8,0.7,0,0,0,0,0,9.26,A
PROD_02945,Lean Protein #2945,Lean Proteins & Poultry,176.9,24.5,1.4,0.4,5.3,0.7,102.7,3.2,0,0,0,0,1,8.63,A
PROD_02946,Beverage Item #2946,Beverages & Drinks,42.3,1.6,51.1,0.1,0.7,33.8,92.0,0.0,0,0,0,0,0,1.0,E
PROD_02947,Processed Snack #2947,Processed Snacks & Sweets,345.1,5.4,54.9,2.4,20.9,13.3,288.5,3.2,1,1,0,1,0,1.0,E
PROD_02948,Superfood Oil/Nut #2948,Superfoods & Healthy Oils,277.8,8.3,4.8,3.3,19.6,0.8,17.6,3.7,0,0,0,0,1,6.21,C
PROD_02949,Processed Snack #2949,Processed Snacks & Sweets,395.6,2.1,54.3,1.8,18.5,27.2,222.0,4.2,1,1,0,1,0,1.0,E
PROD_02950,Condiment #2950,Condiments & Sauces,156.3,1.2,13.3,0.8,4.7,13.3,289.6,2.7,1,0,0,0,0,2.41,E
PROD_02951,Beverage Item #2951,Beverages & Drinks,188.0,0.1,37.6,0.4,0.5,5.8,36.9,0.0,0,0,0,1,0,1.0,E
PROD_02952,Fresh Produce Item #2952,Whole Foods & Produce,68.8,3.3,18.9,2.3,1.1,14.9,18.9,0.2,0,0,0,0,0,3.62,D
PROD_02953,Condiment #2953,Condiments & Sauces,70.4,1.4,18.5,1.4,3.8,10.8,595.8,0.7,0,0,0,1,1,1.0,E
PROD_02954,Condiment #2954,Condiments & Sauces,19.7,1.6,34.0,1.2,9.3,23.3,1229.5,1.6,0,1,1,1,1,1.0,E
PROD_02955,Fresh Produce Item #2955,Whole Foods & Produce,31.1,1.1,20.4,6.6,0.4,2.4,35.8,0.4,0,0,0,0,0,5.13,C
PROD_02956,Processed Snack #2956,Processed Snacks & Sweets,300.6,3.4,74.0,2.9,8.1,29.6,369.0,5.3,0,0,0,1,0,1.03,E
PROD_02957,Dairy Product #2957,Dairy & Cheese,249.6,7.9,11.1,0.0,3.4,11.1,601.7,3.4,0,0,0,0,0,4.52,D
PROD_02958,Superfood Oil/Nut #2958,Superfoods & Healthy Oils,184.9,8.6,2.1,2.1,27.1,1.0,43.2,1.2,0,0,0,0,1,5.87,C
PROD_02959,Condiment #2959,Condiments & Sauces,94.4,1.0,33.3,1.4,16.4,24.9,245.1,1.2,0,0,0,0,1,5.27,C
PROD_02960,Condiment #2960,Condiments & Sauces,134.1,1.9,10.7,1.1,11.6,10.7,714.7,2.8,1,1,0,1,0,1.0,E
PROD_02961,Dairy Product #2961,Dairy & Cheese,395.5,22.9,12.8,0.0,10.6,5.7,578.2,10.6,0,0,0,1,0,4.47,D
PROD_02962,Condiment #2962,Condiments & Sauces,130.6,0.2,22.5,1.3,12.6,14.8,574.2,2.7,1,0,0,0,0,1.84,E
PROD_02963,Fresh Produce Item #2963,Whole Foods & Produce,103.0,0.7,5.1,2.7,1.8,5.1,31.7,0.4,0,0,0,0,1,6.55,B
PROD_02964,Nutrition Shake/Supplement #2964,Dietary Supplements & Shakes,149.9,30.9,10.0,4.5,5.7,0.9,120.0,1.9,0,0,0,1,0,8.06,A
PROD_02965,Dairy Product #2965,Dairy & Cheese,385.0,22.5,3.0,0.0,7.8,3.0,181.8,7.8,0,0,0,1,0,5.38,C
PROD_02966,Lean Protein #2966,Lean Proteins & Poultry,150.2,23.6,3.4,0.5,4.0,0.3,282.2,2.7,0,0,0,0,0,8.67,A
PROD_02967,Condiment #2967,Condiments & Sauces,90.9,0.4,7.3,0.5,10.3,7.3,916.2,2.1,0,0,0,1,0,1.98,E
PROD_02968,Lean Protein #2968,Lean Proteins & Poultry,175.0,24.4,1.1,0.4,9.5,1.1,216.0,0.9,0,0,0,0,0,8.46,A
PROD_02969,Dairy Product #2969,Dairy & Cheese,130.4,18.0,10.4,0.0,19.4,10.4,57.5,17.6,0,0,0,0,0,5.78,C
PROD_02970,Prepared Meal #2970,Fast Food & Prepared Meals,479.7,27.0,45.7,2.1,40.8,21.1,1244.5,15.1,1,0,0,0,1,3.11,E
PROD_02971,Grain/Legume #2971,Whole Grains & Legumes,301.9,11.3,41.2,15.1,5.0,3.9,159.6,0.4,0,0,0,0,0,7.6,B
PROD_02972,Prepared Meal #2972,Fast Food & Prepared Meals,562.1,15.7,81.5,2.6,16.8,11.8,978.5,6.5,1,0,0,1,1,1.05,E
PROD_02973,Lean Protein #2973,Lean Proteins & Poultry,155.8,24.6,4.9,0.1,4.4,1.5,296.9,2.6,0,0,0,0,0,7.82,B
PROD_02974,Beverage Item #2974,Beverages & Drinks,32.4,1.0,36.8,0.1,0.1,10.7,56.3,0.0,0,0,0,0,0,2.95,E
PROD_02975,Processed Snack #2975,Processed Snacks & Sweets,315.8,5.3,60.5,1.2,28.7,14.1,356.7,6.3,0,1,0,0,0,3.81,D
PROD_02976,Dairy Product #2976,Dairy & Cheese,284.9,20.6,6.6,0.0,22.9,4.8,501.6,17.5,0,0,0,0,0,4.26,D
PROD_02977,Beverage Item #2977,Beverages & Drinks,47.9,1.2,15.8,0.1,0.0,15.8,116.9,0.0,0,0,0,1,0,1.0,E
PROD_02978,Grain/Legume #2978,Whole Grains & Legumes,165.9,15.4,63.2,13.4,4.9,3.2,186.2,0.8,0,0,0,0,0,7.46,B
PROD_02979,Prepared Meal #2979,Fast Food & Prepared Meals,839.3,17.1,36.6,3.8,27.0,4.8,1773.4,13.3,0,0,0,0,0,4.22,D
PROD_02980,Superfood Oil/Nut #2980,Superfoods & Healthy Oils,270.5,3.3,4.8,0.8,24.5,0.4,40.5,2.2,0,0,0,0,1,4.53,D
PROD_02981,Dairy Product #2981,Dairy & Cheese,166.3,22.8,14.2,0.0,13.3,10.2,118.7,4.7,0,0,0,0,0,7.57,B
PROD_02982,Superfood Oil/Nut #2982,Superfoods & Healthy Oils,182.0,5.3,7.1,2.3,18.0,1.5,43.9,3.2,0,0,0,0,1,6.14,C
PROD_02983,Lean Protein #2983,Lean Proteins & Poultry,175.1,25.3,1.6,0.5,3.8,1.0,307.3,3.1,0,0,0,0,0,7.41,B
PROD_02984,Superfood Oil/Nut #2984,Superfoods & Healthy Oils,160.2,8.1,6.5,0.8,24.9,1.9,31.9,1.8,0,0,0,0,1,5.42,C
PROD_02985,Processed Snack #2985,Processed Snacks & Sweets,436.6,3.7,71.8,2.0,12.7,35.9,345.6,5.1,1,1,0,1,0,1.0,E
PROD_02986,Superfood Oil/Nut #2986,Superfoods & Healthy Oils,169.8,2.6,2.8,0.9,15.4,0.2,4.2,3.7,0,0,0,0,1,5.29,C
PROD_02987,Grain/Legume #2987,Whole Grains & Legumes,312.2,8.8,54.0,11.5,1.2,4.5,199.6,0.8,0,0,0,0,0,6.66,B
PROD_02988,Grain/Legume #2988,Whole Grains & Legumes,139.5,9.8,40.9,6.0,3.2,3.1,151.5,1.0,0,0,0,0,0,6.05,C
PROD_02989,Processed Snack #2989,Processed Snacks & Sweets,410.7,5.0,50.4,0.9,12.1,41.7,303.6,9.4,1,0,1,1,0,1.0,E
PROD_02990,Lean Protein #2990,Lean Proteins & Poultry,190.3,28.1,3.4,0.5,8.9,0.9,400.6,1.6,0,0,0,0,0,6.8,B
PROD_02991,Fresh Produce Item #2991,Whole Foods & Produce,73.4,2.3,20.9,5.5,1.8,10.0,6.0,0.4,0,0,0,0,0,4.3,D
PROD_02992,Superfood Oil/Nut #2992,Superfoods & Healthy Oils,260.7,2.3,2.1,0.7,11.9,0.6,50.0,1.3,0,0,0,0,1,8.52,A
PROD_02993,Beverage Item #2993,Beverages & Drinks,65.2,1.2,44.7,0.4,0.0,35.9,79.4,0.0,0,0,0,0,0,1.0,E
PROD_02994,Lean Protein #2994,Lean Proteins & Poultry,221.2,33.9,1.4,0.3,4.0,1.4,209.7,1.5,0,0,0,0,0,8.76,A
PROD_02995,Processed Snack #2995,Processed Snacks & Sweets,411.5,4.6,41.0,1.4,10.3,41.0,205.8,4.1,0,0,0,0,0,5.39,C
PROD_02996,Beverage Item #2996,Beverages & Drinks,130.9,0.2,48.0,0.5,0.4,40.7,70.4,0.0,1,0,1,1,0,1.0,E
PROD_02997,Lean Protein #2997,Lean Proteins & Poultry,212.1,23.4,0.3,0.3,11.0,0.3,380.1,2.3,0,0,0,0,0,7.81,B
PROD_02998,Superfood Oil/Nut #2998,Superfoods & Healthy Oils,133.0,9.0,1.4,0.2,17.4,0.2,48.9,2.1,0,0,0,0,1,6.0,C
PROD_02999,Dairy Product #2999,Dairy & Cheese,136.5,8.6,12.4,0.0,29.4,3.6,399.4,3.4,0,0,0,0,0,4.88,D
PROD_03000,Condiment #3000,Condiments & Sauces,149.3,1.5,22.1,0.4,3.1,2.4,254.7,0.6,1,0,0,0,0,1.25,E
PROD_03001,Superfood Oil/Nut #3001,Superfoods & Healthy Oils,245.1,2.0,3.3,1.0,25.5,0.3,21.9,1.2,0,0,0,0,1,8.39,A
PROD_03002,Dairy Product #3002,Dairy & Cheese,112.5,15.8,11.0,0.0,30.9,2.5,602.9,10.2,0,0,0,0,0,5.29,C
PROD_03003,Grain/Legume #3003,Whole Grains & Legumes,267.9,11.7,52.6,12.6,2.9,2.3,17.3,0.6,0,0,0,0,0,6.95,B
PROD_03004,Lean Protein #3004,Lean Proteins & Poultry,152.0,33.2,3.2,0.2,2.1,1.7,264.2,2.1,0,0,0,0,0,8.06,A
PROD_03005,Condiment #3005,Condiments & Sauces,39.0,1.2,17.5,1.3,9.4,17.5,623.9,2.9,0,0,0,1,0,1.0,E
PROD_03006,Nutrition Shake/Supplement #3006,Dietary Supplements & Shakes,276.9,37.8,19.8,8.0,2.6,5.0,239.2,1.7,0,0,1,0,0,8.52,A
PROD_03007,Lean Protein #3007,Lean Proteins & Poultry,244.6,22.5,0.9,0.7,6.8,0.9,395.4,1.3,0,0,0,0,0,6.56,B
PROD_03008,Condiment #3008,Condiments & Sauces,23.6,1.1,33.6,0.0,4.3,9.5,1119.0,1.0,1,0,1,1,0,1.0,E
PROD_03009,Grain/Legume #3009,Whole Grains & Legumes,134.9,11.9,34.0,11.4,4.3,2.8,130.8,0.7,0,0,0,0,0,7.78,B
PROD_03010,Nutrition Shake/Supplement #3010,Dietary Supplements & Shakes,266.4,35.5,5.3,5.3,8.3,3.2,291.2,1.3,0,0,1,0,0,7.98,B
PROD_03011,Dairy Product #3011,Dairy & Cheese,97.5,20.5,7.4,0.0,17.1,7.4,428.6,9.8,0,0,0,0,0,5.55,C
PROD_03012,Grain/Legume #3012,Whole Grains & Legumes,241.9,9.8,63.8,13.8,2.5,1.3,157.0,1.0,0,0,0,0,0,5.68,C
PROD_03013,Beverage Item #3013,Beverages & Drinks,174.7,0.5,2.0,0.2,0.4,2.0,45.3,0.0,0,0,1,0,0,5.4,C
PROD_03014,Fresh Produce Item #3014,Whole Foods & Produce,40.1,1.0,16.1,2.3,0.8,7.2,13.8,0.2,0,0,0,0,0,3.49,E
PROD_03015,Beverage Item #3015,Beverages & Drinks,48.2,0.5,39.6,0.1,0.2,29.0,14.8,0.0,1,0,0,0,0,1.0,E
PROD_03016,Prepared Meal #3016,Fast Food & Prepared Meals,365.5,27.1,70.8,5.0,53.0,10.4,1041.1,13.4,0,0,0,0,0,5.55,C
PROD_03017,Lean Protein #3017,Lean Proteins & Poultry,162.8,20.3,0.9,0.6,10.8,0.9,315.7,0.8,0,0,0,0,0,8.42,A
PROD_03018,Beverage Item #3018,Beverages & Drinks,167.0,1.9,32.1,0.2,1.0,29.6,11.7,0.0,1,0,1,0,0,1.0,E
PROD_03019,Prepared Meal #3019,Fast Food & Prepared Meals,538.7,32.4,64.8,2.4,44.6,6.4,690.5,14.6,0,0,0,1,0,4.77,D
PROD_03020,Processed Snack #3020,Processed Snacks & Sweets,402.9,1.5,62.0,2.2,14.9,36.3,507.8,7.8,1,1,0,0,0,1.18,E
PROD_03021,Nutrition Shake/Supplement #3021,Dietary Supplements & Shakes,142.3,40.0,3.9,3.9,3.1,3.9,258.6,2.0,0,0,1,1,0,7.13,B
PROD_03022,Beverage Item #3022,Beverages & Drinks,143.3,1.0,18.7,0.0,0.8,15.2,46.3,0.0,0,0,1,0,0,1.0,E
PROD_03023,Condiment #3023,Condiments & Sauces,170.0,0.9,5.4,1.0,16.1,5.4,1029.6,2.9,1,0,0,0,0,1.95,E
PROD_03024,Fresh Produce Item #3024,Whole Foods & Produce,89.2,2.4,5.1,5.1,0.8,5.1,40.2,0.1,0,0,0,0,1,8.0,A
PROD_03025,Dairy Product #3025,Dairy & Cheese,241.8,12.6,15.1,0.0,3.8,4.8,134.7,3.8,0,0,0,1,0,4.94,D
PROD_03026,Prepared Meal #3026,Fast Food & Prepared Meals,840.1,22.7,69.3,1.6,46.5,9.2,1386.1,14.6,1,1,0,0,0,2.53,E
PROD_03027,Grain/Legume #3027,Whole Grains & Legumes,304.6,12.1,39.6,9.9,4.6,1.3,162.3,0.2,0,0,0,0,0,7.46,B
PROD_03028,Dairy Product #3028,Dairy & Cheese,181.8,20.2,10.2,0.0,30.5,4.0,166.5,6.8,1,0,0,0,0,5.5,C
PROD_03029,Dairy Product #3029,Dairy & Cheese,248.4,8.5,5.2,0.0,7.1,5.2,362.4,7.1,0,0,0,0,0,5.35,C
PROD_03030,Beverage Item #3030,Beverages & Drinks,111.8,1.7,33.3,0.4,0.4,33.3,83.4,0.0,0,0,0,0,0,1.0,E
PROD_03031,Beverage Item #3031,Beverages & Drinks,200.6,0.8,46.0,0.5,0.5,28.9,46.3,0.0,1,0,0,1,0,1.0,E
PROD_03032,Superfood Oil/Nut #3032,Superfoods & Healthy Oils,226.7,2.4,6.2,1.2,15.2,0.7,7.6,2.3,0,0,0,0,1,4.55,D
PROD_03033,Prepared Meal #3033,Fast Food & Prepared Meals,754.7,24.5,43.1,5.0,15.3,21.9,1568.4,13.4,0,0,0,1,0,3.41,E
PROD_03034,Fresh Produce Item #3034,Whole Foods & Produce,66.9,1.5,15.0,3.0,0.6,11.3,11.2,0.5,0,0,0,0,0,3.01,E
PROD_03035,Dairy Product #3035,Dairy & Cheese,96.4,12.5,12.2,0.0,26.6,12.2,495.2,9.3,0,0,0,0,0,6.01,C
PROD_03036,Beverage Item #3036,Beverages & Drinks,118.3,1.8,10.1,0.5,0.7,5.4,69.0,0.0,0,0,0,1,0,3.54,D
PROD_03037,Nutrition Shake/Supplement #3037,Dietary Supplements & Shakes,176.3,25.3,21.2,2.6,2.1,7.4,256.2,1.1,0,0,0,0,0,8.09,A
PROD_03038,Superfood Oil/Nut #3038,Superfoods & Healthy Oils,266.3,8.3,6.2,2.9,20.1,0.0,36.1,1.7,0,0,0,0,1,6.03,C
PROD_03039,Prepared Meal #3039,Fast Food & Prepared Meals,808.0,13.7,59.8,2.8,16.9,11.4,1281.8,6.5,0,0,0,0,0,4.77,D
PROD_03040,Grain/Legume #3040,Whole Grains & Legumes,318.6,16.1,57.5,10.0,4.6,2.2,84.6,0.4,0,0,0,0,0,8.28,A
PROD_03041,Grain/Legume #3041,Whole Grains & Legumes,192.7,14.2,28.1,9.5,2.9,3.9,178.9,0.5,0,0,0,0,0,8.53,A
PROD_03042,Processed Snack #3042,Processed Snacks & Sweets,490.3,3.3,41.8,0.7,22.1,13.4,664.2,9.8,1,0,0,0,0,3.91,D
PROD_03043,Superfood Oil/Nut #3043,Superfoods & Healthy Oils,246.7,2.1,2.7,2.7,19.3,0.8,45.3,1.3,0,0,0,0,1,9.25,A
PROD_03044,Fresh Produce Item #3044,Whole Foods & Produce,51.1,1.2,8.0,5.1,1.8,8.0,44.3,0.5,0,0,0,0,0,5.37,C
PROD_03045,Dairy Product #3045,Dairy & Cheese,233.9,13.0,5.3,0.0,15.7,5.3,533.2,15.7,0,0,0,1,0,2.63,E
PROD_03046,Beverage Item #3046,Beverages & Drinks,22.7,1.3,35.0,0.1,0.3,35.0,97.2,0.0,1,0,1,1,0,1.0,E
PROD_03047,Processed Snack #3047,Processed Snacks & Sweets,209.7,3.6,45.2,2.9,11.8,38.2,355.4,4.6,0,0,0,0,0,2.92,E
PROD_03048,Lean Protein #3048,Lean Proteins & Poultry,242.3,33.8,3.2,0.0,11.6,1.1,275.3,3.3,0,0,0,0,0,8.95,A
PROD_03049,Fresh Produce Item #3049,Whole Foods & Produce,70.2,2.0,22.1,6.1,1.1,12.8,41.2,0.0,0,0,0,0,0,3.48,E
PROD_03050,Superfood Oil/Nut #3050,Superfoods & Healthy Oils,267.4,7.5,1.8,1.8,27.2,0.3,48.9,1.1,0,0,0,0,1,5.95,C
PROD_03051,Grain/Legume #3051,Whole Grains & Legumes,180.5,15.9,34.9,5.6,3.3,1.9,143.9,0.3,0,0,0,0,0,6.82,B
PROD_03052,Condiment #3052,Condiments & Sauces,16.4,1.4,8.4,0.7,3.8,1.6,779.9,1.3,1,0,0,1,0,1.0,E
PROD_03053,Superfood Oil/Nut #3053,Superfoods & Healthy Oils,261.2,4.1,4.7,1.4,25.9,0.9,26.8,3.6,0,0,0,0,1,4.78,D
PROD_03054,Nutrition Shake/Supplement #3054,Dietary Supplements & Shakes,169.1,24.0,24.9,4.9,8.1,5.4,266.8,1.1,0,0,0,0,0,8.36,A
PROD_03055,Fresh Produce Item #3055,Whole Foods & Produce,107.3,3.7,15.4,7.5,1.0,3.4,5.8,0.1,0,0,0,0,0,8.39,A
PROD_03056,Condiment #3056,Condiments & Sauces,38.1,0.4,30.0,0.2,12.0,12.3,1361.9,0.2,0,0,1,1,0,1.0,E
PROD_03057,Fresh Produce Item #3057,Whole Foods & Produce,79.6,3.9,20.7,6.3,1.7,9.9,5.5,0.2,0,0,0,0,0,5.1,C
PROD_03058,Grain/Legume #3058,Whole Grains & Legumes,135.2,7.7,59.3,13.3,4.2,1.7,51.0,0.2,0,0,0,0,0,5.11,C
PROD_03059,Grain/Legume #3059,Whole Grains & Legumes,163.7,9.0,45.1,8.9,1.5,1.8,195.2,0.5,0,0,0,0,0,5.69,C
PROD_03060,Grain/Legume #3060,Whole Grains & Legumes,301.0,14.7,63.3,9.5,3.9,1.4,140.9,0.2,0,0,0,0,1,6.93,B
PROD_03061,Nutrition Shake/Supplement #3061,Dietary Supplements & Shakes,102.7,28.9,14.5,5.4,2.3,2.6,234.0,1.8,1,0,0,0,0,9.45,A
PROD_03062,Beverage Item #3062,Beverages & Drinks,55.8,0.8,4.4,0.2,0.4,4.4,37.9,0.0,0,0,1,0,0,3.25,E
PROD_03063,Processed Snack #3063,Processed Snacks & Sweets,221.3,1.4,54.5,1.2,21.7,31.7,695.1,5.2,0,0,0,0,0,2.84,E
PROD_03064,Condiment #3064,Condiments & Sauces,158.3,0.6,34.5,1.3,7.3,7.1,285.8,0.7,0,0,1,1,0,1.0,E
PROD_03065,Dairy Product #3065,Dairy & Cheese,289.7,17.7,8.0,0.0,5.5,2.3,301.2,5.5,0,0,0,0,0,6.45,C
PROD_03066,Prepared Meal #3066,Fast Food & Prepared Meals,417.8,20.3,35.8,2.5,46.3,8.2,599.5,17.3,0,1,0,1,0,2.22,E
PROD_03067,Lean Protein #3067,Lean Proteins & Poultry,199.7,35.1,2.0,0.2,5.4,1.0,63.9,1.9,0,0,0,0,0,8.89,A
PROD_03068,Fresh Produce Item #3068,Whole Foods & Produce,29.3,2.5,14.7,6.0,1.1,7.2,38.2,0.0,0,0,0,0,0,5.39,C
PROD_03069,Dairy Product #3069,Dairy & Cheese,192.4,22.3,11.5,0.0,23.1,11.5,119.4,18.1,0,0,0,0,0,5.78,C
PROD_03070,Superfood Oil/Nut #3070,Superfoods & Healthy Oils,195.4,7.4,3.6,2.8,15.8,0.3,37.3,1.0,0,0,0,0,1,6.4,C
PROD_03071,Dairy Product #3071,Dairy & Cheese,163.5,23.0,13.0,0.0,24.6,7.7,406.1,10.5,0,0,1,0,0,5.37,C
PROD_03072,Beverage Item #3072,Beverages & Drinks,209.6,0.4,59.1,0.4,0.2,46.2,64.9,0.0,1,0,1,1,0,1.0,E
PROD_03073,Prepared Meal #3073,Fast Food & Prepared Meals,655.2,37.0,47.0,3.1,46.0,18.1,1438.4,16.0,0,0,0,0,0,6.8,B
PROD_03074,Fresh Produce Item #3074,Whole Foods & Produce,85.9,3.1,6.0,4.3,1.9,5.4,29.4,0.1,0,0,0,0,0,7.53,B
PROD_03075,Nutrition Shake/Supplement #3075,Dietary Supplements & Shakes,128.8,39.0,19.7,1.7,6.5,7.5,264.0,1.4,0,0,0,0,0,8.34,A
PROD_03076,Beverage Item #3076,Beverages & Drinks,114.2,0.6,49.9,0.4,0.4,20.6,77.4,0.0,1,0,0,0,0,1.0,E
PROD_03077,Dairy Product #3077,Dairy & Cheese,236.3,18.6,15.4,0.0,18.7,14.4,300.0,7.4,0,0,0,0,0,6.43,C
PROD_03078,Condiment #3078,Condiments & Sauces,149.4,1.4,27.5,0.2,4.0,16.5,1228.6,2.7,0,1,0,0,1,1.0,E
PROD_03079,Condiment #3079,Condiments & Sauces,142.5,0.8,9.9,1.3,17.4,9.9,896.1,0.7,0,0,0,1,0,1.97,E
PROD_03080,Processed Snack #3080,Processed Snacks & Sweets,356.8,5.8,51.0,0.7,20.1,14.9,211.8,10.6,1,0,0,1,0,1.12,E
PROD_03081,Dairy Product #3081,Dairy & Cheese,102.1,12.6,10.4,0.0,9.6,10.4,71.6,9.6,0,0,0,0,0,5.65,C
PROD_03082,Processed Snack #3082,Processed Snacks & Sweets,265.1,1.3,44.1,2.5,17.2,20.3,163.5,7.2,0,1,0,1,0,1.04,E
PROD_03083,Lean Protein #3083,Lean Proteins & Poultry,220.2,38.7,3.2,0.3,3.3,0.4,52.5,2.5,0,0,0,0,0,8.85,A
PROD_03084,Beverage Item #3084,Beverages & Drinks,65.1,0.9,45.1,0.3,0.8,28.6,45.1,0.0,0,0,1,1,0,1.0,E
PROD_03085,Nutrition Shake/Supplement #3085,Dietary Supplements & Shakes,230.9,15.3,4.5,4.5,4.8,4.5,93.7,0.8,0,0,0,0,0,8.13,A
PROD_03086,Dairy Product #3086,Dairy & Cheese,334.9,6.1,9.2,0.0,28.3,6.7,483.2,13.2,0,0,0,1,0,1.94,E
PROD_03087,Lean Protein #3087,Lean Proteins & Poultry,248.7,43.9,4.0,0.5,8.6,1.5,53.4,0.8,0,0,0,0,0,8.41,A
PROD_03088,Dairy Product #3088,Dairy & Cheese,278.9,22.6,17.0,0.0,31.8,12.7,85.8,16.8,0,0,0,1,0,4.77,D
PROD_03089,Lean Protein #3089,Lean Proteins & Poultry,123.2,22.6,0.7,0.6,2.6,0.7,285.3,2.6,0,0,0,0,0,7.94,B
PROD_03090,Prepared Meal #3090,Fast Food & Prepared Meals,871.1,21.3,43.5,3.7,54.4,7.7,1060.2,7.8,0,0,0,0,1,5.51,C
PROD_03091,Condiment #3091,Condiments & Sauces,124.1,1.9,8.1,0.8,8.1,8.1,212.7,3.0,1,0,0,0,0,2.43,E
PROD_03092,Lean Protein #3092,Lean Proteins & Poultry,120.6,40.2,1.4,0.8,7.9,0.7,287.7,2.4,0,0,0,0,0,9.47,A
PROD_03093,Beverage Item #3093,Beverages & Drinks,14.7,0.8,13.7,0.4,0.1,13.7,86.5,0.0,0,0,1,0,0,1.0,E
PROD_03094,Grain/Legume #3094,Whole Grains & Legumes,177.7,13.0,45.2,8.9,1.4,1.6,40.9,0.8,0,0,0,0,0,7.82,B
PROD_03095,Superfood Oil/Nut #3095,Superfoods & Healthy Oils,193.2,2.7,1.3,0.8,27.9,1.3,31.3,1.6,0,0,0,0,1,8.07,A
PROD_03096,Condiment #3096,Condiments & Sauces,61.4,1.9,34.4,0.3,16.1,24.8,247.7,2.0,1,0,0,0,0,3.03,E
PROD_03097,Nutrition Shake/Supplement #3097,Dietary Supplements & Shakes,209.9,17.1,14.3,1.9,5.4,3.3,93.3,1.1,1,0,1,0,0,3.9,D
PROD_03098,Superfood Oil/Nut #3098,Superfoods & Healthy Oils,148.5,4.5,6.8,0.4,26.6,1.7,42.8,1.6,0,0,0,0,1,4.33,D
PROD_03099,Prepared Meal #3099,Fast Food & Prepared Meals,719.7,14.6,68.4,5.3,52.4,9.0,839.8,7.8,1,0,0,0,0,3.4,E
PROD_03100,Superfood Oil/Nut #3100,Superfoods & Healthy Oils,242.6,8.2,7.0,2.3,26.3,0.9,45.1,3.3,0,0,0,0,1,6.26,C
PROD_03101,Prepared Meal #3101,Fast Food & Prepared Meals,495.5,35.6,71.9,4.5,18.5,5.2,1757.3,8.7,0,0,0,0,0,5.44,C
PROD_03102,Fresh Produce Item #3102,Whole Foods & Produce,107.5,3.0,10.9,7.7,1.8,5.1,27.0,0.0,0,0,0,0,0,7.71,B
PROD_03103,Nutrition Shake/Supplement #3103,Dietary Supplements & Shakes,235.8,20.4,15.0,3.0,5.8,1.9,119.6,2.1,0,0,0,0,0,6.98,B
PROD_03104,Beverage Item #3104,Beverages & Drinks,226.6,0.6,4.3,0.1,0.1,4.3,55.8,0.0,0,0,1,1,0,1.25,E
PROD_03105,Nutrition Shake/Supplement #3105,Dietary Supplements & Shakes,264.0,35.4,4.4,4.4,3.7,2.5,165.5,0.9,0,0,0,0,0,9.19,A
PROD_03106,Fresh Produce Item #3106,Whole Foods & Produce,103.6,1.6,14.7,3.6,0.5,2.0,48.4,0.2,0,0,0,0,1,7.03,B
PROD_03107,Beverage Item #3107,Beverages & Drinks,69.2,0.0,22.5,0.0,0.0,22.5,109.8,0.0,1,0,0,1,0,1.0,E
PROD_03108,Nutrition Shake/Supplement #3108,Dietary Supplements & Shakes,276.0,20.2,19.6,4.5,2.1,11.7,270.3,1.0,0,0,0,0,0,8.18,A
PROD_03109,Lean Protein #3109,Lean Proteins & Poultry,245.0,42.1,2.1,0.3,2.8,0.1,169.0,2.8,0,0,0,0,0,8.82,A
PROD_03110,Nutrition Shake/Supplement #3110,Dietary Supplements & Shakes,210.5,16.3,7.6,6.8,5.1,3.2,160.7,1.1,0,0,1,1,0,6.38,C
PROD_03111,Processed Snack #3111,Processed Snacks & Sweets,294.7,1.5,38.7,3.0,17.1,38.7,255.9,4.4,0,1,0,1,0,1.0,E
PROD_03112,Nutrition Shake/Supplement #3112,Dietary Supplements & Shakes,295.7,27.9,19.6,7.8,6.2,8.5,333.0,1.5,0,0,0,1,0,6.96,B
PROD_03113,Nutrition Shake/Supplement #3113,Dietary Supplements & Shakes,311.6,33.2,21.3,4.6,3.4,8.5,327.0,2.2,0,0,1,0,0,6.54,B
PROD_03114,Dairy Product #3114,Dairy & Cheese,300.4,6.4,8.2,0.0,15.1,3.6,46.0,3.2,0,0,0,1,0,3.61,D
PROD_03115,Superfood Oil/Nut #3115,Superfoods & Healthy Oils,232.7,8.4,6.6,3.6,17.0,1.4,40.1,3.3,0,0,0,0,1,6.89,B
PROD_03116,Lean Protein #3116,Lean Proteins & Poultry,173.0,44.3,4.7,0.6,6.1,1.5,255.2,3.5,0,0,0,0,0,9.04,A
PROD_03117,Beverage Item #3117,Beverages & Drinks,96.5,1.5,50.5,0.4,1.0,26.9,25.4,0.0,0,0,1,0,0,1.0,E
PROD_03118,Lean Protein #3118,Lean Proteins & Poultry,237.3,28.8,1.7,0.8,4.8,0.2,122.4,3.3,0,0,0,0,0,8.49,A
PROD_03119,Condiment #3119,Condiments & Sauces,23.4,1.7,13.2,0.6,16.7,12.9,557.6,0.2,1,0,0,0,0,1.94,E
PROD_03120,Condiment #3120,Condiments & Sauces,67.5,0.2,19.7,0.0,8.0,5.8,641.9,2.0,1,0,0,0,0,1.0,E
PROD_03121,Condiment #3121,Condiments & Sauces,117.3,0.0,4.6,1.0,6.6,2.5,557.0,0.4,0,0,1,0,0,1.43,E
PROD_03122,Processed Snack #3122,Processed Snacks & Sweets,472.6,2.1,47.8,2.9,12.2,21.7,274.5,2.7,1,1,0,1,0,1.18,E
PROD_03123,Processed Snack #3123,Processed Snacks & Sweets,463.5,5.0,48.5,3.0,22.9,36.5,275.0,10.5,0,1,0,0,0,2.71,E
PROD_03124,Condiment #3124,Condiments & Sauces,43.6,0.1,20.5,0.9,16.5,15.6,512.7,0.2,0,0,0,1,0,2.03,E
PROD_03125,Superfood Oil/Nut #3125,Superfoods & Healthy Oils,190.3,5.0,6.7,2.7,14.1,1.5,14.9,3.3,0,0,0,0,1,6.1,C
PROD_03126,Nutrition Shake/Supplement #3126,Dietary Supplements & Shakes,310.2,19.6,23.6,4.9,9.0,7.1,246.9,2.0,0,0,0,0,0,7.15,B
PROD_03127,Nutrition Shake/Supplement #3127,Dietary Supplements & Shakes,253.1,40.4,7.9,5.0,4.2,7.9,182.1,2.4,0,0,0,0,0,10.0,A
PROD_03128,Lean Protein #3128,Lean Proteins & Poultry,236.6,39.9,4.0,0.4,2.2,1.4,199.8,2.2,0,0,0,0,0,8.09,A
PROD_03129,Condiment #3129,Condiments & Sauces,20.3,0.5,16.1,0.2,17.6,7.0,1013.4,1.4,0,0,0,1,1,2.3,E
PROD_03130,Superfood Oil/Nut #3130,Superfoods & Healthy Oils,212.6,7.4,2.1,2.1,20.0,1.8,6.9,1.7,0,0,0,0,1,5.67,C
PROD_03131,Processed Snack #3131,Processed Snacks & Sweets,318.1,3.4,61.9,0.6,15.2,30.0,198.2,9.2,0,1,0,0,0,1.0,E
PROD_03132,Nutrition Shake/Supplement #3132,Dietary Supplements & Shakes,202.1,20.5,18.8,5.3,7.6,12.0,63.5,2.0,0,0,0,0,0,9.39,A
PROD_03133,Superfood Oil/Nut #3133,Superfoods & Healthy Oils,177.1,6.6,7.9,0.5,17.6,1.9,5.6,3.0,0,0,0,0,1,5.32,C
PROD_03134,Processed Snack #3134,Processed Snacks & Sweets,261.7,3.6,47.0,1.7,12.3,23.6,797.7,6.0,1,1,0,0,0,1.0,E
PROD_03135,Dairy Product #3135,Dairy & Cheese,249.9,24.5,10.6,0.0,16.0,10.2,632.2,15.9,0,0,0,0,0,5.07,C
PROD_03136,Lean Protein #3136,Lean Proteins & Poultry,199.8,38.4,0.6,0.3,3.5,0.6,322.0,1.9,0,0,0,0,0,8.65,A
PROD_03137,Lean Protein #3137,Lean Proteins & Poultry,239.7,38.0,2.6,0.9,10.8,0.2,299.8,2.1,0,0,0,0,0,8.31,A
PROD_03138,Grain/Legume #3138,Whole Grains & Legumes,211.5,14.5,28.0,10.4,3.0,3.3,65.6,0.4,0,0,0,0,0,8.8,A
PROD_03139,Fresh Produce Item #3139,Whole Foods & Produce,86.2,2.2,20.4,6.2,0.6,12.2,43.1,0.3,0,0,0,0,0,5.66,C
PROD_03140,Condiment #3140,Condiments & Sauces,72.8,0.4,33.8,0.0,6.6,2.0,804.9,1.2,0,0,0,1,0,1.0,E
PROD_03141,Superfood Oil/Nut #3141,Superfoods & Healthy Oils,208.6,2.5,0.3,0.3,19.5,0.3,3.0,1.6,0,0,0,0,1,8.97,A
PROD_03142,Nutrition Shake/Supplement #3142,Dietary Supplements & Shakes,249.5,22.9,3.2,3.2,4.3,3.2,71.6,2.1,0,0,0,0,0,6.92,B
PROD_03143,Fresh Produce Item #3143,Whole Foods & Produce,78.5,1.5,9.2,2.8,0.8,2.6,31.3,0.1,0,0,0,0,0,7.27,B
PROD_03144,Dairy Product #3144,Dairy & Cheese,303.0,8.5,17.3,0.0,12.7,5.7,217.7,12.7,0,0,0,0,0,4.01,D
PROD_03145,Lean Protein #3145,Lean Proteins & Poultry,153.2,24.5,3.0,0.5,2.2,1.0,275.0,2.2,0,0,0,0,0,8.32,A
PROD_03146,Dairy Product #3146,Dairy & Cheese,372.7,7.2,3.6,0.0,30.0,3.5,570.6,15.4,1,0,1,0,0,1.0,E
PROD_03147,Beverage Item #3147,Beverages & Drinks,210.9,0.6,23.2,0.2,0.7,18.8,26.3,0.0,0,0,0,1,0,3.64,D
PROD_03148,Fresh Produce Item #3148,Whole Foods & Produce,89.0,2.3,18.0,7.2,1.3,10.6,32.6,0.3,0,0,0,0,0,6.98,B
PROD_03149,Superfood Oil/Nut #3149,Superfoods & Healthy Oils,225.4,7.8,2.9,1.3,14.6,1.6,23.2,3.1,0,0,0,0,1,5.53,C
PROD_03150,Nutrition Shake/Supplement #3150,Dietary Supplements & Shakes,186.1,28.1,17.8,4.2,7.5,7.9,106.9,1.1,1,0,0,0,0,8.36,A
PROD_03151,Processed Snack #3151,Processed Snacks & Sweets,453.1,3.7,34.3,2.4,14.1,24.7,309.4,7.7,0,0,0,1,0,3.56,D
PROD_03152,Grain/Legume #3152,Whole Grains & Legumes,257.5,11.5,25.5,12.9,1.3,1.8,192.5,0.3,0,0,0,0,0,8.22,A
PROD_03153,Condiment #3153,Condiments & Sauces,70.7,0.7,23.4,0.2,17.5,8.4,1142.8,0.9,1,1,1,0,0,1.0,E
PROD_03154,Grain/Legume #3154,Whole Grains & Legumes,216.1,15.1,61.3,16.0,3.0,4.2,14.1,0.4,0,0,0,0,0,7.81,B
PROD_03155,Superfood Oil/Nut #3155,Superfoods & Healthy Oils,120.5,3.5,7.4,1.5,14.1,1.5,37.3,2.4,0,0,0,0,1,5.06,C
PROD_03156,Dairy Product #3156,Dairy & Cheese,285.7,15.2,12.3,0.0,20.5,7.9,383.1,14.0,0,0,0,1,0,4.1,D
PROD_03157,Nutrition Shake/Supplement #3157,Dietary Supplements & Shakes,207.6,16.6,16.9,7.6,4.5,10.8,293.9,0.8,0,0,0,0,0,8.91,A
PROD_03158,Grain/Legume #3158,Whole Grains & Legumes,138.5,13.3,50.7,8.2,5.0,1.8,47.2,0.6,0,0,0,0,0,6.93,B
PROD_03159,Dairy Product #3159,Dairy & Cheese,306.8,6.4,7.9,0.0,7.2,7.9,542.9,3.0,0,0,0,0,0,4.53,D
PROD_03160,Prepared Meal #3160,Fast Food & Prepared Meals,609.1,12.6,78.7,5.8,33.3,10.1,1151.0,14.2,1,0,0,0,0,2.5,E
PROD_03161,Processed Snack #3161,Processed Snacks & Sweets,533.0,3.1,61.4,1.8,10.5,23.5,256.5,8.9,0,1,1,1,0,1.0,E
PROD_03162,Fresh Produce Item #3162,Whole Foods & Produce,111.2,2.4,17.4,4.7,0.7,5.2,31.5,0.2,0,0,0,0,0,7.13,B
PROD_03163,Processed Snack #3163,Processed Snacks & Sweets,341.5,1.2,67.8,1.3,28.8,41.0,302.0,11.7,0,0,0,0,0,3.79,D
PROD_03164,Beverage Item #3164,Beverages & Drinks,184.3,0.4,22.8,0.4,0.5,3.7,65.9,0.0,0,0,0,1,0,3.65,D
PROD_03165,Processed Snack #3165,Processed Snacks & Sweets,523.5,4.3,62.8,2.5,10.0,31.2,394.3,3.8,1,0,0,1,0,2.55,E
PROD_03166,Condiment #3166,Condiments & Sauces,174.5,1.7,33.4,1.1,0.5,26.2,705.1,0.5,1,0,0,1,1,1.0,E
PROD_03167,Nutrition Shake/Supplement #3167,Dietary Supplements & Shakes,163.2,15.4,23.5,3.2,7.2,5.9,90.2,1.8,0,0,1,1,0,5.0,C
PROD_03168,Prepared Meal #3168,Fast Food & Prepared Meals,904.3,14.2,52.4,4.8,50.3,4.8,700.3,9.4,0,1,0,1,0,1.87,E
PROD_03169,Dairy Product #3169,Dairy & Cheese,132.3,17.5,6.7,0.0,14.6,6.7,106.9,14.6,0,0,0,0,0,5.32,C
PROD_03170,Dairy Product #3170,Dairy & Cheese,118.6,19.9,6.7,0.0,12.4,4.0,434.3,12.4,0,0,0,0,0,4.78,D
PROD_03171,Condiment #3171,Condiments & Sauces,41.9,1.2,30.0,1.3,8.7,7.4,1204.0,3.0,1,0,0,1,0,1.0,E
PROD_03172,Processed Snack #3172,Processed Snacks & Sweets,442.0,2.8,59.1,1.1,13.8,22.4,668.1,4.5,0,1,0,1,0,1.0,E
PROD_03173,Processed Snack #3173,Processed Snacks & Sweets,268.8,3.9,50.1,2.2,29.6,23.9,550.9,10.7,1,0,0,1,0,1.02,E
PROD_03174,Beverage Item #3174,Beverages & Drinks,18.7,1.3,29.3,0.4,0.2,14.2,69.8,0.0,1,0,0,0,0,1.0,E
PROD_03175,Dairy Product #3175,Dairy & Cheese,307.3,8.9,13.7,0.0,16.4,2.5,183.0,2.4,0,0,0,0,0,6.06,C
PROD_03176,Dairy Product #3176,Dairy & Cheese,165.4,16.7,8.3,0.0,8.0,3.0,380.5,3.7,0,0,0,0,0,6.27,C
PROD_03177,Grain/Legume #3177,Whole Grains & Legumes,137.7,10.6,49.2,14.3,3.9,4.5,21.1,0.3,0,0,0,0,0,6.84,B
PROD_03178,Beverage Item #3178,Beverages & Drinks,70.4,1.9,47.7,0.3,0.3,38.6,41.8,0.0,1,0,0,1,0,1.0,E
PROD_03179,Condiment #3179,Condiments & Sauces,39.8,1.4,8.6,0.3,10.3,8.6,1296.7,2.6,1,0,0,1,0,1.0,E
PROD_03180,Dairy Product #3180,Dairy & Cheese,393.0,8.8,12.4,0.0,3.4,7.7,228.6,3.4,0,0,0,0,0,4.88,D
PROD_03181,Prepared Meal #3181,Fast Food & Prepared Meals,843.3,15.6,35.3,2.9,34.0,17.2,1342.4,8.4,0,0,0,0,0,5.23,C
PROD_03182,Prepared Meal #3182,Fast Food & Prepared Meals,564.7,30.8,36.0,4.4,45.4,10.0,552.8,15.5,1,0,0,0,0,3.29,E
PROD_03183,Dairy Product #3183,Dairy & Cheese,325.7,12.7,16.7,0.0,18.8,7.4,84.8,9.9,0,0,1,0,0,3.78,D
PROD_03184,Superfood Oil/Nut #3184,Superfoods & Healthy Oils,176.6,5.7,7.3,3.9,25.2,1.7,46.0,1.7,0,0,0,0,1,5.08,C
PROD_03185,Processed Snack #3185,Processed Snacks & Sweets,297.4,4.2,56.7,2.4,26.9,23.8,579.5,10.1,0,0,0,0,0,5.04,C
PROD_03186,Fresh Produce Item #3186,Whole Foods & Produce,89.0,3.0,14.3,3.4,1.2,5.3,47.3,0.3,0,0,0,0,0,8.3,A
PROD_03187,Grain/Legume #3187,Whole Grains & Legumes,316.6,14.4,63.7,9.7,4.6,3.1,97.8,0.4,0,0,0,0,0,7.32,B
PROD_03188,Beverage Item #3188,Beverages & Drinks,87.2,1.2,1.4,0.4,0.6,1.4,44.2,0.0,1,0,1,1,0,1.0,E
PROD_03189,Lean Protein #3189,Lean Proteins & Poultry,159.9,25.1,1.0,0.6,3.2,0.8,135.1,2.5,0,0,0,0,0,8.67,A
PROD_03190,Superfood Oil/Nut #3190,Superfoods & Healthy Oils,214.0,1.1,3.5,1.4,15.7,0.0,48.2,2.6,0,0,0,0,1,8.39,A
PROD_03191,Dairy Product #3191,Dairy & Cheese,335.2,17.6,14.2,0.0,16.0,7.2,542.1,16.0,0,0,0,0,0,5.47,C
PROD_03192,Processed Snack #3192,Processed Snacks & Sweets,301.6,2.9,58.9,0.8,26.3,16.8,626.6,5.3,1,0,0,1,0,2.11,E
PROD_03193,Beverage Item #3193,Beverages & Drinks,2.9,1.6,11.7,0.3,0.4,11.7,24.7,0.0,1,0,1,1,0,1.0,E
PROD_03194,Condiment #3194,Condiments & Sauces,66.5,1.9,28.3,0.3,10.0,22.5,895.7,1.5,1,1,0,0,0,1.0,E
PROD_03195,Prepared Meal #3195,Fast Food & Prepared Meals,780.4,33.1,59.9,3.0,38.0,13.3,808.0,9.6,0,0,0,0,0,5.98,C
PROD_03196,Beverage Item #3196,Beverages & Drinks,6.8,0.3,40.0,0.2,0.8,10.5,50.4,0.0,0,0,0,0,0,2.45,E
PROD_03197,Processed Snack #3197,Processed Snacks & Sweets,495.2,5.8,32.7,2.1,29.1,32.0,668.7,3.6,1,1,0,0,0,1.99,E
PROD_03198,Lean Protein #3198,Lean Proteins & Poultry,156.5,32.9,3.2,0.7,1.5,0.2,64.0,1.5,0,0,0,0,0,9.36,A
PROD_03199,Processed Snack #3199,Processed Snacks & Sweets,357.6,5.2,30.6,0.8,23.1,30.6,567.8,5.0,0,0,0,1,0,2.83,E
PROD_03200,Fresh Produce Item #3200,Whole Foods & Produce,104.8,2.0,21.6,7.6,0.1,2.8,11.0,0.1,0,0,0,0,0,5.97,C
PROD_03201,Condiment #3201,Condiments & Sauces,47.6,1.5,23.5,1.4,15.0,20.0,577.5,1.5,0,1,0,1,1,1.14,E
PROD_03202,Dairy Product #3202,Dairy & Cheese,88.6,6.3,13.3,0.0,13.6,5.2,350.4,6.5,0,0,0,1,0,3.06,E
PROD_03203,Grain/Legume #3203,Whole Grains & Legumes,326.6,10.5,40.2,13.6,1.5,1.9,123.7,0.5,0,0,0,0,0,8.0,A
PROD_03204,Superfood Oil/Nut #3204,Superfoods & Healthy Oils,148.2,8.3,2.9,2.3,22.6,1.6,5.0,3.7,0,0,0,0,1,6.21,C
PROD_03205,Prepared Meal #3205,Fast Food & Prepared Meals,741.2,18.1,50.9,5.3,52.1,8.6,1702.9,7.3,1,1,0,1,0,1.0,E
PROD_03206,Nutrition Shake/Supplement #3206,Dietary Supplements & Shakes,261.5,24.1,18.1,4.0,3.0,8.9,58.1,1.1,0,0,0,0,0,8.02,A
PROD_03207,Dairy Product #3207,Dairy & Cheese,174.5,20.7,6.9,0.0,16.9,6.9,83.7,16.2,1,0,0,0,0,4.06,D
PROD_03208,Superfood Oil/Nut #3208,Superfoods & Healthy Oils,277.7,4.3,3.0,3.0,11.2,1.1,48.3,1.3,0,0,0,0,1,5.1,C
PROD_03209,Beverage Item #3209,Beverages & Drinks,199.5,0.4,13.6,0.0,0.2,13.6,59.4,0.0,0,0,1,0,0,3.73,D
PROD_03210,Grain/Legume #3210,Whole Grains & Legumes,205.8,14.0,60.6,12.7,3.7,3.9,102.5,0.4,0,0,0,0,0,7.12,B
PROD_03211,Nutrition Shake/Supplement #3211,Dietary Supplements & Shakes,157.9,32.6,6.3,1.9,7.4,6.3,280.4,0.8,0,0,1,0,0,7.23,B
PROD_03212,Condiment #3212,Condiments & Sauces,153.8,1.6,14.7,0.3,17.1,9.5,1125.3,1.4,0,0,0,0,0,3.4,E
PROD_03213,Nutrition Shake/Supplement #3213,Dietary Supplements & Shakes,137.3,23.2,24.3,7.2,3.1,1.8,159.2,1.7,0,0,0,0,0,10.0,A
PROD_03214,Dairy Product #3214,Dairy & Cheese,270.7,16.2,15.5,0.0,12.4,2.6,298.5,12.4,0,0,1,0,0,4.1,D
PROD_03215,Superfood Oil/Nut #3215,Superfoods & Healthy Oils,178.4,3.8,4.8,2.7,21.8,1.1,7.2,1.8,0,0,0,0,1,5.16,C
PROD_03216,Condiment #3216,Condiments & Sauces,44.2,0.6,14.4,1.0,17.0,14.4,1227.6,2.7,1,0,0,0,1,2.33,E
PROD_03217,Nutrition Shake/Supplement #3217,Dietary Supplements & Shakes,131.4,26.8,15.5,1.4,2.6,4.2,188.7,2.2,0,0,1,0,0,7.31,B
PROD_03218,Prepared Meal #3218,Fast Food & Prepared Meals,813.4,25.1,40.2,4.3,37.3,10.1,465.1,6.8,0,1,0,0,0,3.99,D
PROD_03219,Beverage Item #3219,Beverages & Drinks,4.1,0.3,14.9,0.4,0.6,14.9,27.5,0.0,1,0,0,1,0,1.0,E
PROD_03220,Superfood Oil/Nut #3220,Superfoods & Healthy Oils,274.2,6.9,3.1,3.1,25.8,1.8,32.0,1.6,0,0,0,0,1,5.72,C
PROD_03221,Dairy Product #3221,Dairy & Cheese,372.7,7.1,6.7,0.0,17.1,2.3,593.2,6.9,1,0,0,0,0,2.65,E
PROD_03222,Lean Protein #3222,Lean Proteins & Poultry,224.5,22.9,4.3,0.7,8.6,1.6,246.2,1.3,0,0,0,0,0,8.86,A
PROD_03223,Prepared Meal #3223,Fast Food & Prepared Meals,741.0,13.8,36.1,5.7,25.1,10.8,1370.8,7.3,0,0,0,0,0,4.38,D
PROD_03224,Beverage Item #3224,Beverages & Drinks,216.1,2.0,49.0,0.2,0.4,42.6,66.1,0.0,0,0,1,1,0,1.0,E
PROD_03225,Prepared Meal #3225,Fast Food & Prepared Meals,461.6,22.5,48.3,2.1,23.8,19.6,593.0,17.6,1,0,0,0,0,3.95,D
PROD_03226,Nutrition Shake/Supplement #3226,Dietary Supplements & Shakes,296.9,32.2,19.9,3.6,1.8,3.5,72.0,0.7,0,0,0,0,0,8.22,A
PROD_03227,Superfood Oil/Nut #3227,Superfoods & Healthy Oils,210.9,6.8,5.2,2.3,16.9,1.9,48.6,3.0,0,0,0,0,1,5.92,C
PROD_03228,Processed Snack #3228,Processed Snacks & Sweets,475.0,2.7,46.9,0.6,11.5,22.3,402.1,8.4,1,0,0,0,0,3.02,E
PROD_03229,Nutrition Shake/Supplement #3229,Dietary Supplements & Shakes,298.0,36.1,15.5,4.6,3.7,3.9,117.0,1.3,0,0,1,0,0,8.12,A
PROD_03230,Lean Protein #3230,Lean Proteins & Poultry,244.2,43.3,0.4,0.4,6.6,0.4,110.5,0.9,0,0,0,0,0,9.31,A
PROD_03231,Processed Snack #3231,Processed Snacks & Sweets,363.1,5.4,60.0,1.0,15.2,16.5,653.1,11.9,0,0,0,1,0,1.0,E
PROD_03232,Grain/Legume #3232,Whole Grains & Legumes,207.3,12.2,33.2,15.7,1.3,0.9,138.1,0.8,0,0,0,0,0,8.39,A
PROD_03233,Prepared Meal #3233,Fast Food & Prepared Meals,492.2,34.1,55.1,2.4,33.1,19.8,543.1,8.6,0,0,0,1,0,5.53,C
PROD_03234,Nutrition Shake/Supplement #3234,Dietary Supplements & Shakes,249.7,15.2,3.3,3.3,2.1,3.3,337.4,2.1,0,0,0,0,0,6.81,B
PROD_03235,Dairy Product #3235,Dairy & Cheese,375.9,20.3,14.2,0.0,10.8,8.1,337.3,7.1,1,0,0,0,0,5.27,C
PROD_03236,Prepared Meal #3236,Fast Food & Prepared Meals,623.4,25.2,53.5,5.6,36.7,18.2,1697.7,6.3,0,0,0,0,1,4.24,D
PROD_03237,Beverage Item #3237,Beverages & Drinks,100.2,1.4,7.3,0.3,0.8,6.8,81.2,0.0,0,0,0,1,0,3.71,D
PROD_03238,Lean Protein #3238,Lean Proteins & Poultry,122.3,34.9,2.9,0.4,10.2,1.9,236.1,1.9,0,0,0,0,0,8.66,A
PROD_03239,Grain/Legume #3239,Whole Grains & Legumes,277.0,8.7,27.6,15.4,2.0,3.4,166.5,0.4,0,0,0,0,0,7.97,B
PROD_03240,Dairy Product #3240,Dairy & Cheese,85.1,12.8,7.7,0.0,24.3,7.7,266.9,13.7,0,0,0,1,0,2.77,E
PROD_03241,Beverage Item #3241,Beverages & Drinks,85.0,1.1,7.5,0.4,0.8,7.5,29.3,0.0,0,0,0,0,0,4.91,D
PROD_03242,Grain/Legume #3242,Whole Grains & Legumes,342.3,10.0,42.6,13.7,3.7,4.5,83.1,0.5,0,0,0,0,1,7.66,B
PROD_03243,Processed Snack #3243,Processed Snacks & Sweets,453.4,2.5,50.8,1.0,25.0,14.0,608.5,6.1,1,0,0,1,0,2.3,E
PROD_03244,Grain/Legume #3244,Whole Grains & Legumes,282.7,15.6,60.2,15.3,4.7,0.6,195.7,0.5,0,0,0,0,0,8.44,A
PROD_03245,Lean Protein #3245,Lean Proteins & Poultry,203.9,24.3,3.9,0.9,11.6,0.0,433.3,2.7,0,0,0,0,1,8.29,A
PROD_03246,Dairy Product #3246,Dairy & Cheese,155.4,23.5,16.2,0.0,12.2,16.0,222.0,12.2,0,0,1,0,0,3.75,D
PROD_03247,Beverage Item #3247,Beverages & Drinks,214.4,0.4,45.6,0.0,0.8,33.1,115.2,0.0,0,0,1,1,0,1.0,E
PROD_03248,Processed Snack #3248,Processed Snacks & Sweets,537.5,4.1,41.5,0.6,12.9,34.3,752.1,5.5,0,1,0,1,0,1.98,E
PROD_03249,Dairy Product #3249,Dairy & Cheese,177.9,9.8,11.6,0.0,19.4,9.0,220.6,6.0,0,0,1,0,0,4.02,D
PROD_03250,Prepared Meal #3250,Fast Food & Prepared Meals,860.2,16.5,61.3,2.6,24.5,9.5,1242.6,4.2,0,1,0,0,0,3.38,E
PROD_03251,Lean Protein #3251,Lean Proteins & Poultry,181.9,30.4,4.0,0.6,5.9,1.0,143.1,1.1,0,0,0,0,0,8.97,A
PROD_03252,Lean Protein #3252,Lean Proteins & Poultry,127.7,39.7,2.6,0.9,7.7,1.0,78.6,0.9,0,0,0,0,0,9.15,A
PROD_03253,Condiment #3253,Condiments & Sauces,70.0,1.3,24.5,1.1,12.5,16.1,1344.6,1.5,1,1,1,0,0,1.0,E
PROD_03254,Condiment #3254,Condiments & Sauces,37.7,1.3,3.6,0.6,1.5,1.1,1352.7,1.5,0,0,0,0,0,3.02,E
PROD_03255,Nutrition Shake/Supplement #3255,Dietary Supplements & Shakes,168.7,42.6,20.3,5.1,7.8,5.8,83.7,2.4,0,0,0,0,0,9.36,A
PROD_03256,Superfood Oil/Nut #3256,Superfoods & Healthy Oils,134.0,2.6,4.5,4.5,25.2,0.2,42.1,2.6,0,0,0,0,1,9.27,A
PROD_03257,Beverage Item #3257,Beverages & Drinks,31.1,0.8,53.0,0.2,0.1,17.1,34.4,0.0,0,0,0,0,0,2.63,E
PROD_03258,Condiment #3258,Condiments & Sauces,77.4,1.8,3.2,0.2,7.4,3.2,238.9,1.7,1,0,0,0,0,2.15,E
PROD_03259,Processed Snack #3259,Processed Snacks & Sweets,353.4,3.4,59.2,1.0,10.0,22.3,655.9,4.9,1,1,0,0,0,1.0,E
PROD_03260,Processed Snack #3260,Processed Snacks & Sweets,414.2,5.7,74.5,2.6,29.7,33.4,209.8,3.4,0,1,1,1,0,1.0,E
PROD_03261,Fresh Produce Item #3261,Whole Foods & Produce,109.0,2.0,10.5,2.0,1.9,10.5,32.7,0.4,0,0,0,0,0,5.94,C
PROD_03262,Beverage Item #3262,Beverages & Drinks,23.7,1.9,59.1,0.4,0.5,27.3,57.9,0.0,1,0,0,1,0,1.0,E
PROD_03263,Lean Protein #3263,Lean Proteins & Poultry,234.0,37.5,4.7,0.9,7.3,1.8,268.0,0.8,0,0,0,0,0,8.86,A
PROD_03264,Nutrition Shake/Supplement #3264,Dietary Supplements & Shakes,148.7,37.0,17.9,4.4,8.6,8.3,318.0,0.9,0,0,1,0,0,7.72,B
PROD_03265,Processed Snack #3265,Processed Snacks & Sweets,363.0,4.7,71.0,0.5,22.6,14.3,491.7,9.6,1,0,0,0,0,2.44,E
PROD_03266,Prepared Meal #3266,Fast Food & Prepared Meals,441.4,34.3,91.4,4.0,38.5,17.6,998.2,8.6,0,1,0,0,0,4.97,D
PROD_03267,Nutrition Shake/Supplement #3267,Dietary Supplements & Shakes,239.5,23.2,16.1,5.9,2.4,6.5,148.8,1.6,1,0,0,1,0,5.37,C
PROD_03268,Beverage Item #3268,Beverages & Drinks,165.9,1.5,59.7,0.4,0.4,33.8,47.1,0.0,0,0,0,0,0,1.26,E
PROD_03269,Fresh Produce Item #3269,Whole Foods & Produce,89.3,3.7,10.1,7.5,1.2,10.1,24.8,0.4,0,0,0,0,0,6.36,C
PROD_03270,Lean Protein #3270,Lean Proteins & Poultry,184.6,36.8,0.6,0.6,7.8,0.3,211.6,2.8,0,0,0,0,1,8.6,A
PROD_03271,Dairy Product #3271,Dairy & Cheese,398.7,19.9,9.4,0.0,21.3,9.4,553.8,7.5,0,0,0,1,0,5.47,C
PROD_03272,Nutrition Shake/Supplement #3272,Dietary Supplements & Shakes,312.4,32.5,8.5,1.2,4.9,8.0,101.6,0.6,0,0,1,0,0,7.22,B
PROD_03273,Prepared Meal #3273,Fast Food & Prepared Meals,624.8,33.3,89.9,4.8,31.6,14.3,1381.1,16.2,0,0,0,0,0,5.46,C
PROD_03274,Condiment #3274,Condiments & Sauces,97.3,0.8,13.9,0.3,17.5,3.5,921.2,2.9,1,0,0,0,0,2.2,E
PROD_03275,Lean Protein #3275,Lean Proteins & Poultry,143.0,42.2,0.6,0.1,7.6,0.6,383.8,3.4,0,0,0,0,0,8.42,A
PROD_03276,Processed Snack #3276,Processed Snacks & Sweets,313.1,6.0,65.2,2.5,13.7,16.8,403.2,5.7,0,1,0,0,0,2.47,E
PROD_03277,Nutrition Shake/Supplement #3277,Dietary Supplements & Shakes,192.1,37.7,23.4,4.4,7.7,8.9,149.2,1.7,0,0,1,0,0,6.58,B
PROD_03278,Beverage Item #3278,Beverages & Drinks,166.0,0.8,53.6,0.1,0.9,35.4,76.1,0.0,1,0,1,0,0,1.0,E
PROD_03279,Grain/Legume #3279,Whole Grains & Legumes,189.4,7.3,29.3,9.3,1.6,3.1,127.3,0.9,0,0,0,0,0,7.62,B
PROD_03280,Dairy Product #3280,Dairy & Cheese,234.1,13.8,10.5,0.0,9.7,3.6,388.0,9.7,0,0,0,0,0,4.42,D
PROD_03281,Superfood Oil/Nut #3281,Superfoods & Healthy Oils,273.4,1.2,0.7,0.7,13.8,0.5,22.6,1.2,0,0,0,0,1,7.85,B
PROD_03282,Prepared Meal #3282,Fast Food & Prepared Meals,475.1,32.3,37.3,4.4,52.9,7.1,1013.1,12.1,0,0,0,0,0,6.19,C
PROD_03283,Prepared Meal #3283,Fast Food & Prepared Meals,378.3,21.1,69.3,3.8,15.8,21.7,1740.7,14.8,1,0,0,0,0,1.26,E
PROD_03284,Condiment #3284,Condiments & Sauces,179.7,1.2,33.0,1.5,7.8,19.1,455.9,1.4,1,1,0,0,0,1.0,E
PROD_03285,Nutrition Shake/Supplement #3285,Dietary Supplements & Shakes,172.5,31.1,18.9,4.4,2.0,0.7,114.0,1.3,1,0,1,0,0,7.08,B
PROD_03286,Nutrition Shake/Supplement #3286,Dietary Supplements & Shakes,117.6,19.5,6.0,1.8,4.0,6.0,125.6,1.0,0,0,1,0,0,7.08,B
PROD_03287,Fresh Produce Item #3287,Whole Foods & Produce,91.1,3.7,15.7,7.9,1.4,7.6,28.2,0.4,0,0,0,0,0,7.36,B
PROD_03288,Lean Protein #3288,Lean Proteins & Poultry,164.6,41.3,0.7,0.7,8.5,0.7,268.6,1.0,0,0,0,0,0,9.19,A
PROD_03289,Condiment #3289,Condiments & Sauces,74.6,1.2,5.4,0.6,14.6,5.4,1296.9,1.8,1,0,0,0,0,2.43,E
PROD_03290,Processed Snack #3290,Processed Snacks & Sweets,298.0,5.9,48.5,0.6,15.9,16.9,347.8,3.4,1,1,1,1,0,1.0,E
PROD_03291,Dairy Product #3291,Dairy & Cheese,383.8,22.1,2.2,0.0,3.8,2.1,263.7,3.8,0,0,0,0,0,7.19,B
PROD_03292,Fresh Produce Item #3292,Whole Foods & Produce,80.3,1.3,24.8,3.7,1.6,6.1,19.1,0.1,0,0,0,0,0,5.24,C
PROD_03293,Prepared Meal #3293,Fast Food & Prepared Meals,448.7,18.1,80.1,1.8,22.3,6.7,456.5,11.6,1,0,0,0,0,3.34,E
PROD_03294,Superfood Oil/Nut #3294,Superfoods & Healthy Oils,171.9,6.1,0.4,0.4,23.0,0.4,10.9,1.6,0,0,0,0,1,6.17,C
PROD_03295,Beverage Item #3295,Beverages & Drinks,21.5,0.3,1.2,0.1,0.3,1.2,119.1,0.0,1,0,1,1,0,1.0,E
PROD_03296,Condiment #3296,Condiments & Sauces,68.6,1.6,29.3,1.5,4.0,25.0,845.4,1.8,0,0,0,1,0,1.0,E
PROD_03297,Condiment #3297,Condiments & Sauces,53.1,0.7,7.2,1.2,13.6,7.2,549.6,2.3,1,1,0,1,0,1.0,E
PROD_03298,Superfood Oil/Nut #3298,Superfoods & Healthy Oils,184.0,4.4,2.8,1.8,18.4,1.9,46.8,2.6,0,0,0,0,1,4.28,D
PROD_03299,Prepared Meal #3299,Fast Food & Prepared Meals,437.7,31.6,57.4,5.6,29.9,6.7,1473.3,11.9,0,0,0,1,0,4.7,D
PROD_03300,Beverage Item #3300,Beverages & Drinks,64.8,1.0,17.3,0.4,0.9,17.3,26.4,0.0,1,0,1,1,0,1.0,E
PROD_03301,Prepared Meal #3301,Fast Food & Prepared Meals,406.0,32.4,63.2,3.5,14.1,18.7,1115.3,10.2,0,1,0,0,0,4.24,D
PROD_03302,Nutrition Shake/Supplement #3302,Dietary Supplements & Shakes,166.0,44.8,10.2,2.4,7.7,5.3,183.2,1.6,0,0,0,1,0,7.44,B
PROD_03303,Superfood Oil/Nut #3303,Superfoods & Healthy Oils,269.4,6.4,1.5,0.7,13.2,1.4,29.5,2.4,0,0,0,0,1,5.15,C
PROD_03304,Superfood Oil/Nut #3304,Superfoods & Healthy Oils,168.8,2.7,7.0,3.7,16.2,1.5,31.4,1.0,0,0,0,0,1,5.91,C
PROD_03305,Prepared Meal #3305,Fast Food & Prepared Meals,524.3,17.7,50.1,5.7,33.9,19.3,739.2,6.4,0,0,0,0,1,5.94,C
PROD_03306,Prepared Meal #3306,Fast Food & Prepared Meals,760.0,32.7,37.8,5.9,42.6,9.8,654.2,9.5,1,0,0,0,0,4.78,D
PROD_03307,Nutrition Shake/Supplement #3307,Dietary Supplements & Shakes,126.2,43.7,8.9,2.9,6.3,8.9,345.2,2.4,0,0,0,1,0,7.4,B
PROD_03308,Dairy Product #3308,Dairy & Cheese,173.6,22.9,2.1,0.0,16.2,2.1,590.6,10.0,0,0,0,0,0,4.72,D
PROD_03309,Beverage Item #3309,Beverages & Drinks,110.1,0.0,50.5,0.0,0.1,48.6,55.0,0.0,0,0,0,1,0,1.0,E
PROD_03310,Prepared Meal #3310,Fast Food & Prepared Meals,501.4,28.5,54.0,3.1,24.2,11.5,668.9,8.5,0,1,0,0,0,5.31,C
PROD_03311,Condiment #3311,Condiments & Sauces,54.3,0.4,25.2,1.3,1.4,13.0,928.6,1.4,0,0,0,0,1,1.0,E
PROD_03312,Prepared Meal #3312,Fast Food & Prepared Meals,408.0,20.0,75.5,5.5,17.9,13.7,849.8,13.3,0,0,0,1,0,1.73,E
PROD_03313,Nutrition Shake/Supplement #3313,Dietary Supplements & Shakes,225.3,26.1,8.0,6.9,1.9,5.9,192.6,1.6,0,0,0,0,0,9.93,A
PROD_03314,Beverage Item #3314,Beverages & Drinks,195.4,0.8,29.4,0.1,0.5,29.4,109.7,0.0,0,0,0,0,0,2.12,E
PROD_03315,Fresh Produce Item #3315,Whole Foods & Produce,71.4,1.1,17.1,4.0,0.5,5.2,35.4,0.2,0,0,0,0,0,5.18,C
PROD_03316,Grain/Legume #3316,Whole Grains & Legumes,284.8,15.1,52.5,12.1,3.2,2.7,199.2,0.5,0,0,0,0,1,8.37,A
PROD_03317,Condiment #3317,Condiments & Sauces,46.1,0.9,31.6,1.2,17.4,15.6,812.7,0.0,1,0,0,0,0,2.29,E
PROD_03318,Superfood Oil/Nut #3318,Superfoods & Healthy Oils,214.4,7.0,1.9,1.9,24.9,0.9,28.6,3.9,0,0,0,0,1,6.19,C
PROD_03319,Processed Snack #3319,Processed Snacks & Sweets,374.0,3.1,31.9,0.6,29.1,31.9,686.4,7.1,1,1,1,0,0,1.0,E
PROD_03320,Processed Snack #3320,Processed Snacks & Sweets,520.8,5.6,30.6,2.8,28.8,13.2,341.2,6.0,1,0,0,0,0,4.41,D
PROD_03321,Grain/Legume #3321,Whole Grains & Legumes,249.9,6.2,29.0,13.6,2.7,5.0,140.7,1.0,0,0,0,0,0,6.85,B
PROD_03322,Condiment #3322,Condiments & Sauces,117.9,0.2,4.3,0.9,10.6,2.1,752.6,1.3,1,0,0,0,0,1.6,E
PROD_03323,Lean Protein #3323,Lean Proteins & Poultry,205.1,28.9,1.1,0.9,4.8,0.1,161.5,1.0,0,0,0,0,0,8.5,A
PROD_03324,Dairy Product #3324,Dairy & Cheese,165.1,9.4,16.4,0.0,5.5,5.6,307.9,5.5,0,0,0,0,0,6.35,C
PROD_03325,Grain/Legume #3325,Whole Grains & Legumes,219.7,16.2,41.6,9.9,3.4,1.1,35.6,0.8,0,0,0,0,0,7.78,B
PROD_03326,Processed Snack #3326,Processed Snacks & Sweets,379.3,5.0,58.8,2.3,10.0,12.9,780.2,6.6,1,1,0,0,0,1.0,E
PROD_03327,Processed Snack #3327,Processed Snacks & Sweets,223.1,3.8,43.8,1.2,19.1,41.6,551.8,10.0,0,0,0,0,0,3.05,E
PROD_03328,Prepared Meal #3328,Fast Food & Prepared Meals,425.1,35.5,62.1,2.1,30.0,14.6,939.2,16.9,0,1,0,1,1,3.34,E
PROD_03329,Prepared Meal #3329,Fast Food & Prepared Meals,656.0,18.2,41.9,2.5,18.0,9.0,1796.4,9.6,0,0,0,0,0,4.53,D
PROD_03330,Nutrition Shake/Supplement #3330,Dietary Supplements & Shakes,272.5,37.0,8.5,2.8,7.0,6.9,272.7,0.5,1,0,0,0,0,6.38,C
PROD_03331,Processed Snack #3331,Processed Snacks & Sweets,349.6,3.2,33.6,2.4,13.6,33.6,458.8,8.3,1,0,0,0,0,2.87,E
PROD_03332,Dairy Product #3332,Dairy & Cheese,86.6,8.4,13.2,0.0,18.3,5.9,150.0,12.9,0,0,0,0,0,4.99,D
PROD_03333,Processed Snack #3333,Processed Snacks & Sweets,466.6,1.0,40.1,2.2,16.8,39.5,478.2,8.7,0,0,0,1,0,3.54,D
PROD_03334,Fresh Produce Item #3334,Whole Foods & Produce,44.6,2.0,8.6,5.7,1.7,8.6,47.5,0.5,0,0,0,0,0,6.3,C
PROD_03335,Prepared Meal #3335,Fast Food & Prepared Meals,618.5,37.8,59.8,2.4,52.7,10.9,1382.7,15.0,0,0,0,0,0,5.79,C
PROD_03336,Prepared Meal #3336,Fast Food & Prepared Meals,504.3,36.5,82.5,5.0,50.9,17.1,1134.1,9.5,0,0,0,0,0,5.66,C
PROD_03337,Beverage Item #3337,Beverages & Drinks,203.3,1.7,34.7,0.4,0.8,34.7,17.1,0.0,1,0,1,0,0,1.0,E
PROD_03338,Grain/Legume #3338,Whole Grains & Legumes,312.5,17.1,54.2,13.4,2.3,2.6,177.6,0.8,0,0,0,0,0,8.67,A
PROD_03339,Grain/Legume #3339,Whole Grains & Legumes,145.9,8.8,44.6,9.6,4.9,4.8,81.6,0.8,0,0,0,0,0,7.21,B
PROD_03340,Grain/Legume #3340,Whole Grains & Legumes,142.6,10.5,39.5,12.4,3.5,4.9,172.3,0.6,0,0,0,0,0,7.87,B
PROD_03341,Dairy Product #3341,Dairy & Cheese,243.2,21.3,15.3,0.0,20.9,14.2,286.1,3.0,0,0,0,1,0,5.73,C
PROD_03342,Nutrition Shake/Supplement #3342,Dietary Supplements & Shakes,303.0,44.7,7.2,7.1,2.6,7.2,133.2,2.4,0,0,1,1,0,6.94,B
PROD_03343,Grain/Legume #3343,Whole Grains & Legumes,279.8,16.7,55.2,14.2,4.1,4.9,152.8,0.4,0,0,0,0,0,7.49,B
PROD_03344,Beverage Item #3344,Beverages & Drinks,18.3,0.9,20.0,0.4,0.0,20.0,87.4,0.0,1,0,1,0,0,1.0,E
PROD_03345,Fresh Produce Item #3345,Whole Foods & Produce,57.8,0.7,8.3,5.6,1.1,8.3,42.6,0.2,0,0,0,0,0,5.59,C
PROD_03346,Lean Protein #3346,Lean Proteins & Poultry,172.6,21.0,2.4,0.9,1.6,0.7,354.4,1.0,0,0,0,0,1,8.2,A
PROD_03347,Lean Protein #3347,Lean Proteins & Poultry,130.0,30.1,3.5,0.7,5.3,1.4,74.2,1.4,0,0,0,0,0,8.81,A
PROD_03348,Processed Snack #3348,Processed Snacks & Sweets,450.6,4.5,74.9,1.5,27.0,26.7,733.5,3.4,1,0,0,1,0,1.0,E
PROD_03349,Grain/Legume #3349,Whole Grains & Legumes,203.5,8.5,32.3,11.2,1.4,4.2,49.3,0.6,0,0,0,0,1,8.15,A
PROD_03350,Dairy Product #3350,Dairy & Cheese,309.0,7.6,14.4,0.0,17.2,3.7,375.8,5.4,0,0,0,0,0,5.28,C
PROD_03351,Prepared Meal #3351,Fast Food & Prepared Meals,403.6,23.6,83.3,1.9,25.3,10.7,590.3,14.7,0,0,0,0,0,4.09,D
PROD_03352,Condiment #3352,Condiments & Sauces,175.2,1.9,31.9,0.5,6.6,24.0,1075.0,2.1,1,0,0,0,0,1.0,E
PROD_03353,Lean Protein #3353,Lean Proteins & Poultry,229.0,38.7,5.0,0.6,4.7,1.1,427.6,2.5,0,0,0,0,0,8.18,A
PROD_03354,Nutrition Shake/Supplement #3354,Dietary Supplements & Shakes,252.8,17.6,7.4,6.3,1.6,7.4,107.2,1.6,0,0,0,1,0,6.43,C
PROD_03355,Dairy Product #3355,Dairy & Cheese,209.9,16.7,6.1,0.0,12.5,6.1,594.2,6.0,0,0,0,1,0,3.91,D
PROD_03356,Processed Snack #3356,Processed Snacks & Sweets,286.0,4.0,50.5,1.7,22.5,19.7,332.5,9.0,0,1,0,0,0,3.69,D
PROD_03357,Grain/Legume #3357,Whole Grains & Legumes,294.5,12.3,33.2,11.2,3.4,4.6,149.7,0.4,0,0,0,0,1,8.05,A
PROD_03358,Superfood Oil/Nut #3358,Superfoods & Healthy Oils,259.5,5.1,7.5,3.1,12.7,1.2,14.9,2.1,0,0,0,0,1,5.05,C
PROD_03359,Superfood Oil/Nut #3359,Superfoods & Healthy Oils,203.3,7.4,4.0,1.5,25.9,0.1,39.9,3.4,0,0,0,0,1,5.73,C
PROD_03360,Condiment #3360,Condiments & Sauces,22.3,0.5,31.2,0.6,5.0,8.4,650.5,0.7,1,1,0,1,0,1.0,E
PROD_03361,Superfood Oil/Nut #3361,Superfoods & Healthy Oils,244.5,3.0,2.5,0.1,26.3,1.4,13.1,3.7,0,0,0,0,1,8.42,A
PROD_03362,Dairy Product #3362,Dairy & Cheese,275.2,18.5,4.4,0.0,16.6,4.4,303.5,13.3,0,0,1,0,0,3.75,D
PROD_03363,Prepared Meal #3363,Fast Food & Prepared Meals,602.3,36.2,77.4,3.0,21.4,15.1,1337.7,10.8,1,1,0,1,0,1.86,E
PROD_03364,Nutrition Shake/Supplement #3364,Dietary Supplements & Shakes,190.5,39.8,4.7,3.6,6.3,4.7,245.8,1.3,0,0,1,0,0,8.63,A
PROD_03365,Lean Protein #3365,Lean Proteins & Poultry,143.6,34.0,1.1,0.4,6.0,1.1,427.0,1.1,0,0,0,0,0,8.25,A
PROD_03366,Fresh Produce Item #3366,Whole Foods & Produce,53.9,1.5,12.1,3.4,0.6,5.3,27.8,0.2,0,0,0,0,0,7.29,B
PROD_03367,Dairy Product #3367,Dairy & Cheese,138.7,21.4,9.6,0.0,7.4,4.3,526.2,7.4,0,0,0,0,0,5.81,C
PROD_03368,Grain/Legume #3368,Whole Grains & Legumes,189.0,12.3,34.8,15.7,1.2,1.3,154.2,0.3,0,0,0,0,0,9.11,A
PROD_03369,Prepared Meal #3369,Fast Food & Prepared Meals,698.6,23.4,88.8,4.6,28.8,18.5,1446.4,15.1,0,0,0,0,0,5.27,C
PROD_03370,Fresh Produce Item #3370,Whole Foods & Produce,44.7,3.3,22.0,3.2,1.6,11.3,44.3,0.3,0,0,0,0,0,4.42,D
PROD_03371,Processed Snack #3371,Processed Snacks & Sweets,476.5,1.1,72.3,2.9,15.8,12.3,509.1,11.2,1,0,0,1,0,1.0,E
PROD_03372,Dairy Product #3372,Dairy & Cheese,174.1,20.6,4.9,0.0,10.1,4.9,620.5,10.1,0,0,1,0,0,4.01,D
PROD_03373,Condiment #3373,Condiments & Sauces,158.8,1.5,2.8,0.6,0.1,2.0,774.3,0.1,0,1,0,1,0,1.0,E
PROD_03374,Dairy Product #3374,Dairy & Cheese,80.2,12.2,3.3,0.0,29.7,3.0,621.4,10.4,0,0,0,0,0,4.27,D
PROD_03375,Condiment #3375,Condiments & Sauces,66.4,1.0,9.1,1.1,6.4,2.0,1253.3,2.8,0,0,1,1,0,1.0,E
PROD_03376,Dairy Product #3376,Dairy & Cheese,86.5,12.9,2.6,0.0,8.6,2.6,131.2,8.6,0,0,0,0,0,5.7,C
PROD_03377,Fresh Produce Item #3377,Whole Foods & Produce,32.5,1.2,13.8,5.1,1.9,2.2,39.1,0.0,0,0,0,0,1,6.24,C
PROD_03378,Grain/Legume #3378,Whole Grains & Legumes,233.5,12.6,41.3,13.5,4.7,0.9,161.0,0.3,0,0,0,0,1,9.09,A
PROD_03379,Beverage Item #3379,Beverages & Drinks,131.3,0.0,47.6,0.3,0.3,25.5,59.5,0.0,1,0,0,0,0,1.0,E
PROD_03380,Condiment #3380,Condiments & Sauces,19.9,1.0,25.8,0.2,12.2,3.3,1168.4,2.9,0,1,0,0,0,2.31,E
PROD_03381,Grain/Legume #3381,Whole Grains & Legumes,203.0,15.5,44.0,8.7,2.7,0.9,173.9,1.0,0,0,0,0,0,8.23,A
PROD_03382,Fresh Produce Item #3382,Whole Foods & Produce,60.5,2.7,9.0,2.7,1.1,9.0,21.6,0.2,0,0,0,0,0,6.1,C
PROD_03383,Grain/Legume #3383,Whole Grains & Legumes,315.4,18.0,61.0,13.5,4.0,3.4,171.5,0.6,0,0,0,0,0,8.04,A
PROD_03384,Processed Snack #3384,Processed Snacks & Sweets,224.7,2.6,43.9,0.8,19.5,32.0,623.7,3.0,1,1,0,0,0,1.22,E
PROD_03385,Dairy Product #3385,Dairy & Cheese,382.7,11.8,2.1,0.0,12.4,2.1,504.2,2.8,0,0,0,0,0,5.76,C
PROD_03386,Grain/Legume #3386,Whole Grains & Legumes,236.2,16.7,38.2,9.9,1.3,3.9,21.6,0.7,0,0,0,0,0,9.45,A
PROD_03387,Processed Snack #3387,Processed Snacks & Sweets,404.9,3.8,48.2,1.2,19.2,20.8,216.7,10.1,0,1,0,1,0,1.53,E
PROD_03388,Prepared Meal #3388,Fast Food & Prepared Meals,743.9,27.8,73.2,5.5,26.1,17.5,1257.8,5.1,0,0,0,0,0,5.44,C
PROD_03389,Fresh Produce Item #3389,Whole Foods & Produce,65.9,1.2,18.0,7.9,1.0,9.9,12.3,0.1,0,0,0,0,0,4.03,D
PROD_03390,Grain/Legume #3390,Whole Grains & Legumes,186.0,8.3,30.8,7.2,2.1,4.4,155.2,0.2,0,0,0,0,0,7.48,B
PROD_03391,Dairy Product #3391,Dairy & Cheese,337.4,14.0,5.8,0.0,26.1,5.8,318.3,9.9,0,0,0,0,0,4.91,D
PROD_03392,Condiment #3392,Condiments & Sauces,19.5,0.4,8.8,0.1,8.2,8.8,608.0,1.2,1,1,0,0,0,1.0,E
PROD_03393,Grain/Legume #3393,Whole Grains & Legumes,324.6,16.4,55.0,12.7,1.6,2.6,26.6,0.9,0,0,0,0,0,8.23,A
PROD_03394,Processed Snack #3394,Processed Snacks & Sweets,463.8,3.8,56.9,1.3,11.9,16.3,268.3,11.4,1,0,0,0,0,3.0,E
PROD_03395,Superfood Oil/Nut #3395,Superfoods & Healthy Oils,195.4,2.0,0.4,0.4,14.9,0.4,30.3,2.9,0,0,0,0,1,8.39,A
PROD_03396,Grain/Legume #3396,Whole Grains & Legumes,333.6,6.7,45.3,7.2,4.1,3.6,24.0,0.7,0,0,0,0,0,5.91,C
PROD_03397,Fresh Produce Item #3397,Whole Foods & Produce,52.1,1.0,24.8,5.4,0.8,4.8,47.8,0.3,0,0,0,0,1,4.8,D
PROD_03398,Condiment #3398,Condiments & Sauces,66.2,1.8,4.6,0.8,9.1,2.5,305.3,1.1,1,0,0,0,0,2.11,E
PROD_03399,Dairy Product #3399,Dairy & Cheese,121.5,10.7,8.7,0.0,29.8,4.8,292.1,14.4,0,0,0,0,0,4.56,D
PROD_03400,Nutrition Shake/Supplement #3400,Dietary Supplements & Shakes,269.3,41.1,24.2,3.2,2.4,11.3,169.9,0.7,0,0,1,0,0,7.09,B
PROD_03401,Processed Snack #3401,Processed Snacks & Sweets,364.9,2.2,40.8,1.5,10.5,17.9,475.4,10.5,0,0,0,1,0,3.13,E
PROD_03402,Superfood Oil/Nut #3402,Superfoods & Healthy Oils,137.1,2.7,5.1,2.3,25.6,0.6,18.3,2.6,0,0,0,0,1,8.65,A
PROD_03403,Beverage Item #3403,Beverages & Drinks,65.1,1.6,1.8,0.1,0.3,1.8,97.6,0.0,0,0,0,0,0,5.89,C
PROD_03404,Condiment #3404,Condiments & Sauces,144.8,1.6,34.9,0.4,1.1,8.6,414.6,1.1,0,0,0,1,0,1.0,E
PROD_03405,Condiment #3405,Condiments & Sauces,16.8,0.3,23.3,0.8,3.6,7.6,612.9,2.1,0,1,0,1,0,1.0,E
PROD_03406,Lean Protein #3406,Lean Proteins & Poultry,122.0,20.7,1.8,0.8,1.9,1.4,312.2,1.3,0,0,0,0,1,7.39,B
PROD_03407,Processed Snack #3407,Processed Snacks & Sweets,526.9,1.6,43.8,2.6,13.0,24.5,556.9,7.8,0,0,0,0,0,4.96,D
PROD_03408,Nutrition Shake/Supplement #3408,Dietary Supplements & Shakes,193.1,42.6,23.4,6.5,2.2,0.8,91.0,1.1,0,0,1,1,0,6.87,B
PROD_03409,Grain/Legume #3409,Whole Grains & Legumes,316.0,11.9,63.3,6.3,1.4,1.4,196.5,0.5,0,0,0,0,0,5.16,C
PROD_03410,Prepared Meal #3410,Fast Food & Prepared Meals,934.7,36.3,84.9,1.7,38.9,19.0,989.1,14.2,1,1,0,0,0,2.86,E
PROD_03411,Nutrition Shake/Supplement #3411,Dietary Supplements & Shakes,162.2,33.6,19.0,2.5,8.7,0.6,260.0,1.1,0,0,0,0,0,8.71,A
PROD_03412,Beverage Item #3412,Beverages & Drinks,43.2,0.3,13.2,0.3,0.7,13.2,70.4,0.0,1,0,0,0,0,1.0,E
PROD_03413,Grain/Legume #3413,Whole Grains & Legumes,143.0,11.7,55.8,11.0,4.8,0.7,61.8,0.4,0,0,0,0,0,6.6,B
PROD_03414,Superfood Oil/Nut #3414,Superfoods & Healthy Oils,203.6,9.0,2.9,0.8,18.9,0.6,28.3,2.4,0,0,0,0,1,6.03,C
PROD_03415,Prepared Meal #3415,Fast Food & Prepared Meals,812.7,29.6,70.5,3.0,39.0,15.0,1033.8,17.4,0,0,0,1,0,3.94,D
PROD_03416,Fresh Produce Item #3416,Whole Foods & Produce,109.3,2.5,16.5,5.7,0.6,11.9,34.8,0.4,0,0,0,0,0,5.8,C
PROD_03417,Superfood Oil/Nut #3417,Superfoods & Healthy Oils,267.1,3.9,7.7,2.0,12.6,1.8,39.8,3.4,0,0,0,0,1,4.74,D
PROD_03418,Fresh Produce Item #3418,Whole Foods & Produce,53.5,0.8,23.6,4.3,0.4,3.9,23.3,0.3,0,0,0,0,0,5.85,C
PROD_03419,Fresh Produce Item #3419,Whole Foods & Produce,26.6,2.5,20.8,5.3,1.6,10.1,34.4,0.0,0,0,0,0,1,4.82,D
PROD_03420,Beverage Item #3420,Beverages & Drinks,93.0,1.1,11.1,0.1,0.4,10.8,119.9,0.0,0,0,0,0,0,3.78,D
PROD_03421,Prepared Meal #3421,Fast Food & Prepared Meals,585.0,31.8,60.9,2.3,54.3,12.9,597.5,13.4,0,0,0,0,0,5.63,C
PROD_03422,Dairy Product #3422,Dairy & Cheese,260.1,14.4,11.5,0.0,17.6,6.4,127.5,6.3,0,0,0,0,0,6.16,C
PROD_03423,Lean Protein #3423,Lean Proteins & Poultry,200.1,27.7,3.6,0.6,2.0,1.8,82.0,2.0,0,0,0,0,0,8.54,A
PROD_03424,Processed Snack #3424,Processed Snacks & Sweets,324.3,5.1,49.4,2.8,13.9,41.6,331.0,5.3,1,0,0,0,0,1.24,E
PROD_03425,Prepared Meal #3425,Fast Food & Prepared Meals,879.6,30.0,72.4,4.2,30.3,18.8,1705.6,4.1,1,0,0,1,0,1.8,E
PROD_03426,Dairy Product #3426,Dairy & Cheese,265.4,9.2,11.3,0.0,16.2,9.3,592.0,10.2,0,0,0,0,0,5.01,C
PROD_03427,Condiment #3427,Condiments & Sauces,26.6,0.9,12.0,0.7,9.1,12.0,348.2,0.2,1,0,0,0,0,1.78,E
PROD_03428,Processed Snack #3428,Processed Snacks & Sweets,368.0,2.7,58.5,1.8,8.6,43.6,520.7,8.6,0,1,0,0,0,1.0,E
PROD_03429,Grain/Legume #3429,Whole Grains & Legumes,278.8,16.6,30.1,13.1,4.7,2.4,60.9,0.7,0,0,0,0,0,9.29,A
PROD_03430,Nutrition Shake/Supplement #3430,Dietary Supplements & Shakes,314.1,43.0,16.2,3.2,8.2,9.7,75.8,1.5,0,0,0,0,0,8.41,A
PROD_03431,Grain/Legume #3431,Whole Grains & Legumes,196.1,8.2,37.5,9.7,1.2,1.1,23.8,0.2,0,0,0,0,0,7.17,B
PROD_03432,Beverage Item #3432,Beverages & Drinks,222.2,0.2,37.2,0.1,0.8,3.4,114.8,0.0,1,0,1,1,0,1.0,E
PROD_03433,Fresh Produce Item #3433,Whole Foods & Produce,98.3,0.6,17.3,3.1,1.9,7.6,7.2,0.4,0,0,0,0,0,6.12,C
PROD_03434,Fresh Produce Item #3434,Whole Foods & Produce,104.2,3.5,7.6,3.5,0.2,7.6,15.6,0.2,0,0,0,0,0,8.29,A
PROD_03435,Prepared Meal #3435,Fast Food & Prepared Meals,506.8,14.6,58.7,5.9,42.6,16.7,1061.8,15.4,0,0,0,1,0,1.82,E
PROD_03436,Processed Snack #3436,Processed Snacks & Sweets,436.3,4.0,34.9,2.5,17.7,12.1,419.4,7.4,1,1,0,0,0,1.52,E
PROD_03437,Fresh Produce Item #3437,Whole Foods & Produce,54.0,1.1,19.2,3.7,1.3,6.2,27.8,0.2,0,0,0,0,0,5.2,C
PROD_03438,Lean Protein #3438,Lean Proteins & Poultry,195.4,41.6,0.7,0.2,5.3,0.6,444.5,2.2,0,0,0,0,0,8.32,A
PROD_03439,Dairy Product #3439,Dairy & Cheese,364.4,9.6,6.4,0.0,6.2,6.4,593.4,6.2,0,0,0,0,0,5.22,C
PROD_03440,Lean Protein #3440,Lean Proteins & Poultry,165.6,35.0,1.8,0.7,10.8,1.5,307.1,2.0,0,0,0,0,0,8.76,A
PROD_03441,Grain/Legume #3441,Whole Grains & Legumes,335.5,16.9,31.2,14.0,3.8,4.9,95.3,0.8,0,0,0,0,0,8.87,A
PROD_03442,Condiment #3442,Condiments & Sauces,133.1,1.9,12.2,1.4,11.0,12.2,1001.4,2.1,1,0,0,0,0,1.76,E
PROD_03443,Beverage Item #3443,Beverages & Drinks,179.7,0.2,29.6,0.2,0.9,8.8,96.8,0.0,1,0,0,1,0,1.0,E
PROD_03444,Beverage Item #3444,Beverages & Drinks,125.6,1.3,59.1,0.2,0.6,29.3,113.0,0.0,1,0,0,1,0,1.0,E
PROD_03445,Lean Protein #3445,Lean Proteins & Poultry,228.2,31.0,0.7,0.3,9.9,0.7,443.4,2.4,0,0,0,0,0,8.32,A
PROD_03446,Grain/Legume #3446,Whole Grains & Legumes,250.4,16.9,58.5,7.6,3.1,3.5,197.6,0.2,0,0,0,0,0,7.05,B
PROD_03447,Beverage Item #3447,Beverages & Drinks,133.9,1.7,46.9,0.2,0.9,46.9,78.8,0.0,1,0,1,0,0,1.0,E
PROD_03448,Beverage Item #3448,Beverages & Drinks,112.8,1.7,6.1,0.3,0.7,6.1,112.9,0.0,0,0,0,0,0,4.95,D
PROD_03449,Grain/Legume #3449,Whole Grains & Legumes,249.7,7.4,38.9,5.4,3.2,2.1,175.0,0.5,0,0,0,0,0,6.01,C
PROD_03450,Grain/Legume #3450,Whole Grains & Legumes,144.0,9.5,60.6,7.6,5.0,1.7,149.1,0.5,0,0,0,0,1,5.05,C
PROD_03451,Condiment #3451,Condiments & Sauces,54.9,1.0,8.3,0.9,16.4,8.3,489.8,1.5,1,0,0,1,1,1.0,E
PROD_03452,Processed Snack #3452,Processed Snacks & Sweets,547.5,4.9,31.2,1.7,16.9,31.2,336.6,6.2,1,1,0,0,0,2.17,E
PROD_03453,Superfood Oil/Nut #3453,Superfoods & Healthy Oils,129.4,5.3,5.2,3.0,25.8,1.7,2.9,2.1,0,0,0,0,1,5.12,C
PROD_03454,Beverage Item #3454,Beverages & Drinks,32.7,0.1,50.4,0.2,0.8,16.3,104.8,0.0,0,0,0,1,0,1.05,E
PROD_03455,Nutrition Shake/Supplement #3455,Dietary Supplements & Shakes,237.9,34.8,7.2,1.8,1.7,7.2,153.7,0.7,0,0,1,1,0,6.32,C
PROD_03456,Lean Protein #3456,Lean Proteins & Poultry,225.9,37.7,0.6,0.6,1.6,0.6,355.9,1.6,0,0,0,0,0,7.17,B
PROD_03457,Beverage Item #3457,Beverages & Drinks,18.8,1.0,32.2,0.2,1.0,30.6,107.8,0.0,0,0,1,0,0,1.0,E
PROD_03458,Nutrition Shake/Supplement #3458,Dietary Supplements & Shakes,102.4,44.7,13.0,7.9,6.9,1.1,307.7,1.6,0,0,0,0,0,10.0,A
PROD_03459,Superfood Oil/Nut #3459,Superfoods & Healthy Oils,203.7,5.9,3.3,0.7,28.0,1.1,16.8,3.1,0,0,0,0,1,4.53,D
PROD_03460,Nutrition Shake/Supplement #3460,Dietary Supplements & Shakes,134.0,18.1,7.7,4.9,2.6,3.7,304.9,2.3,0,0,0,0,0,9.91,A
PROD_03461,Beverage Item #3461,Beverages & Drinks,224.1,0.2,6.5,0.5,1.0,6.5,63.3,0.0,0,0,1,1,0,1.82,E
PROD_03462,Superfood Oil/Nut #3462,Superfoods & Healthy Oils,137.1,4.3,7.9,3.3,17.9,0.2,10.7,2.7,0,0,0,0,1,5.97,C
PROD_03463,Condiment #3463,Condiments & Sauces,79.9,1.4,15.6,1.4,11.1,5.2,784.9,2.3,0,0,0,1,1,1.57,E
PROD_03464,Condiment #3464,Condiments & Sauces,159.6,1.7,18.7,0.0,2.2,18.7,1203.7,1.1,0,0,0,0,1,2.25,E
PROD_03465,Nutrition Shake/Supplement #3465,Dietary Supplements & Shakes,311.2,38.3,14.8,5.6,3.6,2.8,132.0,1.1,0,0,1,0,0,7.18,B
PROD_03466,Fresh Produce Item #3466,Whole Foods & Produce,56.3,1.0,18.0,6.3,0.4,5.3,11.9,0.4,0,0,0,0,0,5.17,C
PROD_03467,Fresh Produce Item #3467,Whole Foods & Produce,70.2,3.0,18.6,5.4,2.0,4.8,24.0,0.1,0,0,0,0,0,7.1,B
PROD_03468,Condiment #3468,Condiments & Sauces,69.7,0.3,32.4,1.1,6.1,2.9,590.8,0.6,0,0,0,0,1,2.79,E
PROD_03469,Processed Snack #3469,Processed Snacks & Sweets,203.9,4.3,45.0,2.1,28.4,31.5,363.3,4.5,1,0,0,1,0,2.26,E
PROD_03470,Nutrition Shake/Supplement #3470,Dietary Supplements & Shakes,282.8,31.0,6.5,5.3,6.6,1.5,144.3,0.5,0,0,1,0,0,7.75,B
PROD_03471,Fresh Produce Item #3471,Whole Foods & Produce,98.0,3.6,24.3,6.1,1.3,11.0,43.5,0.4,0,0,0,0,0,4.15,D
PROD_03472,Dairy Product #3472,Dairy & Cheese,170.8,17.5,7.7,0.0,23.5,7.5,637.3,18.4,0,0,0,0,0,4.86,D
PROD_03473,Prepared Meal #3473,Fast Food & Prepared Meals,479.5,36.8,72.2,5.7,29.9,9.4,629.2,8.2,0,0,0,0,0,6.98,B
PROD_03474,Nutrition Shake/Supplement #3474,Dietary Supplements & Shakes,286.9,17.5,11.4,3.3,5.7,2.6,219.0,1.8,0,0,1,1,0,4.03,D
PROD_03475,Grain/Legume #3475,Whole Grains & Legumes,202.8,8.7,56.1,6.6,2.7,3.9,116.9,0.6,0,0,0,0,0,5.11,C
PROD_03476,Dairy Product #3476,Dairy & Cheese,358.1,12.7,8.7,0.0,10.5,8.7,431.9,9.6,0,0,0,0,0,4.86,D
PROD_03477,Nutrition Shake/Supplement #3477,Dietary Supplements & Shakes,201.1,39.8,5.4,1.2,6.0,2.4,126.7,2.5,0,0,0,0,0,8.99,A
PROD_03478,Nutrition Shake/Supplement #3478,Dietary Supplements & Shakes,310.6,43.4,12.3,1.3,1.6,1.9,72.5,1.2,1,0,0,1,0,5.64,C
PROD_03479,Prepared Meal #3479,Fast Food & Prepared Meals,411.8,33.5,81.8,3.2,51.3,7.3,1548.8,11.6,0,1,0,1,0,1.71,E
PROD_03480,Lean Protein #3480,Lean Proteins & Poultry,198.8,40.5,3.3,0.1,10.9,1.8,162.4,2.2,0,0,0,0,0,8.7,A
PROD_03481,Dairy Product #3481,Dairy & Cheese,260.8,16.6,2.3,0.0,22.0,2.3,415.7,16.8,0,0,0,0,0,4.77,D
PROD_03482,Processed Snack #3482,Processed Snacks & Sweets,318.6,2.4,49.4,2.4,8.2,44.8,724.2,2.7,1,0,0,1,0,1.0,E
PROD_03483,Beverage Item #3483,Beverages & Drinks,64.1,0.6,37.9,0.3,0.2,11.9,112.1,0.0,0,0,0,0,0,2.16,E
PROD_03484,Fresh Produce Item #3484,Whole Foods & Produce,87.0,3.4,9.6,7.1,1.0,3.7,45.6,0.4,0,0,0,0,0,7.91,B
PROD_03485,Superfood Oil/Nut #3485,Superfoods & Healthy Oils,125.5,3.9,7.4,2.5,23.1,0.5,1.3,2.7,0,0,0,0,1,5.06,C
PROD_03486,Fresh Produce Item #3486,Whole Foods & Produce,114.3,3.8,19.4,3.7,1.4,4.5,20.0,0.4,0,0,0,0,0,7.41,B
PROD_03487,Processed Snack #3487,Processed Snacks & Sweets,292.4,3.2,57.2,1.6,9.2,44.2,426.3,9.2,1,0,0,0,0,1.0,E
PROD_03488,Fresh Produce Item #3488,Whole Foods & Produce,64.8,2.5,18.7,7.1,0.5,5.8,29.7,0.2,0,0,0,0,0,6.09,C
PROD_03489,Prepared Meal #3489,Fast Food & Prepared Meals,814.8,35.9,41.1,5.2,52.2,16.4,1795.2,8.7,0,0,0,0,0,4.72,D
PROD_03490,Superfood Oil/Nut #3490,Superfoods & Healthy Oils,179.3,2.2,2.2,2.2,12.4,0.2,22.9,1.3,0,0,0,0,1,8.51,A
PROD_03491,Superfood Oil/Nut #3491,Superfoods & Healthy Oils,279.6,8.1,1.2,1.2,12.4,0.9,38.8,1.5,0,0,0,0,1,6.06,C
PROD_03492,Condiment #3492,Condiments & Sauces,35.0,1.0,26.5,1.3,3.3,7.0,1234.7,1.5,1,0,0,0,0,1.0,E
PROD_03493,Grain/Legume #3493,Whole Grains & Legumes,226.9,17.3,59.5,14.5,2.6,1.0,199.6,0.3,0,0,0,0,0,8.03,A
PROD_03494,Fresh Produce Item #3494,Whole Foods & Produce,117.0,1.9,6.4,6.0,0.8,6.4,9.0,0.1,0,0,0,0,0,6.39,C
PROD_03495,Beverage Item #3495,Beverages & Drinks,234.2,0.1,59.7,0.5,0.7,51.9,26.8,0.0,0,0,1,0,0,1.0,E
PROD_03496,Dairy Product #3496,Dairy & Cheese,103.5,23.0,9.8,0.0,21.9,9.8,577.5,8.9,0,0,0,0,0,4.64,D
PROD_03497,Fresh Produce Item #3497,Whole Foods & Produce,61.9,3.5,20.5,3.5,0.2,9.4,42.9,0.1,0,0,0,0,0,3.88,D
PROD_03498,Superfood Oil/Nut #3498,Superfoods & Healthy Oils,168.0,7.8,1.7,1.7,16.4,0.4,46.7,1.6,0,0,0,0,1,5.68,C
PROD_03499,Grain/Legume #3499,Whole Grains & Legumes,251.4,7.9,56.2,8.4,4.7,2.0,173.3,0.5,0,0,0,0,0,5.52,C
PROD_03500,Processed Snack #3500,Processed Snacks & Sweets,429.3,2.7,44.8,1.7,13.7,24.4,697.4,10.7,0,0,0,0,0,2.96,E
PROD_03501,Beverage Item #3501,Beverages & Drinks,177.1,0.1,43.9,0.4,0.1,8.3,96.7,0.0,0,0,0,1,0,1.46,E
PROD_03502,Nutrition Shake/Supplement #3502,Dietary Supplements & Shakes,299.1,42.3,16.3,5.9,5.2,2.2,240.5,1.2,1,0,0,1,0,5.56,C
PROD_03503,Processed Snack #3503,Processed Snacks & Sweets,526.9,1.8,31.3,0.5,28.1,17.0,433.0,3.0,1,0,0,0,0,3.56,D
PROD_03504,Lean Protein #3504,Lean Proteins & Poultry,212.7,44.0,3.8,0.3,7.2,0.9,276.4,2.2,0,0,0,0,0,9.69,A
PROD_03505,Prepared Meal #3505,Fast Food & Prepared Meals,436.2,12.7,66.1,4.1,15.4,13.3,1171.7,4.7,0,1,0,0,0,2.34,E
PROD_03506,Dairy Product #3506,Dairy & Cheese,208.4,8.4,10.0,0.0,25.1,3.1,139.7,12.5,0,0,0,0,0,4.48,D
PROD_03507,Condiment #3507,Condiments & Sauces,170.4,1.1,29.8,0.8,13.9,2.4,1159.1,1.6,1,1,0,1,1,1.0,E
PROD_03508,Beverage Item #3508,Beverages & Drinks,76.8,1.0,30.2,0.2,0.5,23.5,100.5,0.0,1,0,0,1,0,1.0,E
PROD_03509,Fresh Produce Item #3509,Whole Foods & Produce,98.3,1.7,20.9,4.9,1.6,10.6,14.0,0.2,0,0,0,0,0,4.13,D
PROD_03510,Lean Protein #3510,Lean Proteins & Poultry,182.3,31.5,0.3,0.3,10.3,0.3,172.0,1.4,0,0,0,0,0,8.3,A
PROD_03511,Prepared Meal #3511,Fast Food & Prepared Meals,910.8,19.0,71.4,4.8,23.3,11.3,703.1,13.8,0,0,0,0,0,5.31,C
PROD_03512,Dairy Product #3512,Dairy & Cheese,107.6,8.6,8.6,0.0,18.6,2.7,47.2,5.3,0,0,1,0,0,3.93,D
PROD_03513,Grain/Legume #3513,Whole Grains & Legumes,233.5,9.3,63.8,5.6,4.8,1.2,78.5,0.5,0,0,0,0,0,5.28,C
PROD_03514,Superfood Oil/Nut #3514,Superfoods & Healthy Oils,130.8,6.9,4.8,2.7,25.4,1.1,47.8,2.9,0,0,0,0,1,6.24,C
PROD_03515,Superfood Oil/Nut #3515,Superfoods & Healthy Oils,125.9,6.8,3.0,3.0,25.8,0.0,38.0,2.3,0,0,0,0,1,6.08,C
PROD_03516,Beverage Item #3516,Beverages & Drinks,37.4,0.8,15.4,0.3,0.7,15.4,66.7,0.0,0,0,0,1,0,1.0,E
PROD_03517,Dairy Product #3517,Dairy & Cheese,214.9,9.1,11.6,0.0,27.6,5.5,45.5,13.8,1,0,0,0,0,2.5,E
PROD_03518,Grain/Legume #3518,Whole Grains & Legumes,298.1,7.5,46.3,8.4,4.0,4.1,17.9,0.4,0,0,0,0,0,5.76,C
PROD_03519,Processed Snack #3519,Processed Snacks & Sweets,429.7,4.5,42.5,1.0,26.2,36.4,694.1,6.6,0,1,0,0,0,2.53,E
PROD_03520,Processed Snack #3520,Processed Snacks & Sweets,361.4,3.4,54.4,2.5,27.5,17.3,613.2,7.1,1,1,1,0,0,1.0,E
PROD_03521,Dairy Product #3521,Dairy & Cheese,286.4,7.7,17.3,0.0,11.9,10.5,529.9,4.3,0,0,1,1,0,1.94,E
PROD_03522,Dairy Product #3522,Dairy & Cheese,159.5,14.0,3.2,0.0,24.9,3.1,551.1,13.3,0,0,0,0,0,3.87,D
PROD_03523,Lean Protein #3523,Lean Proteins & Poultry,181.9,28.1,0.4,0.2,9.8,0.4,109.4,2.5,0,0,0,0,0,8.8,A
PROD_03524,Beverage Item #3524,Beverages & Drinks,52.9,0.8,36.9,0.2,0.7,36.9,33.0,0.0,1,0,0,1,0,1.0,E
PROD_03525,Nutrition Shake/Supplement #3525,Dietary Supplements & Shakes,107.8,25.0,11.2,1.7,1.5,7.1,140.5,0.5,0,0,0,1,0,7.36,B
PROD_03526,Fresh Produce Item #3526,Whole Foods & Produce,56.4,2.3,22.1,2.6,0.4,11.3,8.7,0.2,0,0,0,0,0,3.71,D
PROD_03527,Superfood Oil/Nut #3527,Superfoods & Healthy Oils,184.6,1.3,4.5,1.0,14.2,0.3,38.1,1.0,0,0,0,0,1,4.71,D
PROD_03528,Lean Protein #3528,Lean Proteins & Poultry,243.2,35.2,3.8,1.0,3.1,0.9,282.7,1.5,0,0,0,0,0,8.46,A
PROD_03529,Fresh Produce Item #3529,Whole Foods & Produce,77.0,1.1,21.5,6.7,1.9,3.2,31.6,0.2,0,0,0,0,0,5.01,C
PROD_03530,Condiment #3530,Condiments & Sauces,111.4,1.1,21.6,0.4,13.7,14.4,251.1,0.5,0,0,0,0,0,5.14,C
PROD_03531,Lean Protein #3531,Lean Proteins & Poultry,122.7,44.6,2.4,0.2,5.2,0.0,116.6,1.5,0,0,0,0,0,9.13,A
PROD_03532,Prepared Meal #3532,Fast Food & Prepared Meals,693.4,19.7,42.3,1.6,44.0,15.3,1093.0,5.4,1,0,0,0,0,3.42,E
PROD_03533,Lean Protein #3533,Lean Proteins & Poultry,222.1,26.5,1.2,0.3,11.9,0.7,332.6,3.4,0,0,0,0,0,8.09,A
PROD_03534,Dairy Product #3534,Dairy & Cheese,317.1,20.4,8.7,0.0,27.2,3.3,311.1,18.9,0,0,1,0,0,4.12,D
PROD_03535,Grain/Legume #3535,Whole Grains & Legumes,339.3,12.7,50.4,7.4,4.0,0.7,48.0,0.2,0,0,0,0,0,6.42,C
PROD_03536,Processed Snack #3536,Processed Snacks & Sweets,347.3,5.6,33.4,1.9,20.6,33.4,687.6,6.5,0,0,0,1,0,2.99,E
PROD_03537,Beverage Item #3537,Beverages & Drinks,231.5,1.6,6.6,0.4,0.4,6.6,98.1,0.0,1,0,0,0,0,3.3,E
PROD_03538,Lean Protein #3538,Lean Proteins & Poultry,110.6,28.2,1.5,0.1,8.3,1.5,410.4,1.3,0,0,0,0,0,7.62,B
PROD_03539,Superfood Oil/Nut #3539,Superfoods & Healthy Oils,223.2,6.1,0.4,0.4,14.4,0.4,10.7,2.7,0,0,0,0,1,6.54,B
PROD_03540,Superfood Oil/Nut #3540,Superfoods & Healthy Oils,243.7,4.3,0.9,0.9,22.1,0.9,49.0,1.4,0,0,0,0,1,4.38,D
PROD_03541,Prepared Meal #3541,Fast Food & Prepared Meals,581.1,15.6,38.9,2.3,49.7,21.7,1636.9,17.6,0,1,0,0,0,3.0,E
PROD_03542,Processed Snack #3542,Processed Snacks & Sweets,301.7,4.2,32.4,0.9,28.4,28.1,684.1,9.4,1,0,1,0,0,1.0,E
PROD_03543,Lean Protein #3543,Lean Proteins & Poultry,130.5,21.7,1.6,0.5,5.3,0.0,281.6,0.9,0,0,0,0,0,8.22,A
PROD_03544,Grain/Legume #3544,Whole Grains & Legumes,135.7,12.5,56.9,10.9,3.8,4.5,174.6,0.3,0,0,0,0,0,6.63,B
PROD_03545,Beverage Item #3545,Beverages & Drinks,138.1,1.9,24.0,0.3,0.4,24.0,18.9,0.0,0,0,0,1,0,1.0,E
PROD_03546,Nutrition Shake/Supplement #3546,Dietary Supplements & Shakes,252.5,16.3,13.2,1.0,5.7,5.8,324.6,1.9,0,0,1,0,0,5.76,C
PROD_03547,Prepared Meal #3547,Fast Food & Prepared Meals,522.8,31.3,77.3,4.6,44.4,13.8,659.2,18.0,0,0,0,0,0,6.47,C
PROD_03548,Superfood Oil/Nut #3548,Superfoods & Healthy Oils,188.5,4.3,3.7,0.6,17.1,0.7,23.3,3.6,0,0,0,0,1,5.28,C
PROD_03549,Lean Protein #3549,Lean Proteins & Poultry,200.9,32.9,3.4,0.9,9.4,1.7,166.0,2.9,0,0,0,0,0,8.18,A
PROD_03550,Processed Snack #3550,Processed Snacks & Sweets,438.0,5.3,37.1,1.5,15.8,33.3,268.7,11.6,0,0,0,1,0,3.13,E
PROD_03551,Grain/Legume #3551,Whole Grains & Legumes,307.4,17.1,63.7,9.5,5.0,1.7,95.1,0.8,0,0,0,0,0,6.87,B
PROD_03552,Superfood Oil/Nut #3552,Superfoods & Healthy Oils,178.4,3.8,1.6,1.6,24.6,0.9,5.8,3.5,0,0,0,0,1,4.97,D
PROD_03553,Lean Protein #3553,Lean Proteins & Poultry,133.2,26.7,4.5,0.6,5.0,1.6,93.6,3.1,0,0,0,0,0,9.04,A
PROD_03554,Grain/Legume #3554,Whole Grains & Legumes,161.2,13.1,43.4,7.5,2.0,3.3,16.5,0.5,0,0,0,0,0,8.57,A
PROD_03555,Fresh Produce Item #3555,Whole Foods & Produce,103.0,0.7,22.3,6.3,0.9,14.0,36.6,0.5,0,0,0,0,0,5.07,C
PROD_03556,Processed Snack #3556,Processed Snacks & Sweets,395.8,2.6,57.8,1.8,28.7,26.4,581.9,8.1,0,1,0,1,0,1.13,E
PROD_03557,Grain/Legume #3557,Whole Grains & Legumes,214.2,14.0,46.3,7.7,2.8,1.5,102.6,0.8,0,0,0,0,1,8.94,A
PROD_03558,Lean Protein #3558,Lean Proteins & Poultry,216.5,30.4,0.3,0.3,6.9,0.3,143.9,0.9,0,0,0,0,0,8.72,A
PROD_03559,Lean Protein #3559,Lean Proteins & Poultry,221.4,30.6,2.0,0.9,1.5,1.7,122.6,1.3,0,0,0,0,0,8.25,A
PROD_03560,Dairy Product #3560,Dairy & Cheese,99.0,12.0,7.1,0.0,22.1,7.1,514.3,8.5,0,0,0,0,0,5.18,C
PROD_03561,Beverage Item #3561,Beverages & Drinks,114.3,1.1,36.7,0.0,0.5,36.1,115.7,0.0,1,0,0,1,0,1.0,E
PROD_03562,Superfood Oil/Nut #3562,Superfoods & Healthy Oils,232.0,8.9,6.6,2.8,11.5,0.7,4.3,1.9,0,0,0,0,1,5.88,C
PROD_03563,Processed Snack #3563,Processed Snacks & Sweets,471.5,1.6,57.7,0.9,26.4,21.1,179.2,6.8,0,0,0,1,0,3.43,E
PROD_03564,Beverage Item #3564,Beverages & Drinks,173.1,1.6,23.7,0.3,0.4,9.0,53.7,0.0,0,0,1,0,0,2.51,E
PROD_03565,Processed Snack #3565,Processed Snacks & Sweets,338.1,1.7,34.6,2.9,21.0,34.6,498.1,6.3,1,0,1,0,0,1.0,E
PROD_03566,Dairy Product #3566,Dairy & Cheese,221.2,18.7,12.3,0.0,10.7,12.3,641.7,10.7,0,0,0,0,0,3.79,D
PROD_03567,Prepared Meal #3567,Fast Food & Prepared Meals,877.8,28.2,43.2,4.1,34.9,12.5,942.7,10.6,0,0,0,0,1,6.54,B
PROD_03568,Condiment #3568,Condiments & Sauces,165.4,0.5,29.5,1.0,10.1,24.5,1363.1,3.0,0,0,0,0,0,1.0,E
PROD_03569,Processed Snack #3569,Processed Snacks & Sweets,463.4,1.1,66.5,3.0,28.7,39.6,559.0,5.1,0,0,0,1,0,4.08,D
PROD_03570,Lean Protein #3570,Lean Proteins & Poultry,242.4,23.3,0.0,0.0,3.3,0.0,376.0,1.6,0,0,0,0,0,5.78,C
PROD_03571,Nutrition Shake/Supplement #3571,Dietary Supplements & Shakes,285.6,37.1,22.5,5.1,4.8,3.6,224.9,1.7,0,0,0,0,0,9.64,A
PROD_03572,Beverage Item #3572,Beverages & Drinks,55.3,1.2,24.1,0.1,0.4,17.1,22.3,0.0,0,0,0,1,0,1.0,E
PROD_03573,Beverage Item #3573,Beverages & Drinks,75.9,1.2,6.6,0.0,0.5,2.7,106.2,0.0,0,0,1,1,0,2.25,E
PROD_03574,Grain/Legume #3574,Whole Grains & Legumes,173.9,9.1,37.7,11.7,3.4,1.4,90.2,0.8,0,0,0,0,0,8.39,A
PROD_03575,Lean Protein #3575,Lean Proteins & Poultry,183.2,34.4,1.9,0.3,10.4,0.0,300.1,1.7,0,0,0,0,0,8.28,A
PROD_03576,Dairy Product #3576,Dairy & Cheese,112.8,17.2,8.7,0.0,25.1,8.7,351.5,13.0,0,0,0,0,0,5.25,C
PROD_03577,Beverage Item #3577,Beverages & Drinks,186.1,0.2,38.1,0.2,0.3,38.1,15.7,0.0,0,0,0,1,0,1.0,E
PROD_03578,Fresh Produce Item #3578,Whole Foods & Produce,41.8,2.7,6.0,2.8,0.9,6.0,38.0,0.5,0,0,0,0,1,7.42,B
PROD_03579,Nutrition Shake/Supplement #3579,Dietary Supplements & Shakes,134.9,16.1,8.8,2.7,4.7,2.1,196.6,2.3,0,0,0,0,0,10.0,A
PROD_03580,Nutrition Shake/Supplement #3580,Dietary Supplements & Shakes,272.7,30.4,10.3,6.8,2.0,3.8,227.4,2.0,1,0,1,1,0,4.72,D
PROD_03581,Beverage Item #3581,Beverages & Drinks,43.5,0.7,22.8,0.2,0.0,22.8,49.4,0.0,0,0,1,1,0,1.0,E
PROD_03582,Dairy Product #3582,Dairy & Cheese,354.7,22.1,5.5,0.0,18.8,5.5,568.8,6.3,0,0,0,0,0,6.75,B
PROD_03583,Prepared Meal #3583,Fast Food & Prepared Meals,526.1,30.3,59.0,1.5,52.5,6.7,650.7,15.5,0,1,0,0,1,4.75,D
PROD_03584,Fresh Produce Item #3584,Whole Foods & Produce,54.4,1.2,7.7,4.4,1.7,7.7,7.1,0.1,0,0,0,0,0,5.36,C
PROD_03585,Prepared Meal #3585,Fast Food & Prepared Meals,691.0,36.5,37.3,2.8,16.1,14.3,606.9,10.7,0,1,0,0,1,5.34,C
PROD_03586,Lean Protein #3586,Lean Proteins & Poultry,122.7,38.7,4.9,0.4,2.7,0.2,60.4,2.7,0,0,0,0,0,8.74,A
PROD_03587,Processed Snack #3587,Processed Snacks & Sweets,229.3,2.4,59.4,0.9,26.0,36.8,514.7,3.6,0,0,0,0,0,4.95,D
PROD_03588,Nutrition Shake/Supplement #3588,Dietary Supplements & Shakes,121.1,42.8,21.6,3.2,7.1,9.3,118.4,1.7,0,0,0,1,0,7.39,B
PROD_03589,Prepared Meal #3589,Fast Food & Prepared Meals,493.6,26.5,52.3,3.3,42.4,21.9,1320.4,7.9,1,0,0,1,0,2.25,E
PROD_03590,Condiment #3590,Condiments & Sauces,96.5,0.9,12.2,1.3,16.3,12.2,1377.5,2.9,0,0,0,0,0,4.24,D
PROD_03591,Superfood Oil/Nut #3591,Superfoods & Healthy Oils,227.1,6.3,4.3,3.7,10.6,1.9,11.1,1.4,0,0,0,0,1,6.87,B
PROD_03592,Processed Snack #3592,Processed Snacks & Sweets,323.6,3.8,69.3,2.5,8.5,39.2,564.8,3.8,0,0,0,0,0,1.0,E
PROD_03593,Dairy Product #3593,Dairy & Cheese,188.8,9.8,2.4,0.0,7.4,2.4,47.3,7.4,0,0,0,0,0,5.48,C
PROD_03594,Beverage Item #3594,Beverages & Drinks,103.0,0.4,22.6,0.2,0.4,22.6,113.0,0.0,1,0,0,0,0,1.0,E
PROD_03595,Nutrition Shake/Supplement #3595,Dietary Supplements & Shakes,194.3,39.4,22.6,5.1,2.9,5.9,201.3,1.4,0,0,0,0,0,10.0,A
PROD_03596,Fresh Produce Item #3596,Whole Foods & Produce,41.9,2.9,14.2,2.9,0.2,8.2,15.8,0.1,0,0,0,0,0,4.47,D
PROD_03597,Dairy Product #3597,Dairy & Cheese,188.5,15.7,13.0,0.0,5.6,13.0,64.7,5.6,1,0,0,0,0,4.82,D
PROD_03598,Lean Protein #3598,Lean Proteins & Poultry,213.6,25.0,0.8,0.1,8.9,0.8,84.7,1.4,0,0,0,0,1,8.14,A
PROD_03599,Condiment #3599,Condiments & Sauces,64.3,0.2,10.6,0.8,10.1,5.5,429.2,2.6,1,1,0,0,1,1.0,E
PROD_03600,Lean Protein #3600,Lean Proteins & Poultry,133.7,34.9,3.0,0.5,11.5,0.2,212.7,3.1,0,0,0,0,0,8.2,A
PROD_03601,Prepared Meal #3601,Fast Food & Prepared Meals,673.7,35.8,62.9,5.2,21.7,5.0,1730.4,7.6,0,1,0,1,0,2.69,E
PROD_03602,Processed Snack #3602,Processed Snacks & Sweets,411.0,2.1,69.8,1.7,10.8,19.0,500.9,5.7,0,0,0,1,0,2.15,E
PROD_03603,Nutrition Shake/Supplement #3603,Dietary Supplements & Shakes,158.7,26.4,22.6,7.3,3.3,8.6,174.7,2.4,0,0,0,0,0,10.0,A
PROD_03604,Lean Protein #3604,Lean Proteins & Poultry,134.1,29.9,4.0,0.2,3.1,0.9,203.5,3.1,0,0,0,0,0,8.44,A
PROD_03605,Condiment #3605,Condiments & Sauces,161.5,0.3,25.6,0.4,1.7,24.6,550.9,1.0,1,0,0,0,0,1.0,E
PROD_03606,Prepared Meal #3606,Fast Food & Prepared Meals,457.1,30.8,70.5,5.8,42.5,7.5,612.9,11.3,0,1,0,0,0,4.72,D
PROD_03607,Beverage Item #3607,Beverages & Drinks,159.4,1.6,6.2,0.1,0.0,6.2,110.5,0.0,1,0,0,0,0,3.76,D
PROD_03608,Prepared Meal #3608,Fast Food & Prepared Meals,797.7,20.4,87.0,5.6,17.2,6.4,802.2,13.9,1,1,0,0,0,3.71,D
PROD_03609,Grain/Legume #3609,Whole Grains & Legumes,299.0,15.7,47.0,14.9,4.9,2.6,48.4,0.6,0,0,0,0,0,9.3,A
PROD_03610,Lean Protein #3610,Lean Proteins & Poultry,202.5,38.3,2.4,0.8,11.7,0.7,297.6,1.5,0,0,0,0,0,7.98,B
PROD_03611,Superfood Oil/Nut #3611,Superfoods & Healthy Oils,131.9,7.4,1.1,1.1,22.8,1.1,34.8,1.4,0,0,0,0,1,6.15,C
PROD_03612,Condiment #3612,Condiments & Sauces,159.5,1.9,15.2,0.5,5.0,15.2,1018.9,2.6,1,0,0,0,0,2.8,E
PROD_03613,Beverage Item #3613,Beverages & Drinks,52.4,0.5,28.9,0.0,1.0,1.8,75.6,0.0,1,0,1,1,0,1.0,E
PROD_03614,Processed Snack #3614,Processed Snacks & Sweets,496.2,5.7,66.1,3.0,24.4,33.8,600.7,11.1,0,0,0,0,0,3.19,E
PROD_03615,Prepared Meal #3615,Fast Food & Prepared Meals,528.1,17.5,78.0,2.0,16.0,10.9,1454.3,16.0,0,0,0,1,0,1.0,E
PROD_03616,Superfood Oil/Nut #3616,Superfoods & Healthy Oils,176.1,6.1,1.7,1.7,11.4,1.0,14.3,2.8,0,0,0,0,1,5.64,C
PROD_03617,Beverage Item #3617,Beverages & Drinks,175.2,0.8,43.5,0.2,0.1,39.5,78.9,0.0,1,0,0,1,0,1.0,E
PROD_03618,Grain/Legume #3618,Whole Grains & Legumes,284.8,15.9,38.2,11.1,2.2,0.9,82.9,0.8,0,0,0,0,0,9.03,A
PROD_03619,Nutrition Shake/Supplement #3619,Dietary Supplements & Shakes,201.0,24.5,16.5,1.4,7.6,2.5,240.0,1.4,0,0,0,1,0,6.65,B
PROD_03620,Lean Protein #3620,Lean Proteins & Poultry,228.3,22.7,2.7,0.7,3.9,1.8,242.6,1.4,0,0,0,0,0,7.2,B
PROD_03621,Grain/Legume #3621,Whole Grains & Legumes,286.1,9.5,40.6,12.6,1.7,2.7,148.9,0.7,0,0,0,0,0,7.76,B
PROD_03622,Superfood Oil/Nut #3622,Superfoods & Healthy Oils,138.9,2.8,5.2,3.7,22.5,0.9,45.9,3.5,0,0,0,0,1,5.98,C
PROD_03623,Lean Protein #3623,Lean Proteins & Poultry,171.8,31.6,0.9,0.8,10.6,0.9,268.8,3.0,0,0,0,0,0,8.29,A
PROD_03624,Superfood Oil/Nut #3624,Superfoods & Healthy Oils,219.9,4.9,5.4,0.6,12.4,0.7,12.9,2.9,0,0,0,0,1,5.29,C
PROD_03625,Fresh Produce Item #3625,Whole Foods & Produce,113.8,3.4,5.6,4.1,0.7,4.8,40.9,0.3,0,0,0,0,0,8.53,A
PROD_03626,Lean Protein #3626,Lean Proteins & Poultry,196.2,21.6,0.2,0.2,3.5,0.2,317.5,1.5,0,0,0,0,1,8.3,A
PROD_03627,Lean Protein #3627,Lean Proteins & Poultry,231.8,28.2,4.3,0.5,2.1,0.4,137.1,2.1,0,0,0,0,0,9.18,A
PROD_03628,Beverage Item #3628,Beverages & Drinks,58.4,1.8,10.4,0.3,0.4,10.4,30.3,0.0,1,0,0,0,0,2.28,E
PROD_03629,Nutrition Shake/Supplement #3629,Dietary Supplements & Shakes,269.1,38.4,10.6,6.6,7.9,2.7,155.3,1.0,0,0,0,0,0,9.25,A
PROD_03630,Prepared Meal #3630,Fast Food & Prepared Meals,908.7,28.0,61.2,4.0,32.7,20.3,1068.3,5.5,0,0,0,0,0,6.69,B
PROD_03631,Dairy Product #3631,Dairy & Cheese,301.8,10.2,13.2,0.0,13.5,12.8,614.5,13.5,0,0,0,0,0,3.32,E
PROD_03632,Superfood Oil/Nut #3632,Superfoods & Healthy Oils,178.4,3.2,1.8,1.8,15.3,1.4,18.4,3.4,0,0,0,0,1,5.58,C
PROD_03633,Grain/Legume #3633,Whole Grains & Legumes,164.7,14.2,61.6,6.6,1.3,4.7,27.9,0.4,0,0,0,0,0,4.8,D
PROD_03634,Nutrition Shake/Supplement #3634,Dietary Supplements & Shakes,286.0,40.1,17.6,7.3,3.5,3.0,70.6,1.7,0,0,0,0,0,9.88,A
PROD_03635,Dairy Product #3635,Dairy & Cheese,293.8,22.3,16.1,0.0,19.3,6.6,363.0,8.1,0,0,0,0,0,6.49,C
PROD_03636,Prepared Meal #3636,Fast Food & Prepared Meals,548.6,12.2,85.9,5.9,28.2,5.3,843.4,15.2,0,0,0,0,0,3.34,E
PROD_03637,Condiment #3637,Condiments & Sauces,53.7,1.0,12.5,0.8,6.2,12.5,1341.0,1.2,1,0,1,1,0,1.0,E
PROD_03638,Prepared Meal #3638,Fast Food & Prepared Meals,849.9,32.1,54.2,4.1,24.9,14.4,1025.1,9.2,1,0,0,0,0,4.54,D
PROD_03639,Processed Snack #3639,Processed Snacks & Sweets,244.5,5.5,38.7,1.3,15.8,21.5,704.6,5.6,0,0,0,1,0,2.8,E
PROD_03640,Condiment #3640,Condiments & Sauces,177.4,0.9,8.0,0.8,5.8,8.0,1181.9,0.9,1,0,0,0,0,2.64,E
PROD_03641,Grain/Legume #3641,Whole Grains & Legumes,148.1,7.9,34.1,10.6,4.2,0.8,129.2,0.3,0,0,0,0,0,6.99,B
PROD_03642,Nutrition Shake/Supplement #3642,Dietary Supplements & Shakes,272.1,15.5,23.2,6.0,8.1,11.5,117.8,1.7,0,0,0,1,0,6.16,C
PROD_03643,Fresh Produce Item #3643,Whole Foods & Produce,84.8,3.8,15.3,8.0,0.4,9.0,14.6,0.2,0,0,0,0,0,6.26,C
PROD_03644,Fresh Produce Item #3644,Whole Foods & Produce,45.2,3.7,23.0,3.8,0.3,9.9,25.2,0.1,0,0,0,0,0,4.27,D
PROD_03645,Beverage Item #3645,Beverages & Drinks,98.7,0.3,6.5,0.3,0.8,6.5,41.8,0.0,1,0,1,0,0,1.95,E
PROD_03646,Processed Snack #3646,Processed Snacks & Sweets,301.5,4.1,36.3,2.6,19.6,36.3,287.3,3.7,0,1,0,0,0,1.38,E
PROD_03647,Condiment #3647,Condiments & Sauces,168.5,0.4,5.9,0.3,13.9,5.9,1173.1,1.7,0,1,0,0,0,1.67,E
PROD_03648,Beverage Item #3648,Beverages & Drinks,33.1,1.8,55.3,0.5,0.7,42.4,101.9,0.0,0,0,1,1,0,1.0,E
PROD_03649,Fresh Produce Item #3649,Whole Foods & Produce,44.2,2.5,20.8,6.9,1.3,12.2,26.3,0.3,0,0,0,0,0,3.73,D
PROD_03650,Prepared Meal #3650,Fast Food & Prepared Meals,890.7,12.8,63.9,3.0,34.9,14.9,720.0,14.9,0,0,0,1,0,3.46,E
PROD_03651,Condiment #3651,Condiments & Sauces,178.7,0.3,26.7,1.1,15.7,12.0,1243.6,1.9,1,1,0,0,0,1.0,E
PROD_03652,Beverage Item #3652,Beverages & Drinks,43.9,0.4,38.8,0.4,0.7,20.6,106.1,0.0,0,0,0,0,0,1.41,E
PROD_03653,Condiment #3653,Condiments & Sauces,97.4,1.8,5.9,1.5,15.4,5.9,741.9,0.1,1,0,0,1,0,1.0,E
PROD_03654,Prepared Meal #3654,Fast Food & Prepared Meals,427.1,33.4,72.5,3.9,23.4,18.2,1536.7,10.8,0,1,0,0,0,5.21,C
PROD_03655,Superfood Oil/Nut #3655,Superfoods & Healthy Oils,167.3,6.0,6.3,5.0,11.7,1.9,28.1,2.1,0,0,0,0,1,6.68,B
PROD_03656,Beverage Item #3656,Beverages & Drinks,125.7,1.0,36.4,0.2,0.9,14.9,81.5,0.0,1,0,1,1,0,1.0,E
PROD_03657,Prepared Meal #3657,Fast Food & Prepared Meals,782.7,25.4,81.4,4.1,28.4,5.2,1619.0,6.9,0,1,0,0,0,2.88,E
PROD_03658,Dairy Product #3658,Dairy & Cheese,249.1,18.0,9.5,0.0,19.2,4.6,73.8,8.1,0,0,0,0,0,5.99,C
PROD_03659,Prepared Meal #3659,Fast Food & Prepared Meals,486.9,26.4,80.2,5.5,46.5,6.3,1494.2,12.1,0,0,0,1,1,3.25,E
PROD_03660,Dairy Product #3660,Dairy & Cheese,193.3,23.2,17.2,0.0,31.4,14.6,641.4,14.0,0,0,0,0,0,6.34,C
PROD_03661,Condiment #3661,Condiments & Sauces,127.6,1.9,19.8,0.3,9.5,19.8,1123.7,1.6,1,0,0,1,0,1.0,E
PROD_03662,Beverage Item #3662,Beverages & Drinks,3.0,0.9,32.2,0.3,0.8,13.9,16.7,0.0,1,0,0,0,0,1.0,E
PROD_03663,Beverage Item #3663,Beverages & Drinks,77.9,1.0,43.9,0.1,0.3,19.7,82.0,0.0,0,0,0,1,0,1.0,E
PROD_03664,Superfood Oil/Nut #3664,Superfoods & Healthy Oils,273.0,7.7,6.2,3.6,26.1,1.5,31.3,2.1,0,0,0,0,1,5.95,C
PROD_03665,Beverage Item #3665,Beverages & Drinks,150.6,0.1,48.9,0.4,0.9,29.0,53.3,0.0,1,0,1,1,0,1.0,E
PROD_03666,Condiment #3666,Condiments & Sauces,60.4,0.3,14.3,1.2,5.4,6.5,226.9,1.9,1,0,0,0,1,2.05,E
PROD_03667,Superfood Oil/Nut #3667,Superfoods & Healthy Oils,174.6,8.0,8.0,0.8,10.4,0.4,29.5,1.5,0,0,0,0,1,5.87,C
PROD_03668,Dairy Product #3668,Dairy & Cheese,225.8,23.2,2.6,0.0,24.1,2.6,436.2,9.0,1,0,0,0,0,5.24,C
PROD_03669,Processed Snack #3669,Processed Snacks & Sweets,444.1,1.3,69.7,2.1,21.4,24.8,168.3,11.1,0,0,0,1,0,1.38,E
PROD_03670,Fresh Produce Item #3670,Whole Foods & Produce,100.1,2.1,5.1,3.3,2.0,5.1,32.9,0.5,0,0,0,0,1,7.46,B
PROD_03671,Lean Protein #3671,Lean Proteins & Poultry,126.3,26.4,1.9,0.5,3.3,0.6,160.6,1.6,0,0,0,0,1,9.4,A
PROD_03672,Beverage Item #3672,Beverages & Drinks,196.2,1.7,17.2,0.1,0.6,17.2,66.0,0.0,1,0,0,1,0,1.25,E
PROD_03673,Superfood Oil/Nut #3673,Superfoods & Healthy Oils,194.8,5.6,7.8,4.4,20.1,0.7,16.1,2.7,0,0,0,0,1,6.95,B
PROD_03674,Superfood Oil/Nut #3674,Superfoods & Healthy Oils,218.1,5.5,3.4,3.4,15.1,1.0,47.0,3.2,0,0,0,0,1,7.63,B
PROD_03675,Beverage Item #3675,Beverages & Drinks,232.6,0.7,59.1,0.1,0.2,36.2,12.4,0.0,1,0,0,1,0,1.0,E
PROD_03676,Condiment #3676,Condiments & Sauces,83.9,1.1,12.4,1.0,5.7,7.0,297.3,0.2,1,0,0,1,0,1.0,E
PROD_03677,Lean Protein #3677,Lean Proteins & Poultry,239.1,32.5,4.9,0.7,10.0,0.8,103.6,2.6,0,0,0,0,0,8.83,A
PROD_03678,Lean Protein #3678,Lean Proteins & Poultry,220.5,23.2,3.6,0.5,5.6,1.2,358.9,3.3,0,0,0,0,0,7.82,B
PROD_03679,Grain/Legume #3679,Whole Grains & Legumes,230.9,7.0,64.8,12.7,1.1,3.6,159.4,0.4,0,0,0,0,0,6.41,C
PROD_03680,Prepared Meal #3680,Fast Food & Prepared Meals,772.8,16.1,53.9,3.9,18.6,12.6,1051.2,7.2,1,1,0,0,0,2.14,E
PROD_03681,Beverage Item #3681,Beverages & Drinks,2.5,1.4,48.8,0.1,0.1,28.5,14.6,0.0,1,0,1,1,0,1.0,E
PROD_03682,Fresh Produce Item #3682,Whole Foods & Produce,103.6,0.6,18.8,6.9,0.3,4.5,33.9,0.2,0,0,0,0,0,6.91,B
PROD_03683,Prepared Meal #3683,Fast Food & Prepared Meals,414.3,31.9,73.4,2.2,33.4,15.9,1635.4,4.8,0,0,0,1,0,3.43,E
PROD_03684,Prepared Meal #3684,Fast Food & Prepared Meals,935.0,33.3,84.3,2.5,17.6,14.9,1153.5,11.2,1,0,0,1,0,3.45,E
PROD_03685,Beverage Item #3685,Beverages & Drinks,76.8,1.7,14.3,0.3,1.0,14.3,97.9,0.0,0,0,0,0,0,1.19,E
PROD_03686,Superfood Oil/Nut #3686,Superfoods & Healthy Oils,242.9,5.0,4.1,2.2,14.5,1.7,10.5,3.7,0,0,0,0,1,5.04,C
PROD_03687,Condiment #3687,Condiments & Sauces,91.0,0.5,11.4,1.1,11.3,11.4,983.1,2.3,0,1,0,1,0,1.0,E
PROD_03688,Condiment #3688,Condiments & Sauces,87.9,1.5,16.7,0.3,9.9,16.7,919.6,1.3,1,0,0,0,1,1.0,E
PROD_03689,Fresh Produce Item #3689,Whole Foods & Produce,108.2,2.0,12.5,6.1,1.6,5.3,18.4,0.3,0,0,0,0,0,7.01,B
PROD_03690,Superfood Oil/Nut #3690,Superfoods & Healthy Oils,146.6,8.2,1.8,0.3,23.2,1.4,30.0,2.5,0,0,0,0,1,6.66,B
PROD_03691,Fresh Produce Item #3691,Whole Foods & Produce,47.2,2.2,16.8,6.8,0.9,4.7,38.4,0.3,0,0,0,0,0,6.03,C
PROD_03692,Superfood Oil/Nut #3692,Superfoods & Healthy Oils,231.2,5.4,4.5,0.9,24.9,0.6,26.8,1.7,0,0,0,0,1,5.15,C
PROD_03693,Grain/Legume #3693,Whole Grains & Legumes,344.5,15.6,49.8,11.2,3.0,1.4,72.9,0.5,0,0,0,0,0,8.64,A
PROD_03694,Superfood Oil/Nut #3694,Superfoods & Healthy Oils,134.8,5.7,1.3,1.3,14.7,1.3,32.8,3.1,0,0,0,0,1,5.44,C
PROD_03695,Lean Protein #3695,Lean Proteins & Poultry,120.4,44.5,1.0,0.8,2.9,0.6,274.0,1.7,0,0,0,0,0,8.57,A
PROD_03696,Prepared Meal #3696,Fast Food & Prepared Meals,475.4,15.9,67.1,1.7,39.4,12.2,1314.6,8.0,0,1,0,0,0,2.91,E
PROD_03697,Grain/Legume #3697,Whole Grains & Legumes,165.5,6.8,63.5,13.4,4.7,3.6,71.8,0.3,0,0,0,0,0,5.13,C
PROD_03698,Fresh Produce Item #3698,Whole Foods & Produce,26.9,0.9,21.8,4.3,1.7,2.8,39.6,0.0,0,0,0,0,0,4.91,D
PROD_03699,Grain/Legume #3699,Whole Grains & Legumes,136.0,6.0,37.9,7.4,3.3,4.5,98.8,0.8,0,0,0,0,0,6.98,B
PROD_03700,Beverage Item #3700,Beverages & Drinks,79.7,1.5,42.3,0.2,0.1,0.6,50.6,0.0,1,0,0,1,0,1.0,E
PROD_03701,Fresh Produce Item #3701,Whole Foods & Produce,57.9,3.3,22.8,7.0,1.0,3.1,21.7,0.2,0,0,0,0,0,6.69,B
PROD_03702,Fresh Produce Item #3702,Whole Foods & Produce,113.3,1.2,14.7,5.4,0.7,11.2,44.0,0.3,0,0,0,0,0,7.32,B
PROD_03703,Fresh Produce Item #3703,Whole Foods & Produce,67.8,1.2,20.2,5.0,1.1,2.5,33.0,0.1,0,0,0,0,0,4.55,D
PROD_03704,Superfood Oil/Nut #3704,Superfoods & Healthy Oils,185.8,8.3,1.2,0.9,19.3,1.2,19.5,3.8,0,0,0,0,1,5.24,C
PROD_03705,Grain/Legume #3705,Whole Grains & Legumes,221.8,13.6,29.1,6.0,2.9,4.6,131.7,0.7,0,0,0,0,0,7.22,B
PROD_03706,Processed Snack #3706,Processed Snacks & Sweets,248.2,3.7,71.0,2.7,26.8,24.4,761.7,10.2,0,0,0,1,0,2.13,E
PROD_03707,Processed Snack #3707,Processed Snacks & Sweets,398.9,2.3,58.7,2.2,24.1,12.5,788.8,8.4,1,0,0,1,0,1.0,E
PROD_03708,Grain/Legume #3708,Whole Grains & Legumes,316.7,17.6,36.2,7.3,2.4,0.8,175.3,0.9,0,0,0,0,0,7.69,B
PROD_03709,Condiment #3709,Condiments & Sauces,17.1,1.5,12.1,1.3,3.9,12.1,239.5,2.7,1,0,0,1,1,1.0,E
PROD_03710,Dairy Product #3710,Dairy & Cheese,280.0,14.5,5.3,0.0,6.8,5.3,384.9,6.8,0,0,1,1,0,2.87,E
PROD_03711,Processed Snack #3711,Processed Snacks & Sweets,379.8,4.6,57.6,1.8,13.2,32.4,162.1,7.8,0,1,0,0,0,1.83,E
PROD_03712,Superfood Oil/Nut #3712,Superfoods & Healthy Oils,133.7,4.0,7.2,2.3,15.8,1.3,10.1,2.6,0,0,0,0,1,5.29,C
PROD_03713,Fresh Produce Item #3713,Whole Foods & Produce,103.6,3.0,8.0,5.6,1.7,4.4,15.0,0.1,0,0,0,0,0,7.73,B
PROD_03714,Lean Protein #3714,Lean Proteins & Poultry,247.7,26.2,3.6,0.0,9.7,1.5,83.7,0.9,0,0,0,0,0,8.19,A
PROD_03715,Nutrition Shake/Supplement #3715,Dietary Supplements & Shakes,272.4,16.8,17.3,2.6,4.4,0.5,137.3,0.8,0,0,1,0,0,5.16,C
PROD_03716,Fresh Produce Item #3716,Whole Foods & Produce,61.6,3.9,11.8,6.4,1.2,11.8,38.5,0.2,0,0,0,0,0,7.1,B
PROD_03717,Condiment #3717,Condiments & Sauces,29.8,0.3,28.7,1.0,3.0,11.4,1116.4,0.9,0,0,0,0,0,1.24,E
PROD_03718,Fresh Produce Item #3718,Whole Foods & Produce,119.2,1.1,6.5,6.5,0.8,4.8,28.6,0.3,0,0,0,0,0,8.03,A
PROD_03719,Beverage Item #3719,Beverages & Drinks,75.6,0.8,44.7,0.4,0.3,6.5,38.2,0.0,1,0,0,0,0,1.2,E
PROD_03720,Prepared Meal #3720,Fast Food & Prepared Meals,778.3,14.3,78.1,2.7,18.7,19.3,1383.1,9.7,0,1,0,1,0,1.17,E
PROD_03721,Fresh Produce Item #3721,Whole Foods & Produce,40.1,1.7,22.0,7.6,0.1,7.0,10.1,0.1,0,0,0,0,0,4.29,D
PROD_03722,Condiment #3722,Condiments & Sauces,81.7,1.9,24.9,0.1,5.9,16.2,370.2,0.0,1,0,0,1,0,1.0,E
PROD_03723,Superfood Oil/Nut #3723,Superfoods & Healthy Oils,164.9,4.8,3.7,3.7,13.3,0.4,5.4,3.2,0,0,0,0,1,6.92,B
PROD_03724,Beverage Item #3724,Beverages & Drinks,6.0,0.5,12.5,0.5,0.1,12.5,23.7,0.0,0,0,1,1,0,1.0,E
PROD_03725,Dairy Product #3725,Dairy & Cheese,152.3,9.8,11.4,0.0,24.5,11.4,467.9,11.6,0,0,0,0,0,4.73,D
PROD_03726,Condiment #3726,Condiments & Sauces,135.8,0.4,20.5,1.1,16.1,16.9,883.7,2.7,1,0,0,1,1,1.0,E
PROD_03727,Condiment #3727,Condiments & Sauces,135.3,0.0,30.3,1.5,2.2,18.6,202.9,0.1,1,0,0,0,0,1.0,E
PROD_03728,Lean Protein #3728,Lean Proteins & Poultry,189.5,32.1,2.3,0.9,9.1,0.3,224.8,1.4,0,0,0,0,0,8.38,A
PROD_03729,Dairy Product #3729,Dairy & Cheese,88.9,16.7,10.9,0.0,21.5,2.4,363.6,3.9,0,0,0,0,0,6.74,B
PROD_03730,Lean Protein #3730,Lean Proteins & Poultry,231.6,32.3,1.4,0.8,1.6,1.4,396.2,1.6,0,0,0,0,0,7.63,B
PROD_03731,Prepared Meal #3731,Fast Food & Prepared Meals,673.4,15.9,75.5,5.9,24.1,9.8,998.2,10.8,0,1,0,0,0,3.84,D
PROD_03732,Dairy Product #3732,Dairy & Cheese,307.7,9.9,6.5,0.0,15.9,6.5,90.2,4.0,0,0,0,0,0,6.83,B
PROD_03733,Dairy Product #3733,Dairy & Cheese,357.8,17.1,17.9,0.0,6.0,8.7,512.8,4.4,0,0,0,0,0,5.76,C
PROD_03734,Prepared Meal #3734,Fast Food & Prepared Meals,607.6,17.0,83.5,1.8,48.2,8.9,1119.5,9.3,0,0,0,0,0,4.67,D
PROD_03735,Superfood Oil/Nut #3735,Superfoods & Healthy Oils,194.6,9.0,6.5,2.0,18.6,0.5,37.8,3.5,0,0,0,0,1,6.02,C
PROD_03736,Nutrition Shake/Supplement #3736,Dietary Supplements & Shakes,198.1,33.3,10.7,6.2,1.7,0.8,264.8,1.7,0,0,0,0,0,10.0,A
PROD_03737,Dairy Product #3737,Dairy & Cheese,96.8,15.2,14.9,0.0,26.3,9.1,620.9,16.0,0,0,0,0,0,3.76,D
PROD_03738,Nutrition Shake/Supplement #3738,Dietary Supplements & Shakes,144.6,43.5,8.4,1.7,5.0,8.4,108.5,0.9,0,0,1,1,0,5.47,C
PROD_03739,Grain/Legume #3739,Whole Grains & Legumes,134.0,7.1,54.2,9.5,2.4,0.5,63.2,0.9,0,0,0,0,0,5.96,C
PROD_03740,Processed Snack #3740,Processed Snacks & Sweets,480.7,5.9,46.7,0.8,19.5,31.5,773.6,6.4,1,0,1,1,0,1.0,E
PROD_03741,Beverage Item #3741,Beverages & Drinks,66.8,1.6,37.5,0.4,0.2,20.9,22.4,0.0,1,0,0,0,0,1.0,E
PROD_03742,Lean Protein #3742,Lean Proteins & Poultry,206.2,22.7,3.7,0.2,10.0,1.2,99.5,0.7,0,0,0,0,0,8.73,A
PROD_03743,Prepared Meal #3743,Fast Food & Prepared Meals,736.7,18.3,57.1,5.1,34.5,19.3,1298.8,12.8,1,0,0,0,0,2.45,E
PROD_03744,Lean Protein #3744,Lean Proteins & Poultry,150.9,26.6,0.7,0.4,6.9,0.7,326.4,0.7,0,0,0,0,0,7.63,B
PROD_03745,Beverage Item #3745,Beverages & Drinks,31.2,0.9,1.6,0.4,0.2,1.6,22.7,0.0,0,0,1,0,0,4.47,D
PROD_03746,Nutrition Shake/Supplement #3746,Dietary Supplements & Shakes,177.3,22.3,5.2,3.3,3.6,5.2,160.6,1.0,0,0,1,0,0,8.07,A
PROD_03747,Nutrition Shake/Supplement #3747,Dietary Supplements & Shakes,203.5,32.0,7.1,2.0,6.2,3.4,165.8,1.5,0,0,0,0,0,9.28,A
PROD_03748,Dairy Product #3748,Dairy & Cheese,172.3,20.8,15.5,0.0,22.9,13.9,485.5,18.3,0,0,0,0,0,5.45,C
PROD_03749,Lean Protein #3749,Lean Proteins & Poultry,179.8,39.3,0.8,0.4,5.2,0.7,310.3,2.0,0,0,0,0,0,8.18,A
PROD_03750,Superfood Oil/Nut #3750,Superfoods & Healthy Oils,217.9,5.1,5.0,4.7,21.3,0.5,31.8,3.6,0,0,0,0,1,5.76,C
PROD_03751,Nutrition Shake/Supplement #3751,Dietary Supplements & Shakes,110.9,31.9,13.0,7.3,7.0,5.4,216.2,1.3,0,0,0,1,0,8.57,A
PROD_03752,Lean Protein #3752,Lean Proteins & Poultry,130.3,41.6,4.5,0.5,5.1,0.9,397.8,1.1,0,0,0,0,0,7.88,B
PROD_03753,Processed Snack #3753,Processed Snacks & Sweets,527.3,1.5,66.2,2.1,13.1,36.9,623.1,3.8,0,0,0,1,0,3.37,E
PROD_03754,Nutrition Shake/Supplement #3754,Dietary Supplements & Shakes,194.2,18.2,11.8,7.1,8.5,3.3,140.2,0.5,0,0,1,0,0,7.25,B
PROD_03755,Grain/Legume #3755,Whole Grains & Legumes,169.1,17.5,25.3,12.6,3.0,4.6,79.2,0.6,0,0,0,0,0,10.0,A
PROD_03756,Nutrition Shake/Supplement #3756,Dietary Supplements & Shakes,249.6,29.7,16.7,4.9,8.3,3.1,316.6,1.9,0,0,1,0,0,7.87,B
PROD_03757,Prepared Meal #3757,Fast Food & Prepared Meals,376.2,32.7,68.8,2.6,41.5,17.8,1590.1,7.9,1,0,0,0,0,3.16,E
PROD_03758,Nutrition Shake/Supplement #3758,Dietary Supplements & Shakes,257.1,38.3,8.5,2.3,3.7,8.5,88.7,2.4,0,0,0,0,0,8.32,A
PROD_03759,Superfood Oil/Nut #3759,Superfoods & Healthy Oils,163.2,7.7,4.8,1.2,26.2,1.2,24.8,1.1,0,0,0,0,1,5.37,C
PROD_03760,Prepared Meal #3760,Fast Food & Prepared Meals,510.8,26.9,42.7,5.6,21.2,17.4,864.3,7.2,0,0,0,0,0,6.89,B
PROD_03761,Lean Protein #3761,Lean Proteins & Poultry,187.3,35.4,0.9,0.7,5.6,0.9,121.1,2.5,0,0,0,0,1,9.22,A
PROD_03762,Grain/Legume #3762,Whole Grains & Legumes,147.3,9.4,44.8,6.9,1.5,2.5,118.2,0.9,0,0,0,0,0,4.91,D
PROD_03763,Grain/Legume #3763,Whole Grains & Legumes,178.7,15.0,46.5,10.0,4.7,3.7,137.9,0.2,0,0,0,0,0,7.77,B
PROD_03764,Beverage Item #3764,Beverages & Drinks,12.8,0.1,40.1,0.1,0.9,40.1,48.4,0.0,1,0,1,1,0,1.0,E
PROD_03765,Beverage Item #3765,Beverages & Drinks,139.2,1.7,52.8,0.5,0.1,11.8,90.3,0.0,0,0,1,0,0,1.18,E
PROD_03766,Fresh Produce Item #3766,Whole Foods & Produce,46.4,1.8,23.8,7.2,1.9,3.6,6.3,0.1,0,0,0,0,0,4.96,D
PROD_03767,Prepared Meal #3767,Fast Food & Prepared Meals,500.0,30.9,71.9,5.3,25.6,17.7,1601.1,11.7,0,0,0,1,1,3.19,E
PROD_03768,Grain/Legume #3768,Whole Grains & Legumes,229.2,15.4,62.4,14.2,2.6,1.5,183.3,0.5,0,0,0,0,0,7.67,B
PROD_03769,Condiment #3769,Condiments & Sauces,102.7,1.5,7.8,0.5,11.3,7.8,924.6,2.0,1,0,0,0,1,2.89,E
PROD_03770,Grain/Legume #3770,Whole Grains & Legumes,317.1,9.1,49.0,10.3,4.2,3.6,155.1,0.4,0,0,0,0,0,7.7,B
PROD_03771,Beverage Item #3771,Beverages & Drinks,12.5,0.5,31.5,0.4,0.8,28.6,81.1,0.0,0,0,1,1,0,1.0,E
PROD_03772,Beverage Item #3772,Beverages & Drinks,217.9,1.5,0.1,0.1,0.0,0.1,57.9,0.0,0,0,0,1,0,4.7,D
PROD_03773,Superfood Oil/Nut #3773,Superfoods & Healthy Oils,158.3,1.4,5.6,1.0,26.7,0.1,16.2,1.0,0,0,0,0,1,5.15,C
PROD_03774,Processed Snack #3774,Processed Snacks & Sweets,418.8,4.6,33.6,0.6,25.6,33.6,690.5,8.9,0,1,0,0,0,2.02,E
PROD_03775,Grain/Legume #3775,Whole Grains & Legumes,221.7,7.8,38.3,10.6,3.4,0.8,70.1,0.5,0,0,0,0,0,8.32,A
PROD_03776,Processed Snack #3776,Processed Snacks & Sweets,206.3,2.2,45.0,1.1,25.5,36.7,202.7,9.1,0,1,0,1,0,2.49,E
PROD_03777,Condiment #3777,Condiments & Sauces,159.8,0.6,2.8,0.8,17.5,2.8,543.6,1.4,0,0,0,1,0,3.34,E
PROD_03778,Condiment #3778,Condiments & Sauces,67.0,1.5,29.7,0.0,0.1,5.0,1247.1,0.1,0,0,0,1,0,1.0,E
PROD_03779,Lean Protein #3779,Lean Proteins & Poultry,184.8,43.9,2.4,0.3,5.1,0.0,98.9,0.6,0,0,0,0,0,8.93,A
PROD_03780,Prepared Meal #3780,Fast Food & Prepared Meals,930.1,32.5,64.2,2.2,15.8,8.2,909.3,5.8,1,1,0,0,0,2.83,E
PROD_03781,Condiment #3781,Condiments & Sauces,169.8,0.9,21.0,0.7,16.4,19.3,703.5,1.8,1,0,0,0,0,2.4,E
PROD_03782,Superfood Oil/Nut #3782,Superfoods & Healthy Oils,243.2,3.3,4.7,4.2,13.3,0.3,7.9,1.6,0,0,0,0,1,5.82,C
PROD_03783,Superfood Oil/Nut #3783,Superfoods & Healthy Oils,205.0,8.7,2.6,0.9,25.8,0.1,40.9,2.8,0,0,0,0,1,5.83,C
PROD_03784,Fresh Produce Item #3784,Whole Foods & Produce,93.2,1.0,18.6,2.8,1.6,14.0,30.2,0.5,0,0,0,0,0,3.29,E
PROD_03785,Dairy Product #3785,Dairy & Cheese,350.3,21.0,6.7,0.0,5.4,6.7,503.6,3.7,0,0,0,0,0,7.38,B
PROD_03786,Dairy Product #3786,Dairy & Cheese,337.2,16.4,7.7,0.0,8.1,5.7,358.7,6.3,0,0,0,0,0,6.22,C
PROD_03787,Prepared Meal #3787,Fast Food & Prepared Meals,361.5,12.6,63.7,3.9,25.3,13.9,1146.7,8.9,0,0,0,0,0,4.48,D
PROD_03788,Prepared Meal #3788,Fast Food & Prepared Meals,733.8,35.2,49.0,3.2,17.4,17.1,1589.2,9.7,0,0,0,1,0,3.43,E
PROD_03789,Nutrition Shake/Supplement #3789,Dietary Supplements & Shakes,272.5,35.6,22.2,2.6,7.2,1.8,77.6,1.5,0,0,0,0,0,8.76,A
PROD_03790,Grain/Legume #3790,Whole Grains & Legumes,261.1,12.2,42.5,5.9,2.2,1.8,146.2,0.9,0,0,0,0,0,5.65,C
PROD_03791,Grain/Legume #3791,Whole Grains & Legumes,242.9,17.9,25.9,8.3,1.5,1.9,95.4,0.5,0,0,0,0,0,9.4,A
PROD_03792,Processed Snack #3792,Processed Snacks & Sweets,514.7,4.8,30.7,1.2,29.8,30.7,194.3,6.9,0,0,0,0,0,5.32,C
PROD_03793,Lean Protein #3793,Lean Proteins & Poultry,181.3,30.3,4.5,0.6,5.0,1.0,227.6,1.9,0,0,0,0,0,8.82,A
PROD_03794,Prepared Meal #3794,Fast Food & Prepared Meals,422.9,17.5,93.2,5.5,23.6,15.2,939.6,10.6,0,0,0,1,0,3.55,D
PROD_03795,Prepared Meal #3795,Fast Food & Prepared Meals,818.4,24.7,92.0,5.2,22.7,18.1,1133.2,7.6,0,0,0,0,0,5.2,C
PROD_03796,Nutrition Shake/Supplement #3796,Dietary Supplements & Shakes,184.6,18.1,13.6,2.2,2.5,7.2,237.6,0.5,0,0,1,0,0,5.36,C
PROD_03797,Fresh Produce Item #3797,Whole Foods & Produce,42.4,1.4,19.3,4.3,1.4,8.7,11.5,0.2,0,0,0,0,0,3.84,D
PROD_03798,Processed Snack #3798,Processed Snacks & Sweets,441.6,5.1,66.8,0.7,20.6,35.0,205.7,4.6,1,0,0,0,0,1.53,E
PROD_03799,Fresh Produce Item #3799,Whole Foods & Produce,48.1,2.1,13.9,6.1,1.7,8.4,27.1,0.3,0,0,0,0,0,5.98,C
PROD_03800,Superfood Oil/Nut #3800,Superfoods & Healthy Oils,201.0,2.2,7.5,3.3,15.7,1.9,44.1,1.4,0,0,0,0,1,5.66,C
PROD_03801,Processed Snack #3801,Processed Snacks & Sweets,203.6,2.9,55.6,2.8,29.8,30.4,764.0,3.4,0,0,0,0,0,4.09,D
PROD_03802,Nutrition Shake/Supplement #3802,Dietary Supplements & Shakes,142.2,23.5,14.3,3.3,1.5,1.0,280.3,0.7,0,0,0,0,0,8.72,A
PROD_03803,Grain/Legume #3803,Whole Grains & Legumes,292.3,16.8,38.1,15.8,2.6,2.4,36.4,0.3,0,0,0,0,0,8.42,A
PROD_03804,Superfood Oil/Nut #3804,Superfoods & Healthy Oils,141.7,2.0,2.9,2.4,18.3,0.5,31.1,2.0,0,0,0,0,1,8.95,A
PROD_03805,Nutrition Shake/Supplement #3805,Dietary Supplements & Shakes,302.3,23.0,8.4,2.2,5.5,8.3,252.8,1.0,1,0,1,0,0,3.48,E
PROD_03806,Condiment #3806,Condiments & Sauces,156.6,0.6,20.5,0.7,2.6,20.5,211.7,0.6,1,0,0,0,0,1.0,E
PROD_03807,Prepared Meal #3807,Fast Food & Prepared Meals,603.9,12.3,74.7,3.8,19.2,13.8,1662.9,8.8,0,0,0,0,0,2.91,E
PROD_03808,Nutrition Shake/Supplement #3808,Dietary Supplements & Shakes,107.9,33.5,4.7,1.8,2.1,4.7,61.8,1.0,0,0,0,0,0,8.45,A
PROD_03809,Nutrition Shake/Supplement #3809,Dietary Supplements & Shakes,127.7,30.4,20.1,6.1,3.5,10.3,81.7,0.7,0,0,1,0,0,7.58,B
PROD_03810,Processed Snack #3810,Processed Snacks & Sweets,506.4,4.9,51.2,0.9,25.7,23.9,580.3,5.5,1,0,0,0,0,3.64,D
PROD_03811,Grain/Legume #3811,Whole Grains & Legumes,267.4,7.2,56.1,6.1,4.4,1.0,178.7,0.5,0,0,0,0,0,5.15,C
PROD_03812,Superfood Oil/Nut #3812,Superfoods & Healthy Oils,266.5,8.0,0.6,0.4,20.8,0.6,14.6,3.9,0,0,0,0,1,5.91,C
PROD_03813,Processed Snack #3813,Processed Snacks & Sweets,419.7,2.7,47.3,2.1,11.9,40.1,630.5,8.0,1,0,1,0,0,1.0,E
PROD_03814,Lean Protein #3814,Lean Proteins & Poultry,207.2,38.2,2.7,0.8,3.6,0.8,373.0,2.3,0,0,0,0,0,8.08,A
PROD_03815,Fresh Produce Item #3815,Whole Foods & Produce,63.2,2.7,13.0,2.2,1.5,10.3,24.1,0.2,0,0,0,0,0,5.81,C
PROD_03816,Processed Snack #3816,Processed Snacks & Sweets,478.4,3.0,64.1,1.6,12.7,26.7,499.7,6.9,1,1,0,1,0,1.0,E
PROD_03817,Lean Protein #3817,Lean Proteins & Poultry,245.8,44.7,4.1,0.6,7.2,0.7,98.8,0.7,0,0,0,0,0,9.62,A
PROD_03818,Nutrition Shake/Supplement #3818,Dietary Supplements & Shakes,255.6,39.2,16.6,5.1,4.6,7.8,84.6,1.9,0,0,0,0,0,9.61,A
PROD_03819,Condiment #3819,Condiments & Sauces,139.7,1.1,9.3,1.0,13.8,9.3,1097.5,1.2,0,0,0,0,0,3.24,E
PROD_03820,Processed Snack #3820,Processed Snacks & Sweets,502.4,1.5,46.5,2.8,8.3,24.9,318.8,7.6,1,0,0,0,0,2.8,E
PROD_03821,Prepared Meal #3821,Fast Food & Prepared Meals,734.2,34.9,59.9,3.9,38.2,12.6,530.4,12.2,1,0,0,0,1,5.05,C
PROD_03822,Dairy Product #3822,Dairy & Cheese,329.4,13.4,3.3,0.0,3.6,3.3,470.3,3.6,0,0,0,0,0,5.84,C
PROD_03823,Nutrition Shake/Supplement #3823,Dietary Supplements & Shakes,200.5,41.7,6.2,6.2,3.9,1.9,85.1,1.1,0,0,0,0,0,10.0,A
PROD_03824,Prepared Meal #3824,Fast Food & Prepared Meals,465.1,19.5,86.2,3.0,53.5,8.8,1046.9,5.3,0,0,0,0,0,4.5,D
PROD_03825,Nutrition Shake/Supplement #3825,Dietary Supplements & Shakes,131.4,31.0,5.2,4.1,3.7,5.2,213.5,1.4,1,0,0,1,0,6.45,C
PROD_03826,Lean Protein #3826,Lean Proteins & Poultry,131.8,36.1,4.8,0.6,8.8,0.8,275.3,2.1,0,0,0,0,0,9.13,A
PROD_03827,Processed Snack #3827,Processed Snacks & Sweets,325.9,2.8,42.1,0.9,17.7,42.1,364.4,6.9,1,1,1,0,0,1.0,E
PROD_03828,Nutrition Shake/Supplement #3828,Dietary Supplements & Shakes,104.0,39.5,13.5,1.5,2.9,2.2,255.9,1.1,0,0,0,0,0,9.03,A
PROD_03829,Condiment #3829,Condiments & Sauces,53.0,1.2,7.0,0.2,6.1,7.0,1354.9,2.5,0,0,0,0,0,2.64,E
PROD_03830,Condiment #3830,Condiments & Sauces,96.8,0.7,16.1,0.9,13.2,5.1,539.5,1.9,0,0,0,1,0,2.09,E
PROD_03831,Dairy Product #3831,Dairy & Cheese,323.2,18.7,2.5,0.0,9.9,2.5,128.2,9.9,0,0,0,0,0,5.72,C
PROD_03832,Fresh Produce Item #3832,Whole Foods & Produce,111.4,2.9,20.9,7.6,1.6,3.2,15.4,0.2,0,0,0,0,1,7.77,B
PROD_03833,Dairy Product #3833,Dairy & Cheese,341.4,9.6,4.1,0.0,28.0,4.1,52.0,17.9,0,0,0,0,0,4.01,D
PROD_03834,Fresh Produce Item #3834,Whole Foods & Produce,34.9,2.2,9.1,4.7,0.8,9.1,12.5,0.3,0,0,0,0,0,6.12,C
PROD_03835,Lean Protein #3835,Lean Proteins & Poultry,210.0,28.9,1.8,0.1,7.3,0.8,374.9,1.8,0,0,0,0,0,7.51,B
PROD_03836,Beverage Item #3836,Beverages & Drinks,94.1,1.2,33.2,0.1,0.7,2.5,32.3,0.0,0,0,0,1,0,1.0,E
PROD_03837,Prepared Meal #3837,Fast Food & Prepared Meals,603.0,34.8,39.2,2.1,50.7,11.5,562.7,5.9,0,0,0,1,0,3.97,D
PROD_03838,Superfood Oil/Nut #3838,Superfoods & Healthy Oils,183.9,1.4,6.0,2.5,19.9,1.5,39.2,1.4,0,0,0,0,1,5.17,C
PROD_03839,Superfood Oil/Nut #3839,Superfoods & Healthy Oils,221.3,1.7,5.5,0.5,14.1,1.3,14.1,2.6,0,0,0,0,1,4.91,D
PROD_03840,Nutrition Shake/Supplement #3840,Dietary Supplements & Shakes,107.7,18.4,7.7,1.1,2.2,3.7,77.9,2.2,1,0,0,0,0,7.39,B
PROD_03841,Prepared Meal #3841,Fast Food & Prepared Meals,525.2,37.1,74.4,3.7,31.9,4.9,1582.6,14.7,1,0,0,0,0,4.61,D
PROD_03842,Lean Protein #3842,Lean Proteins & Poultry,211.1,30.2,4.4,0.9,6.1,0.5,309.1,3.4,0,0,0,0,0,9.35,A
PROD_03843,Fresh Produce Item #3843,Whole Foods & Produce,103.2,2.2,13.8,5.9,1.5,4.2,6.5,0.2,0,0,0,0,1,7.21,B
PROD_03844,Nutrition Shake/Supplement #3844,Dietary Supplements & Shakes,268.4,18.7,17.1,4.7,6.9,5.5,258.0,0.8,0,0,0,0,0,7.44,B
PROD_03845,Dairy Product #3845,Dairy & Cheese,238.7,12.2,17.9,0.0,31.7,5.3,203.0,14.7,0,0,0,0,0,5.36,C
PROD_03846,Condiment #3846,Condiments & Sauces,172.8,0.5,33.3,1.1,7.4,8.2,1108.8,2.5,1,1,0,0,0,1.0,E
PROD_03847,Grain/Legume #3847,Whole Grains & Legumes,140.4,8.5,42.8,12.4,4.1,0.6,34.7,0.8,0,0,0,0,0,6.73,B
PROD_03848,Beverage Item #3848,Beverages & Drinks,87.2,1.9,47.8,0.5,0.6,13.4,35.0,0.0,0,0,0,0,0,2.24,E
PROD_03849,Condiment #3849,Condiments & Sauces,115.4,1.2,24.8,0.4,2.6,21.3,435.6,0.3,1,0,1,1,0,1.0,E
PROD_03850,Dairy Product #3850,Dairy & Cheese,349.6,9.9,12.4,0.0,25.5,2.9,62.5,11.5,0,0,0,1,0,3.46,E
PROD_03851,Nutrition Shake/Supplement #3851,Dietary Supplements & Shakes,138.5,15.3,16.5,8.0,8.2,8.6,285.7,1.3,0,0,1,1,0,4.82,D
PROD_03852,Fresh Produce Item #3852,Whole Foods & Produce,48.0,1.0,12.5,7.5,1.7,5.2,32.0,0.3,0,0,0,0,0,5.66,C
PROD_03853,Superfood Oil/Nut #3853,Superfoods & Healthy Oils,150.9,8.0,5.6,1.5,14.5,1.5,36.7,1.4,0,0,0,0,1,5.59,C
PROD_03854,Lean Protein #3854,Lean Proteins & Poultry,208.4,37.5,2.4,0.0,9.2,1.9,113.0,0.7,0,0,0,0,0,8.78,A
PROD_03855,Superfood Oil/Nut #3855,Superfoods & Healthy Oils,150.9,1.4,7.0,3.0,11.9,1.5,37.8,1.9,0,0,0,0,1,6.17,C
PROD_03856,Fresh Produce Item #3856,Whole Foods & Produce,105.5,0.7,15.0,3.1,1.4,15.0,23.6,0.1,0,0,0,0,0,4.33,D
PROD_03857,Superfood Oil/Nut #3857,Superfoods & Healthy Oils,242.5,2.9,7.6,3.1,13.0,1.1,22.6,3.5,0,0,0,0,1,5.29,C
PROD_03858,Condiment #3858,Condiments & Sauces,92.7,1.0,29.3,0.2,12.3,9.2,1326.8,1.4,0,0,1,0,1,1.0,E
PROD_03859,Condiment #3859,Condiments & Sauces,61.9,1.9,24.0,0.5,17.2,21.0,1288.4,2.8,0,0,0,1,0,1.89,E
PROD_03860,Superfood Oil/Nut #3860,Superfoods & Healthy Oils,206.3,6.8,7.2,4.8,22.9,1.1,11.2,2.2,0,0,0,0,1,7.12,B
PROD_03861,Superfood Oil/Nut #3861,Superfoods & Healthy Oils,140.5,3.1,7.9,3.8,18.7,0.5,28.7,1.7,0,0,0,0,1,6.2,C
PROD_03862,Lean Protein #3862,Lean Proteins & Poultry,138.1,29.8,2.4,0.8,7.4,1.2,328.5,1.9,0,0,0,0,0,7.48,B
PROD_03863,Processed Snack #3863,Processed Snacks & Sweets,299.6,3.2,53.6,2.0,26.1,25.0,589.7,10.4,0,1,0,1,0,1.38,E
PROD_03864,Beverage Item #3864,Beverages & Drinks,207.4,1.7,33.3,0.3,0.9,7.1,98.7,0.0,0,0,0,0,0,3.6,D
PROD_03865,Fresh Produce Item #3865,Whole Foods & Produce,104.4,1.7,5.9,5.1,1.0,3.1,40.8,0.1,0,0,0,0,0,6.76,B
PROD_03866,Nutrition Shake/Supplement #3866,Dietary Supplements & Shakes,227.4,32.4,21.8,5.6,7.1,4.2,176.2,0.5,1,0,1,1,0,5.51,C
PROD_03867,Processed Snack #3867,Processed Snacks & Sweets,548.6,5.8,35.9,1.3,16.6,21.8,757.4,9.4,0,0,0,0,0,5.14,C
PROD_03868,Lean Protein #3868,Lean Proteins & Poultry,200.7,32.3,0.2,0.2,2.4,0.2,408.6,2.3,0,0,0,0,1,8.48,A
PROD_03869,Superfood Oil/Nut #3869,Superfoods & Healthy Oils,168.1,5.6,5.1,3.7,11.2,1.7,5.7,1.3,0,0,0,0,1,6.24,C
PROD_03870,Nutrition Shake/Supplement #3870,Dietary Supplements & Shakes,148.1,36.9,17.5,2.1,3.0,4.3,277.1,0.6,0,0,0,1,0,7.24,B
PROD_03871,Dairy Product #3871,Dairy & Cheese,218.6,9.0,6.9,0.0,6.3,6.9,432.4,6.3,0,0,0,0,0,4.34,D
PROD_03872,Lean Protein #3872,Lean Proteins & Poultry,142.1,34.2,2.1,0.3,9.8,1.5,308.4,1.6,0,0,0,0,0,8.45,A
PROD_03873,Nutrition Shake/Supplement #3873,Dietary Supplements & Shakes,146.1,41.6,12.1,6.3,5.8,9.2,146.3,2.0,0,0,1,1,0,7.39,B
PROD_03874,Prepared Meal #3874,Fast Food & Prepared Meals,797.9,22.9,51.5,4.5,48.2,14.3,1625.3,4.3,0,1,0,1,0,2.49,E
PROD_03875,Processed Snack #3875,Processed Snacks & Sweets,451.1,2.4,33.6,1.6,9.2,33.6,773.5,8.8,1,1,0,1,0,1.0,E
PROD_03876,Fresh Produce Item #3876,Whole Foods & Produce,109.1,2.7,6.2,6.2,0.2,3.4,19.6,0.2,0,0,0,0,0,6.9,B
PROD_03877,Beverage Item #3877,Beverages & Drinks,26.9,1.7,21.8,0.1,0.5,2.0,76.0,0.0,1,0,0,0,0,1.0,E
PROD_03878,Lean Protein #3878,Lean Proteins & Poultry,222.5,23.1,2.7,0.9,1.9,0.1,336.7,1.9,0,0,0,0,1,7.93,B
PROD_03879,Prepared Meal #3879,Fast Food & Prepared Meals,768.7,28.0,66.2,3.4,15.8,19.6,1618.5,12.3,0,1,0,1,1,1.81,E
PROD_03880,Nutrition Shake/Supplement #3880,Dietary Supplements & Shakes,253.9,43.8,7.5,4.3,8.9,7.5,155.7,1.1,0,0,1,0,0,8.32,A
PROD_03881,Prepared Meal #3881,Fast Food & Prepared Meals,520.2,27.0,94.0,2.3,18.2,18.3,483.6,13.0,0,0,0,1,0,2.54,E
PROD_03882,Prepared Meal #3882,Fast Food & Prepared Meals,420.9,31.4,90.3,3.2,35.7,12.8,1510.3,17.9,0,1,0,0,0,2.98,E
PROD_03883,Dairy Product #3883,Dairy & Cheese,293.4,6.6,7.8,0.0,10.5,5.1,149.7,10.5,0,0,0,1,0,2.91,E
PROD_03884,Fresh Produce Item #3884,Whole Foods & Produce,86.6,3.7,7.8,3.0,0.7,7.8,46.7,0.5,0,0,0,0,0,8.62,A
PROD_03885,Nutrition Shake/Supplement #3885,Dietary Supplements & Shakes,260.5,26.5,23.5,2.5,2.6,10.2,265.1,2.1,0,0,0,0,0,8.85,A
PROD_03886,Superfood Oil/Nut #3886,Superfoods & Healthy Oils,135.5,6.0,6.9,0.9,11.5,0.1,1.6,3.5,0,0,0,0,1,5.93,C
PROD_03887,Prepared Meal #3887,Fast Food & Prepared Meals,452.0,35.1,44.7,3.0,31.6,12.6,937.8,16.8,0,0,0,0,0,5.75,C
PROD_03888,Superfood Oil/Nut #3888,Superfoods & Healthy Oils,138.7,4.9,3.9,2.3,24.0,0.2,33.5,2.2,0,0,0,0,1,4.65,D
PROD_03889,Nutrition Shake/Supplement #3889,Dietary Supplements & Shakes,172.9,18.4,13.1,2.6,8.6,4.7,221.7,2.4,0,0,1,1,0,3.76,D
PROD_03890,Fresh Produce Item #3890,Whole Foods & Produce,41.6,2.8,24.1,6.7,0.1,13.5,36.8,0.1,0,0,0,0,0,4.11,D
PROD_03891,Prepared Meal #3891,Fast Food & Prepared Meals,420.5,35.0,36.7,5.1,48.8,11.5,929.1,6.7,1,0,0,1,0,3.33,E
PROD_03892,Beverage Item #3892,Beverages & Drinks,197.6,1.3,42.8,0.1,0.4,29.4,118.2,0.0,0,0,1,1,0,1.0,E
PROD_03893,Nutrition Shake/Supplement #3893,Dietary Supplements & Shakes,133.5,18.6,24.2,7.3,5.1,6.8,301.6,1.8,0,0,0,0,0,8.22,A
PROD_03894,Lean Protein #3894,Lean Proteins & Poultry,138.2,38.9,2.4,0.5,8.3,0.1,81.5,1.5,0,0,0,0,0,9.09,A
PROD_03895,Processed Snack #3895,Processed Snacks & Sweets,436.9,1.0,73.2,0.9,13.5,41.9,153.6,11.9,1,1,0,1,0,1.0,E
PROD_03896,Grain/Legume #3896,Whole Grains & Legumes,192.9,11.8,53.3,15.9,1.7,2.0,75.9,0.8,0,0,0,0,0,7.02,B
PROD_03897,Beverage Item #3897,Beverages & Drinks,215.6,1.1,17.6,0.1,0.7,15.4,102.8,0.0,0,0,0,0,0,4.74,D
PROD_03898,Superfood Oil/Nut #3898,Superfoods & Healthy Oils,263.3,3.2,4.8,2.9,15.7,1.0,2.0,2.3,0,0,0,0,1,8.85,A
PROD_03899,Lean Protein #3899,Lean Proteins & Poultry,231.0,28.9,1.0,0.5,10.0,0.7,388.7,1.5,0,0,0,0,0,7.44,B
PROD_03900,Superfood Oil/Nut #3900,Superfoods & Healthy Oils,249.8,7.5,5.5,4.6,12.8,0.5,14.7,1.9,0,0,0,0,1,7.48,B
PROD_03901,Dairy Product #3901,Dairy & Cheese,303.0,11.1,6.6,0.0,19.5,4.7,262.6,3.0,0,0,0,0,0,5.46,C
PROD_03902,Processed Snack #3902,Processed Snacks & Sweets,380.3,2.1,38.0,2.9,18.3,33.5,717.7,5.6,0,0,0,1,0,2.76,E
PROD_03903,Prepared Meal #3903,Fast Food & Prepared Meals,514.9,32.2,44.7,5.7,31.5,16.0,1597.8,8.0,0,1,0,1,0,2.22,E
PROD_03904,Fresh Produce Item #3904,Whole Foods & Produce,25.7,3.5,5.4,5.4,0.7,5.4,40.4,0.1,0,0,0,0,0,8.23,A
PROD_03905,Dairy Product #3905,Dairy & Cheese,266.5,11.5,17.9,0.0,24.4,5.8,430.7,9.4,0,0,0,0,0,4.87,D
PROD_03906,Condiment #3906,Condiments & Sauces,48.9,0.4,17.1,0.3,3.4,8.2,227.1,1.7,1,0,1,0,0,1.0,E
PROD_03907,Beverage Item #3907,Beverages & Drinks,95.6,1.3,37.7,0.2,0.2,32.0,116.3,0.0,1,0,1,1,0,1.0,E
PROD_03908,Condiment #3908,Condiments & Sauces,138.1,0.1,4.4,0.8,9.4,4.4,819.1,2.2,0,0,1,0,1,1.73,E
PROD_03909,Dairy Product #3909,Dairy & Cheese,201.3,19.0,9.3,0.0,13.3,9.3,367.0,6.0,0,0,1,0,0,4.01,D
PROD_03910,Beverage Item #3910,Beverages & Drinks,66.8,1.6,44.4,0.1,0.3,43.4,49.3,0.0,1,0,0,1,0,1.0,E
PROD_03911,Fresh Produce Item #3911,Whole Foods & Produce,65.1,0.9,11.8,5.2,1.3,5.8,26.4,0.4,0,0,0,0,0,6.79,B
PROD_03912,Superfood Oil/Nut #3912,Superfoods & Healthy Oils,148.4,6.9,7.3,1.0,26.3,1.3,9.8,3.2,0,0,0,0,1,4.86,D
PROD_03913,Lean Protein #3913,Lean Proteins & Poultry,153.7,26.0,4.1,0.2,8.6,1.9,142.9,0.8,0,0,0,0,0,8.17,A
PROD_03914,Condiment #3914,Condiments & Sauces,20.6,1.5,21.2,1.4,16.9,7.5,1147.4,2.9,1,0,0,1,0,1.0,E
PROD_03915,Prepared Meal #3915,Fast Food & Prepared Meals,519.6,32.7,38.0,3.4,16.9,9.3,1733.0,14.3,0,1,0,0,0,3.05,E
PROD_03916,Dairy Product #3916,Dairy & Cheese,307.4,10.5,8.4,0.0,11.3,4.8,80.9,7.7,1,0,0,1,0,2.47,E
PROD_03917,Grain/Legume #3917,Whole Grains & Legumes,197.0,9.1,29.2,15.0,3.3,3.2,179.7,0.9,0,0,0,0,0,8.15,A
PROD_03918,Grain/Legume #3918,Whole Grains & Legumes,140.5,6.0,45.1,6.3,4.5,2.7,50.7,0.3,0,0,0,0,0,5.11,C
PROD_03919,Condiment #3919,Condiments & Sauces,64.7,0.3,30.3,0.4,15.2,9.0,1320.6,0.7,1,0,0,0,0,1.96,E
PROD_03920,Grain/Legume #3920,Whole Grains & Legumes,207.2,11.1,46.9,7.5,4.5,1.5,133.2,0.9,0,0,0,0,0,6.71,B
PROD_03921,Processed Snack #3921,Processed Snacks & Sweets,341.3,5.7,58.3,1.4,23.8,39.7,670.3,5.0,1,0,0,1,0,1.74,E
PROD_03922,Grain/Legume #3922,Whole Grains & Legumes,133.6,6.3,36.1,13.2,2.5,1.5,27.0,0.4,0,0,0,0,0,6.85,B
PROD_03923,Condiment #3923,Condiments & Sauces,17.5,0.3,26.4,0.7,8.0,1.5,1053.1,0.6,1,0,0,0,0,1.0,E
PROD_03924,Lean Protein #3924,Lean Proteins & Poultry,203.1,41.6,4.3,0.2,8.0,1.4,108.3,3.0,0,0,0,0,1,9.13,A
PROD_03925,Processed Snack #3925,Processed Snacks & Sweets,280.2,1.0,70.0,0.8,16.9,24.1,256.8,8.2,0,0,0,1,0,1.84,E
PROD_03926,Prepared Meal #3926,Fast Food & Prepared Meals,895.6,33.5,94.0,4.1,53.4,9.5,1019.0,9.5,1,0,0,1,0,3.23,E
PROD_03927,Nutrition Shake/Supplement #3927,Dietary Supplements & Shakes,160.9,22.7,14.9,7.6,8.0,6.4,55.2,0.6,0,0,1,0,0,8.87,A
PROD_03928,Lean Protein #3928,Lean Proteins & Poultry,161.3,35.8,3.8,0.2,7.8,1.5,192.8,1.0,0,0,0,0,0,8.83,A
PROD_03929,Fresh Produce Item #3929,Whole Foods & Produce,104.6,1.8,8.9,7.4,1.3,8.9,18.5,0.1,0,0,0,0,0,6.87,B
PROD_03930,Lean Protein #3930,Lean Proteins & Poultry,199.9,24.1,0.3,0.2,4.1,0.3,119.4,0.9,0,0,0,0,0,8.62,A
PROD_03931,Lean Protein #3931,Lean Proteins & Poultry,133.5,29.2,4.8,0.9,8.0,0.4,401.5,1.4,0,0,0,0,0,7.61,B
PROD_03932,Processed Snack #3932,Processed Snacks & Sweets,413.9,5.9,56.2,2.5,11.4,38.7,644.7,11.4,0,1,0,0,0,1.22,E
PROD_03933,Nutrition Shake/Supplement #3933,Dietary Supplements & Shakes,284.3,26.8,4.6,4.4,5.6,4.6,120.5,2.4,0,0,0,0,0,8.03,A
PROD_03934,Dairy Product #3934,Dairy & Cheese,331.6,24.3,14.7,0.0,12.3,14.6,448.5,4.8,1,0,0,0,0,5.39,C
PROD_03935,Processed Snack #3935,Processed Snacks & Sweets,346.1,4.7,59.0,2.4,27.5,20.7,354.8,7.5,0,0,0,1,0,3.57,D
PROD_03936,Dairy Product #3936,Dairy & Cheese,287.2,9.6,5.6,0.0,8.6,5.6,161.8,8.6,0,0,0,0,0,5.94,C
PROD_03937,Fresh Produce Item #3937,Whole Foods & Produce,60.9,3.9,24.2,6.8,0.6,11.9,5.7,0.0,0,0,0,0,0,3.8,D
PROD_03938,Superfood Oil/Nut #3938,Superfoods & Healthy Oils,138.3,3.3,5.8,1.0,20.8,0.9,10.1,3.7,0,0,0,0,1,5.36,C
PROD_03939,Nutrition Shake/Supplement #3939,Dietary Supplements & Shakes,207.0,43.8,14.4,1.9,5.4,10.4,211.4,2.0,0,0,0,1,0,7.27,B
PROD_03940,Fresh Produce Item #3940,Whole Foods & Produce,37.9,1.4,24.1,3.7,1.0,11.9,46.8,0.3,0,0,0,0,0,3.19,E
PROD_03941,Prepared Meal #3941,Fast Food & Prepared Meals,365.7,33.6,51.6,5.2,20.6,10.2,525.6,6.8,0,0,0,0,0,7.08,B
PROD_03942,Dairy Product #3942,Dairy & Cheese,156.7,15.3,15.8,0.0,26.3,8.9,519.2,15.0,0,0,0,0,0,5.05,C
PROD_03943,Processed Snack #3943,Processed Snacks & Sweets,260.3,4.6,49.8,2.4,9.7,35.6,425.7,2.8,0,0,0,1,0,1.0,E
PROD_03944,Dairy Product #3944,Dairy & Cheese,185.4,10.1,9.2,0.0,18.2,3.2,531.6,9.2,0,0,0,0,0,4.84,D
PROD_03945,Nutrition Shake/Supplement #3945,Dietary Supplements & Shakes,309.7,35.9,19.1,3.3,5.9,4.1,320.5,0.8,0,0,0,0,0,8.47,A
PROD_03946,Fresh Produce Item #3946,Whole Foods & Produce,81.3,0.9,5.2,3.5,1.1,3.0,32.7,0.3,0,0,0,0,0,6.41,C
PROD_03947,Processed Snack #3947,Processed Snacks & Sweets,398.4,5.0,46.4,2.0,16.9,23.1,623.0,5.3,1,1,0,1,0,1.0,E
PROD_03948,Prepared Meal #3948,Fast Food & Prepared Meals,685.5,13.1,86.6,3.6,33.9,9.9,736.2,9.1,0,1,0,1,0,1.91,E
PROD_03949,Prepared Meal #3949,Fast Food & Prepared Meals,618.6,31.8,48.9,3.4,27.0,8.5,874.5,8.5,0,0,0,0,0,6.64,B
PROD_03950,Processed Snack #3950,Processed Snacks & Sweets,234.4,2.9,74.7,1.9,15.5,36.5,596.1,8.0,0,0,0,1,0,2.4,E
PROD_03951,Lean Protein #3951,Lean Proteins & Poultry,176.0,35.0,4.5,0.3,6.7,0.9,209.2,3.0,0,0,0,0,0,9.28,A
PROD_03952,Nutrition Shake/Supplement #3952,Dietary Supplements & Shakes,108.1,27.8,12.5,2.7,7.2,4.9,250.8,1.8,0,0,0,1,0,7.0,B
PROD_03953,Beverage Item #3953,Beverages & Drinks,67.4,0.8,38.1,0.3,0.9,31.1,104.3,0.0,1,0,0,1,0,1.0,E
PROD_03954,Dairy Product #3954,Dairy & Cheese,190.7,10.7,4.2,0.0,4.0,4.2,442.8,4.0,1,0,1,0,0,2.82,E
PROD_03955,Dairy Product #3955,Dairy & Cheese,245.8,8.2,13.3,0.0,26.6,13.3,394.9,12.5,0,0,0,1,0,3.1,E
PROD_03956,Prepared Meal #3956,Fast Food & Prepared Meals,430.3,35.7,42.4,1.9,28.2,21.9,1305.6,4.4,1,1,0,1,0,2.04,E
PROD_03957,Grain/Legume #3957,Whole Grains & Legumes,287.0,15.0,45.2,6.4,2.1,1.6,106.1,0.4,0,0,0,0,0,7.44,B
PROD_03958,Condiment #3958,Condiments & Sauces,19.7,0.5,34.5,0.4,14.0,14.8,346.6,1.9,0,0,0,0,0,2.93,E
PROD_03959,Lean Protein #3959,Lean Proteins & Poultry,158.5,43.1,1.1,0.4,6.0,0.8,51.7,1.3,0,0,0,0,0,9.14,A
PROD_03960,Processed Snack #3960,Processed Snacks & Sweets,304.0,3.3,58.5,1.1,22.5,21.5,464.8,2.7,1,1,0,0,0,1.03,E
PROD_03961,Lean Protein #3961,Lean Proteins & Poultry,208.1,26.4,1.6,0.2,4.7,1.6,280.7,0.8,0,0,0,0,0,8.8,A
PROD_03962,Processed Snack #3962,Processed Snacks & Sweets,313.8,2.2,37.6,1.5,20.2,37.6,683.1,10.6,0,0,0,1,0,1.0,E
PROD_03963,Lean Protein #3963,Lean Proteins & Poultry,199.6,41.7,4.9,0.4,10.1,1.7,107.8,2.4,0,0,0,0,1,9.36,A
PROD_03964,Condiment #3964,Condiments & Sauces,109.1,1.6,7.0,0.3,3.8,7.0,1269.2,1.7,0,0,0,0,0,3.45,E
PROD_03965,Superfood Oil/Nut #3965,Superfoods & Healthy Oils,225.5,4.0,5.6,2.3,12.0,1.6,43.6,2.2,0,0,0,0,1,4.96,D
PROD_03966,Grain/Legume #3966,Whole Grains & Legumes,190.3,17.3,58.5,12.2,5.0,1.6,184.2,0.4,0,0,0,0,0,8.01,A
PROD_03967,Processed Snack #3967,Processed Snacks & Sweets,395.0,5.2,30.8,1.0,19.5,30.2,206.1,6.4,0,0,0,0,0,4.18,D
PROD_03968,Grain/Legume #3968,Whole Grains & Legumes,197.5,17.6,60.4,8.1,4.7,3.7,85.9,0.6,0,0,0,0,0,6.56,B
PROD_03969,Dairy Product #3969,Dairy & Cheese,80.3,13.6,4.4,0.0,14.6,4.4,163.6,4.1,0,0,0,0,0,5.88,C
PROD_03970,Lean Protein #3970,Lean Proteins & Poultry,148.9,24.7,4.4,0.8,5.9,1.4,249.3,0.8,0,0,0,0,0,7.55,B
PROD_03971,Fresh Produce Item #3971,Whole Foods & Produce,92.1,2.3,18.8,4.8,1.4,2.4,6.8,0.4,0,0,0,0,0,6.94,B
PROD_03972,Prepared Meal #3972,Fast Food & Prepared Meals,586.7,20.2,84.8,3.8,34.6,11.7,1369.2,6.5,0,1,0,0,0,4.15,D
PROD_03973,Dairy Product #3973,Dairy & Cheese,397.8,6.7,7.8,0.0,15.3,7.8,58.2,11.5,0,0,0,0,0,4.26,D
PROD_03974,Beverage Item #3974,Beverages & Drinks,232.7,0.2,51.9,0.2,0.4,19.2,23.7,0.0,1,0,0,0,0,1.27,E
PROD_03975,Nutrition Shake/Supplement #3975,Dietary Supplements & Shakes,154.2,17.1,14.3,3.4,2.5,0.5,166.5,1.1,1,0,0,0,0,7.86,B
PROD_03976,Fresh Produce Item #3976,Whole Foods & Produce,61.5,3.5,9.6,6.1,1.0,9.6,12.4,0.1,0,0,0,0,0,8.0,A
PROD_03977,Fresh Produce Item #3977,Whole Foods & Produce,60.6,2.9,18.0,3.0,1.5,4.0,25.5,0.3,0,0,0,0,0,6.16,C
PROD_03978,Dairy Product #3978,Dairy & Cheese,142.7,17.5,10.9,0.0,14.8,6.1,304.7,7.0,0,0,0,0,0,6.35,C
PROD_03979,Grain/Legume #3979,Whole Grains & Legumes,195.4,17.4,35.5,12.8,1.3,3.5,94.7,0.7,0,0,0,0,0,9.53,A
PROD_03980,Grain/Legume #3980,Whole Grains & Legumes,227.2,10.7,49.0,13.1,3.6,0.5,158.3,0.3,0,0,0,0,0,6.87,B
PROD_03981,Condiment #3981,Condiments & Sauces,168.1,1.0,19.2,0.1,16.2,7.5,696.7,3.0,1,0,0,0,0,2.35,E
PROD_03982,Prepared Meal #3982,Fast Food & Prepared Meals,536.8,18.3,62.7,4.9,20.3,18.1,1142.1,6.0,0,0,0,0,0,5.07,C
PROD_03983,Lean Protein #3983,Lean Proteins & Poultry,189.0,40.9,3.4,0.2,10.6,0.2,229.5,1.2,0,0,0,0,0,9.37,A
PROD_03984,Dairy Product #3984,Dairy & Cheese,204.7,21.6,4.6,0.0,28.9,4.6,633.3,16.1,0,0,0,0,0,4.37,D
PROD_03985,Prepared Meal #3985,Fast Food & Prepared Meals,622.3,31.0,73.0,4.3,22.3,9.6,915.0,15.3,0,1,0,1,0,1.81,E
PROD_03986,Lean Protein #3986,Lean Proteins & Poultry,180.8,27.2,3.9,0.2,4.1,0.6,207.9,2.2,0,0,0,0,0,8.84,A
PROD_03987,Nutrition Shake/Supplement #3987,Dietary Supplements & Shakes,253.5,25.6,5.3,5.3,7.5,3.3,91.0,1.6,0,0,1,0,0,8.22,A
PROD_03988,Beverage Item #3988,Beverages & Drinks,93.9,0.4,33.7,0.3,0.8,29.0,48.0,0.0,0,0,1,0,0,1.0,E
PROD_03989,Nutrition Shake/Supplement #3989,Dietary Supplements & Shakes,252.9,33.6,17.2,3.8,8.9,2.0,271.7,1.3,0,0,0,0,0,8.69,A
PROD_03990,Grain/Legume #3990,Whole Grains & Legumes,138.4,13.7,32.8,11.1,2.5,3.0,186.8,0.6,0,0,0,0,1,8.08,A
PROD_03991,Lean Protein #3991,Lean Proteins & Poultry,218.9,31.7,3.7,0.9,5.3,2.0,109.9,2.4,0,0,0,0,1,8.7,A
PROD_03992,Prepared Meal #3992,Fast Food & Prepared Meals,551.8,20.5,87.4,3.9,25.2,13.8,810.1,6.6,0,0,0,0,0,4.57,D
PROD_03993,Grain/Legume #3993,Whole Grains & Legumes,239.6,15.5,38.2,15.5,4.0,2.5,180.9,0.8,0,0,0,0,0,9.16,A
PROD_03994,Lean Protein #3994,Lean Proteins & Poultry,116.7,37.7,4.8,0.5,5.0,1.9,195.9,3.2,0,0,0,0,0,8.9,A
PROD_03995,Dairy Product #3995,Dairy & Cheese,387.3,14.8,4.6,0.0,5.6,4.6,130.1,5.6,0,0,0,0,0,5.83,C
PROD_03996,Dairy Product #3996,Dairy & Cheese,88.9,13.6,4.7,0.0,11.0,4.7,68.1,9.8,0,0,0,0,0,5.07,C
PROD_03997,Superfood Oil/Nut #3997,Superfoods & Healthy Oils,126.0,5.9,6.9,0.2,18.9,1.2,9.5,1.8,0,0,0,0,1,6.12,C
PROD_03998,Beverage Item #3998,Beverages & Drinks,70.7,0.8,49.9,0.4,0.8,26.0,27.8,0.0,1,0,0,0,0,1.0,E
PROD_03999,Prepared Meal #3999,Fast Food & Prepared Meals,691.2,33.1,46.2,5.2,39.6,14.3,1479.1,7.4,0,1,0,1,0,2.52,E
PROD_04000,Fresh Produce Item #4000,Whole Foods & Produce,97.9,0.9,13.9,8.0,1.4,10.9,19.3,0.0,0,0,0,0,0,5.15,C
PROD_04001,Superfood Oil/Nut #4001,Superfoods & Healthy Oils,132.1,5.6,2.8,0.1,11.7,0.7,47.7,1.5,0,0,0,0,1,5.4,C
PROD_04002,Lean Protein #4002,Lean Proteins & Poultry,171.0,41.5,0.0,0.0,2.2,0.0,329.0,2.1,0,0,0,0,0,8.15,A
PROD_04003,Grain/Legume #4003,Whole Grains & Legumes,292.1,9.2,62.9,12.8,1.9,3.8,140.8,0.8,0,0,0,0,0,6.67,B
PROD_04004,Lean Protein #4004,Lean Proteins & Poultry,223.0,23.4,1.0,0.0,10.3,1.0,136.0,3.4,0,0,0,0,0,8.97,A
PROD_04005,Beverage Item #4005,Beverages & Drinks,170.2,1.0,41.9,0.3,0.1,26.2,116.1,0.0,0,0,1,0,0,1.0,E
PROD_04006,Condiment #4006,Condiments & Sauces,75.5,0.7,34.6,0.9,14.9,13.1,430.2,1.0,1,0,0,1,1,1.64,E
PROD_04007,Superfood Oil/Nut #4007,Superfoods & Healthy Oils,220.4,1.1,6.3,0.7,26.1,0.3,38.2,1.9,0,0,0,0,1,5.73,C
PROD_04008,Superfood Oil/Nut #4008,Superfoods & Healthy Oils,200.2,1.5,2.4,1.4,11.0,1.7,43.4,3.7,0,0,0,0,1,8.89,A
PROD_04009,Prepared Meal #4009,Fast Food & Prepared Meals,513.4,32.0,63.9,2.3,30.1,8.9,518.4,14.7,0,0,0,0,0,4.88,D
PROD_04010,Lean Protein #4010,Lean Proteins & Poultry,159.6,42.5,0.6,0.6,7.9,0.6,267.0,2.4,0,0,0,0,0,8.67,A
PROD_04011,Nutrition Shake/Supplement #4011,Dietary Supplements & Shakes,246.7,29.1,6.7,4.4,4.3,6.7,281.5,1.9,0,0,1,0,0,8.36,A
PROD_04012,Superfood Oil/Nut #4012,Superfoods & Healthy Oils,179.2,1.6,7.6,4.2,15.6,1.9,15.0,2.3,0,0,0,0,1,5.4,C
PROD_04013,Dairy Product #4013,Dairy & Cheese,129.1,17.6,12.3,0.0,22.3,3.7,405.0,3.7,0,0,1,0,0,5.38,C
PROD_04014,Prepared Meal #4014,Fast Food & Prepared Meals,902.3,14.7,89.0,5.5,40.0,13.5,743.5,5.7,0,0,0,0,0,5.23,C
PROD_04015,Condiment #4015,Condiments & Sauces,105.2,1.2,4.4,0.9,13.3,4.4,495.5,0.8,0,0,0,0,0,3.6,D
PROD_04016,Fresh Produce Item #4016,Whole Foods & Produce,60.4,3.2,9.8,6.1,1.0,9.8,22.1,0.1,0,0,0,0,0,7.23,B
PROD_04017,Nutrition Shake/Supplement #4017,Dietary Supplements & Shakes,253.3,21.9,19.5,7.1,7.6,3.5,291.3,1.3,0,0,1,0,0,6.87,B
PROD_04018,Condiment #4018,Condiments & Sauces,141.6,0.2,2.6,1.5,1.3,2.6,1254.1,1.3,1,0,0,1,0,1.93,E
PROD_04019,Beverage Item #4019,Beverages & Drinks,54.4,0.2,26.7,0.1,0.9,22.2,106.4,0.0,1,0,0,1,0,1.0,E
PROD_04020,Condiment #4020,Condiments & Sauces,17.4,0.4,24.6,1.4,13.5,16.5,1040.7,0.7,0,0,0,1,0,1.82,E
PROD_04021,Lean Protein #4021,Lean Proteins & Poultry,169.5,22.6,2.1,0.2,5.5,0.5,373.5,0.5,0,0,0,0,0,7.88,B
PROD_04022,Nutrition Shake/Supplement #4022,Dietary Supplements & Shakes,122.9,40.4,18.0,4.2,6.7,2.5,215.1,1.7,0,0,1,0,0,8.14,A
PROD_04023,Superfood Oil/Nut #4023,Superfoods & Healthy Oils,154.8,7.5,0.0,0.0,15.9,0.0,5.2,2.1,0,0,0,0,1,5.88,C
PROD_04024,Condiment #4024,Condiments & Sauces,124.7,1.7,31.0,1.2,9.1,26.7,1181.3,0.4,1,0,0,1,0,1.0,E
PROD_04025,Condiment #4025,Condiments & Sauces,123.1,1.0,28.0,1.0,2.0,10.5,1083.5,1.0,0,0,1,1,0,1.0,E
PROD_04026,Nutrition Shake/Supplement #4026,Dietary Supplements & Shakes,184.9,32.6,14.0,4.9,5.2,10.3,255.1,1.3,0,0,0,1,0,8.92,A
PROD_04027,Condiment #4027,Condiments & Sauces,54.9,1.1,29.7,0.6,12.0,2.1,1323.8,2.9,1,0,0,1,0,1.0,E
PROD_04028,Grain/Legume #4028,Whole Grains & Legumes,241.4,17.3,31.0,11.1,1.2,2.6,82.5,0.3,0,0,0,0,0,9.42,A
PROD_04029,Prepared Meal #4029,Fast Food & Prepared Meals,903.1,27.6,38.5,3.5,21.4,15.3,706.5,10.7,1,1,0,1,1,1.16,E
PROD_04030,Fresh Produce Item #4030,Whole Foods & Produce,110.3,3.2,21.6,3.8,1.8,10.4,38.2,0.2,0,0,0,0,0,7.39,B
PROD_04031,Condiment #4031,Condiments & Sauces,167.4,1.0,8.4,1.1,2.3,8.4,953.9,2.1,0,1,0,1,1,1.0,E
PROD_04032,Prepared Meal #4032,Fast Food & Prepared Meals,655.2,23.0,60.8,3.7,27.1,6.4,1740.7,15.1,0,0,0,0,0,3.89,D
PROD_04033,Lean Protein #4033,Lean Proteins & Poultry,130.6,40.5,2.2,0.6,7.2,1.2,331.9,2.4,0,0,0,0,0,8.45,A
PROD_04034,Lean Protein #4034,Lean Proteins & Poultry,223.7,29.2,0.9,0.3,7.2,0.9,269.9,1.3,0,0,0,0,0,8.62,A
PROD_04035,Condiment #4035,Condiments & Sauces,90.7,1.9,30.7,1.2,3.3,23.6,746.4,0.6,0,1,0,1,0,1.0,E
PROD_04036,Superfood Oil/Nut #4036,Superfoods & Healthy Oils,222.0,7.1,5.2,0.1,22.7,0.4,34.1,1.0,0,0,0,0,1,5.72,C
PROD_04037,Condiment #4037,Condiments & Sauces,100.3,0.7,24.9,0.8,17.3,10.7,1066.2,2.5,1,0,0,1,1,1.0,E
PROD_04038,Prepared Meal #4038,Fast Food & Prepared Meals,656.0,14.3,82.7,1.7,33.5,11.6,723.0,12.2,0,1,0,0,0,3.71,D
PROD_04039,Fresh Produce Item #4039,Whole Foods & Produce,72.7,1.4,23.3,6.4,1.3,3.2,46.9,0.1,0,0,0,0,0,4.98,D
PROD_04040,Grain/Legume #4040,Whole Grains & Legumes,313.8,7.6,49.7,5.6,3.9,3.8,72.2,0.8,0,0,0,0,0,5.71,C
PROD_04041,Lean Protein #4041,Lean Proteins & Poultry,184.6,41.0,3.0,0.4,10.8,0.4,193.8,2.2,0,0,0,0,0,9.0,A
PROD_04042,Beverage Item #4042,Beverages & Drinks,72.9,0.8,20.6,0.2,0.6,20.6,49.7,0.0,0,0,0,0,0,1.0,E
PROD_04043,Condiment #4043,Condiments & Sauces,111.9,0.9,21.1,0.7,2.6,21.0,839.6,1.2,0,0,0,0,1,1.0,E
PROD_04044,Beverage Item #4044,Beverages & Drinks,209.9,1.1,3.9,0.1,0.9,3.9,101.9,0.0,0,0,1,0,0,4.08,D
PROD_04045,Dairy Product #4045,Dairy & Cheese,393.6,14.2,12.8,0.0,21.2,3.5,496.2,7.5,0,0,0,0,0,6.46,C
PROD_04046,Beverage Item #4046,Beverages & Drinks,129.8,0.4,21.3,0.5,0.9,21.3,75.1,0.0,0,0,0,1,0,1.0,E
PROD_04047,Dairy Product #4047,Dairy & Cheese,291.6,22.5,8.3,0.0,4.0,8.3,246.9,4.0,0,0,0,1,0,5.49,C
PROD_04048,Superfood Oil/Nut #4048,Superfoods & Healthy Oils,205.8,4.9,5.0,2.6,26.9,0.3,0.7,2.6,0,0,0,0,1,5.55,C
PROD_04049,Dairy Product #4049,Dairy & Cheese,232.7,10.4,8.9,0.0,14.1,6.7,169.4,14.1,1,0,0,0,0,3.04,E
PROD_04050,Dairy Product #4050,Dairy & Cheese,236.9,15.1,6.5,0.0,8.7,6.1,436.5,3.7,0,0,0,0,0,6.19,C
PROD_04051,Prepared Meal #4051,Fast Food & Prepared Meals,890.2,14.9,91.6,3.1,49.3,16.0,1746.4,16.1,0,0,0,0,0,4.35,D
PROD_04052,Superfood Oil/Nut #4052,Superfoods & Healthy Oils,151.9,3.2,1.8,1.8,26.3,0.4,22.7,3.0,0,0,0,0,1,4.65,D
PROD_04053,Beverage Item #4053,Beverages & Drinks,37.0,0.3,52.9,0.4,0.3,49.6,114.9,0.0,1,0,0,1,0,1.0,E
PROD_04054,Processed Snack #4054,Processed Snacks & Sweets,205.0,4.8,51.5,0.7,10.7,32.7,505.1,4.8,1,0,0,1,0,1.0,E
PROD_04055,Nutrition Shake/Supplement #4055,Dietary Supplements & Shakes,256.9,32.5,4.1,2.4,3.0,2.5,247.6,2.4,0,0,0,0,0,9.01,A
PROD_04056,Processed Snack #4056,Processed Snacks & Sweets,279.1,4.0,47.6,0.5,8.5,21.0,483.1,5.9,1,1,1,0,0,1.0,E
PROD_04057,Nutrition Shake/Supplement #4057,Dietary Supplements & Shakes,291.8,40.4,22.4,4.2,5.4,5.4,272.0,1.7,1,0,1,1,0,3.74,D
PROD_04058,Processed Snack #4058,Processed Snacks & Sweets,240.4,2.0,55.7,1.1,22.4,24.6,726.5,7.8,0,0,0,1,0,1.31,E
PROD_04059,Grain/Legume #4059,Whole Grains & Legumes,284.4,15.2,42.3,8.9,2.1,1.6,182.8,0.4,0,0,0,0,0,8.98,A
PROD_04060,Dairy Product #4060,Dairy & Cheese,353.3,11.5,15.9,0.0,16.3,8.1,281.8,16.3,0,0,0,1,0,2.93,E
PROD_04061,Processed Snack #4061,Processed Snacks & Sweets,376.1,6.0,57.4,0.8,9.3,18.4,423.7,9.3,1,1,0,1,0,1.0,E
PROD_04062,Lean Protein #4062,Lean Proteins & Poultry,220.4,30.2,0.4,0.4,3.1,0.4,217.1,0.7,0,0,0,0,0,8.16,A
PROD_04063,Grain/Legume #4063,Whole Grains & Legumes,344.8,8.7,61.4,11.5,4.0,3.1,125.6,0.3,0,0,0,0,0,6.42,C
PROD_04064,Prepared Meal #4064,Fast Food & Prepared Meals,664.2,34.0,73.3,4.6,20.3,20.9,1524.7,7.6,0,0,0,0,0,5.81,C
PROD_04065,Grain/Legume #4065,Whole Grains & Legumes,251.8,7.5,47.6,11.1,4.0,3.4,191.2,0.3,0,0,0,0,0,6.71,B
PROD_04066,Beverage Item #4066,Beverages & Drinks,38.3,1.8,28.9,0.1,1.0,13.1,90.7,0.0,0,0,0,0,0,1.32,E
PROD_04067,Grain/Legume #4067,Whole Grains & Legumes,205.4,14.8,27.9,10.6,3.1,1.5,13.9,0.4,0,0,0,0,0,8.63,A
PROD_04068,Fresh Produce Item #4068,Whole Foods & Produce,29.5,2.7,14.5,4.1,1.4,10.9,19.8,0.4,0,0,0,0,0,5.76,C
PROD_04069,Nutrition Shake/Supplement #4069,Dietary Supplements & Shakes,148.6,21.0,5.2,4.2,3.6,5.2,142.3,1.9,0,0,1,0,0,7.7,B
PROD_04070,Fresh Produce Item #4070,Whole Foods & Produce,41.9,1.0,12.2,2.6,0.4,12.2,12.7,0.1,0,0,0,0,0,3.4,E
PROD_04071,Dairy Product #4071,Dairy & Cheese,130.3,17.0,2.7,0.0,15.4,2.7,623.8,7.5,0,0,0,0,0,4.79,D
PROD_04072,Condiment #4072,Condiments & Sauces,176.7,1.8,21.2,0.3,10.0,21.2,245.6,1.3,1,0,1,0,1,1.0,E
PROD_04073,Beverage Item #4073,Beverages & Drinks,12.3,0.2,25.6,0.4,0.8,16.0,83.0,0.0,1,0,0,1,0,1.0,E
PROD_04074,Nutrition Shake/Supplement #4074,Dietary Supplements & Shakes,239.9,20.5,22.0,3.5,5.1,4.6,317.6,2.3,0,0,0,1,0,4.62,D
PROD_04075,Condiment #4075,Condiments & Sauces,114.2,2.0,23.6,1.1,17.9,17.0,1057.5,0.9,1,0,0,1,0,1.0,E
PROD_04076,Prepared Meal #4076,Fast Food & Prepared Meals,814.3,16.0,78.2,5.3,19.9,12.2,1614.5,6.8,0,0,0,1,0,2.97,E
PROD_04077,Dairy Product #4077,Dairy & Cheese,319.8,17.5,12.1,0.0,4.9,10.7,341.4,4.9,0,0,1,0,0,4.99,D
PROD_04078,Beverage Item #4078,Beverages & Drinks,27.1,1.4,31.0,0.2,0.7,25.1,61.2,0.0,1,0,1,1,0,1.0,E
PROD_04079,Beverage Item #4079,Beverages & Drinks,86.7,1.9,27.4,0.4,1.0,8.3,16.0,0.0,1,0,1,1,0,1.0,E
PROD_04080,Condiment #4080,Condiments & Sauces,113.2,0.3,14.5,0.5,11.1,3.2,324.2,1.8,0,0,1,0,1,2.98,E
PROD_04081,Nutrition Shake/Supplement #4081,Dietary Supplements & Shakes,121.1,41.6,22.3,7.6,3.0,1.0,183.4,2.3,0,0,0,0,0,10.0,A
PROD_04082,Beverage Item #4082,Beverages & Drinks,124.3,1.2,47.9,0.3,0.5,36.4,13.9,0.0,1,0,1,1,0,1.0,E
PROD_04083,Processed Snack #4083,Processed Snacks & Sweets,321.4,3.2,37.4,0.9,11.7,24.2,681.4,9.7,1,1,1,1,0,1.0,E
PROD_04084,Nutrition Shake/Supplement #4084,Dietary Supplements & Shakes,303.0,44.0,21.4,7.2,7.6,11.5,303.7,1.4,0,0,0,0,0,9.49,A
PROD_04085,Nutrition Shake/Supplement #4085,Dietary Supplements & Shakes,145.6,16.1,10.6,5.8,7.2,7.3,168.0,1.7,0,0,0,1,0,8.9,A
PROD_04086,Prepared Meal #4086,Fast Food & Prepared Meals,524.0,23.1,85.7,2.8,37.1,15.6,647.7,14.9,0,1,0,0,0,4.84,D
PROD_04087,Nutrition Shake/Supplement #4087,Dietary Supplements & Shakes,169.3,39.9,24.5,7.6,6.2,11.8,170.2,1.5,0,0,0,1,0,8.44,A
PROD_04088,Lean Protein #4088,Lean Proteins & Poultry,117.4,39.1,4.3,0.8,9.2,1.9,389.6,3.3,0,0,0,0,0,8.36,A
PROD_04089,Lean Protein #4089,Lean Proteins & Poultry,150.5,36.7,1.0,0.1,7.6,1.0,83.1,1.0,0,0,0,0,1,8.76,A
PROD_04090,Lean Protein #4090,Lean Proteins & Poultry,147.0,26.8,2.8,0.0,8.0,0.8,121.5,2.5,0,0,0,0,0,8.58,A
PROD_04091,Lean Protein #4091,Lean Proteins & Poultry,179.0,34.6,4.5,0.5,8.8,0.4,335.4,2.4,0,0,0,0,0,8.12,A
PROD_04092,Fresh Produce Item #4092,Whole Foods & Produce,93.9,3.3,9.5,3.8,0.9,5.1,39.9,0.3,0,0,0,0,0,8.22,A
PROD_04093,Prepared Meal #4093,Fast Food & Prepared Meals,579.0,34.6,65.7,4.4,28.9,14.9,1551.0,8.2,0,1,0,0,1,4.81,D
PROD_04094,Beverage Item #4094,Beverages & Drinks,69.1,0.8,56.8,0.2,0.3,5.9,47.5,0.0,0,0,1,0,0,1.01,E
PROD_04095,Condiment #4095,Condiments & Sauces,49.9,0.4,27.3,0.5,1.2,20.4,1387.5,1.2,1,0,0,0,0,1.0,E
PROD_04096,Fresh Produce Item #4096,Whole Foods & Produce,88.3,1.3,15.2,3.2,1.8,6.2,41.2,0.2,0,0,0,0,0,6.71,B
PROD_04097,Beverage Item #4097,Beverages & Drinks,186.6,0.9,46.4,0.1,0.5,1.2,54.7,0.0,1,0,0,1,0,1.0,E
PROD_04098,Lean Protein #4098,Lean Proteins & Poultry,155.6,33.9,0.9,0.7,8.2,0.4,270.2,2.9,0,0,0,0,0,9.3,A
PROD_04099,Processed Snack #4099,Processed Snacks & Sweets,530.1,2.0,37.2,1.9,9.0,37.2,719.5,6.3,0,1,0,0,0,3.38,E
PROD_04100,Superfood Oil/Nut #4100,Superfoods & Healthy Oils,230.6,5.6,0.4,0.4,21.7,0.4,36.4,2.6,0,0,0,0,1,4.44,D
PROD_04101,Fresh Produce Item #4101,Whole Foods & Produce,110.6,3.1,6.8,6.5,0.7,2.3,26.8,0.4,0,0,0,0,0,7.95,B
PROD_04102,Grain/Legume #4102,Whole Grains & Legumes,286.0,16.4,63.7,14.8,2.9,3.9,51.9,0.3,0,0,0,0,1,7.84,B
PROD_04103,Lean Protein #4103,Lean Proteins & Poultry,215.2,23.9,2.9,1.0,2.5,0.5,199.6,0.8,0,0,0,0,0,8.42,A
PROD_04104,Fresh Produce Item #4104,Whole Foods & Produce,110.3,3.8,19.6,5.2,1.9,14.5,26.5,0.3,0,0,0,0,0,6.18,C
PROD_04105,Beverage Item #4105,Beverages & Drinks,178.4,1.4,17.4,0.4,0.1,17.4,90.9,0.0,0,0,0,1,0,3.65,D
PROD_04106,Dairy Product #4106,Dairy & Cheese,346.5,13.6,14.2,0.0,18.2,14.2,239.7,8.2,0,0,0,0,0,5.5,C
PROD_04107,Processed Snack #4107,Processed Snacks & Sweets,474.6,2.0,61.5,1.9,11.0,38.2,206.2,7.1,1,0,0,0,0,2.9,E
PROD_04108,Prepared Meal #4108,Fast Food & Prepared Meals,471.5,30.5,42.3,2.3,52.6,8.6,886.4,12.9,0,0,0,1,0,4.26,D
PROD_04109,Prepared Meal #4109,Fast Food & Prepared Meals,798.6,25.6,84.0,2.3,29.5,19.2,1528.3,17.5,1,0,0,1,0,2.36,E
PROD_04110,Fresh Produce Item #4110,Whole Foods & Produce,97.8,1.7,17.6,3.2,1.2,9.1,45.0,0.4,0,0,0,0,0,6.06,C
PROD_04111,Grain/Legume #4111,Whole Grains & Legumes,219.5,8.8,48.4,9.0,5.0,2.5,89.7,0.9,0,0,0,0,0,6.46,C
PROD_04112,Dairy Product #4112,Dairy & Cheese,309.2,16.1,8.7,0.0,18.6,8.7,474.8,13.2,0,0,0,1,0,3.4,E
PROD_04113,Processed Snack #4113,Processed Snacks & Sweets,276.7,4.3,67.0,3.0,23.4,34.8,548.6,2.9,0,0,0,1,0,2.3,E
PROD_04114,Superfood Oil/Nut #4114,Superfoods & Healthy Oils,154.8,6.7,1.3,0.1,16.7,0.6,19.9,3.3,0,0,0,0,1,5.89,C
PROD_04115,Beverage Item #4115,Beverages & Drinks,99.4,1.3,39.9,0.4,0.3,15.9,85.3,0.0,0,0,0,1,0,1.19,E
PROD_04116,Lean Protein #4116,Lean Proteins & Poultry,196.3,37.9,1.6,1.0,3.0,1.6,320.6,2.5,0,0,0,0,0,8.52,A
PROD_04117,Processed Snack #4117,Processed Snacks & Sweets,436.7,2.3,60.6,2.3,14.7,43.4,653.6,6.0,1,0,0,1,0,1.0,E
PROD_04118,Dairy Product #4118,Dairy & Cheese,386.3,19.4,4.6,0.0,13.4,4.6,298.4,13.4,0,0,0,1,0,4.92,D
PROD_04119,Lean Protein #4119,Lean Proteins & Poultry,207.3,35.3,2.6,0.8,6.4,0.7,337.4,3.3,0,0,0,0,0,8.53,A
PROD_04120,Condiment #4120,Condiments & Sauces,84.9,1.2,9.0,0.8,4.0,7.1,535.9,0.1,1,0,1,1,0,1.0,E
PROD_04121,Processed Snack #4121,Processed Snacks & Sweets,453.1,4.3,43.4,1.5,26.5,33.1,374.7,3.5,0,0,0,0,0,5.16,C
PROD_04122,Prepared Meal #4122,Fast Food & Prepared Meals,644.7,27.3,79.6,4.8,15.8,17.3,1570.3,5.0,0,0,0,0,0,5.21,C
PROD_04123,Grain/Legume #4123,Whole Grains & Legumes,345.2,17.2,36.2,9.2,2.7,1.0,83.8,0.8,0,0,0,0,0,7.0,B
PROD_04124,Processed Snack #4124,Processed Snacks & Sweets,208.9,4.9,60.5,1.8,28.0,43.1,754.3,8.2,0,1,0,1,0,2.52,E
PROD_04125,Processed Snack #4125,Processed Snacks & Sweets,495.2,2.6,54.8,2.2,12.6,42.5,629.1,3.0,0,0,0,1,0,3.05,E
PROD_04126,Lean Protein #4126,Lean Proteins & Poultry,126.5,28.2,0.5,0.3,3.7,0.5,219.4,2.7,0,0,0,0,0,9.05,A
PROD_04127,Beverage Item #4127,Beverages & Drinks,36.9,1.9,38.2,0.5,0.6,3.5,13.3,0.0,0,0,1,0,0,1.37,E
PROD_04128,Processed Snack #4128,Processed Snacks & Sweets,372.6,1.7,45.9,2.2,21.2,16.2,642.1,10.0,1,0,0,1,0,1.0,E
PROD_04129,Lean Protein #4129,Lean Proteins & Poultry,159.2,44.8,0.1,0.1,4.1,0.1,403.5,1.2,0,0,0,0,0,8.68,A
PROD_04130,Nutrition Shake/Supplement #4130,Dietary Supplements & Shakes,307.5,37.7,22.7,2.0,1.7,6.2,184.4,1.7,0,0,1,0,0,7.33,B
PROD_04131,Processed Snack #4131,Processed Snacks & Sweets,217.3,1.1,36.4,1.4,27.4,36.4,494.6,6.6,0,0,0,1,0,3.5,D
PROD_04132,Condiment #4132,Condiments & Sauces,98.1,0.9,23.7,0.7,9.0,9.0,258.1,2.8,1,0,0,1,0,1.0,E
PROD_04133,Beverage Item #4133,Beverages & Drinks,224.5,2.0,32.3,0.4,0.6,23.2,55.0,0.0,0,0,0,1,0,1.0,E
PROD_04134,Nutrition Shake/Supplement #4134,Dietary Supplements & Shakes,187.7,22.3,15.0,1.4,4.0,10.7,209.6,1.4,0,0,1,1,0,5.2,C
PROD_04135,Dairy Product #4135,Dairy & Cheese,395.2,16.2,3.3,0.0,24.8,3.3,608.0,12.7,0,0,0,1,0,3.45,E
PROD_04136,Grain/Legume #4136,Whole Grains & Legumes,253.9,14.4,50.6,6.3,4.6,3.3,146.9,0.5,0,0,0,0,0,7.34,B
PROD_04137,Superfood Oil/Nut #4137,Superfoods & Healthy Oils,199.8,7.5,5.5,0.1,10.1,0.2,16.8,2.6,0,0,0,0,1,5.89,C
PROD_04138,Nutrition Shake/Supplement #4138,Dietary Supplements & Shakes,141.7,31.1,24.2,1.2,8.3,10.8,307.2,1.3,0,0,0,0,0,8.6,A
PROD_04139,Dairy Product #4139,Dairy & Cheese,296.8,9.5,12.2,0.0,5.8,12.2,483.1,2.1,0,0,0,1,0,4.62,D
PROD_04140,Processed Snack #4140,Processed Snacks & Sweets,364.8,1.7,42.2,0.7,17.7,33.4,308.4,7.2,0,0,0,1,0,3.5,D
PROD_04141,Grain/Legume #4141,Whole Grains & Legumes,208.5,7.0,47.8,9.7,4.2,3.1,133.5,0.7,0,0,0,0,0,6.02,C
PROD_04142,Prepared Meal #4142,Fast Food & Prepared Meals,741.8,35.0,58.1,2.0,14.5,11.3,764.0,8.5,1,0,0,0,0,4.8,D
PROD_04143,Condiment #4143,Condiments & Sauces,42.2,1.5,8.0,0.8,1.4,2.3,757.1,0.3,1,0,0,1,0,1.26,E
PROD_04144,Condiment #4144,Condiments & Sauces,57.8,1.6,8.2,0.9,14.0,8.2,1208.9,1.7,0,0,0,1,0,2.22,E
PROD_04145,Fresh Produce Item #4145,Whole Foods & Produce,35.9,1.4,9.4,3.0,1.0,9.4,34.6,0.4,0,0,0,0,0,4.95,D
PROD_04146,Grain/Legume #4146,Whole Grains & Legumes,213.3,17.1,36.0,13.2,1.5,2.9,117.7,0.4,0,0,0,0,0,9.09,A
PROD_04147,Condiment #4147,Condiments & Sauces,142.4,0.7,18.4,1.0,0.5,7.7,500.3,0.5,1,0,0,1,1,1.0,E
PROD_04148,Grain/Legume #4148,Whole Grains & Legumes,166.0,10.7,52.6,7.3,2.9,3.2,158.9,0.4,0,0,0,0,0,5.08,C
PROD_04149,Processed Snack #4149,Processed Snacks & Sweets,204.3,2.8,33.1,1.3,21.4,32.1,212.8,8.9,0,0,0,1,0,3.27,E
PROD_04150,Lean Protein #4150,Lean Proteins & Poultry,134.1,27.8,0.4,0.4,4.8,0.4,342.2,1.1,0,0,0,0,0,8.59,A
PROD_04151,Condiment #4151,Condiments & Sauces,173.9,0.5,34.9,0.3,0.4,25.2,896.0,0.4,1,0,0,0,1,1.0,E
PROD_04152,Fresh Produce Item #4152,Whole Foods & Produce,45.7,1.3,22.6,3.1,1.3,2.8,29.9,0.1,0,0,0,0,0,5.31,C
PROD_04153,Fresh Produce Item #4153,Whole Foods & Produce,62.4,3.7,7.6,3.7,0.2,7.0,11.7,0.2,0,0,0,0,0,7.25,B
PROD_04154,Condiment #4154,Condiments & Sauces,138.1,0.9,21.9,0.9,7.4,20.1,1222.7,2.7,1,0,1,0,0,1.0,E
PROD_04155,Prepared Meal #4155,Fast Food & Prepared Meals,672.1,34.2,93.4,4.9,45.4,13.5,581.5,13.3,1,1,0,0,0,3.37,E
PROD_04156,Lean Protein #4156,Lean Proteins & Poultry,174.7,33.0,3.3,0.3,10.5,0.8,66.5,0.7,0,0,0,0,0,8.25,A
PROD_04157,Beverage Item #4157,Beverages & Drinks,117.8,1.7,43.0,0.1,0.0,43.0,79.2,0.0,1,0,0,1,0,1.0,E
PROD_04158,Grain/Legume #4158,Whole Grains & Legumes,282.4,13.1,47.7,12.3,3.4,1.3,175.5,0.4,0,0,0,0,0,7.42,B
PROD_04159,Nutrition Shake/Supplement #4159,Dietary Supplements & Shakes,261.7,21.6,5.5,3.2,5.8,5.1,124.8,0.5,0,0,1,0,0,5.36,C
PROD_04160,Superfood Oil/Nut #4160,Superfoods & Healthy Oils,196.9,3.2,6.6,3.7,21.2,1.8,43.1,1.7,0,0,0,0,1,6.11,C
PROD_04161,Grain/Legume #4161,Whole Grains & Legumes,188.5,11.4,39.4,14.5,4.8,2.2,165.6,0.3,0,0,0,0,0,7.9,B
PROD_04162,Beverage Item #4162,Beverages & Drinks,68.2,1.0,50.6,0.4,0.1,30.0,106.0,0.0,0,0,1,0,0,1.0,E
PROD_04163,Prepared Meal #4163,Fast Food & Prepared Meals,536.1,26.1,94.0,5.3,47.3,7.5,1658.5,11.8,0,0,0,0,0,4.84,D
PROD_04164,Grain/Legume #4164,Whole Grains & Legumes,159.3,7.5,59.7,9.8,3.2,4.7,54.8,0.8,0,0,0,0,0,6.3,C
PROD_04165,Prepared Meal #4165,Fast Food & Prepared Meals,931.0,12.4,48.0,4.1,50.1,4.6,1642.9,11.1,0,0,0,1,0,2.93,E
PROD_04166,Lean Protein #4166,Lean Proteins & Poultry,229.0,22.8,1.6,0.5,8.9,1.5,151.3,0.5,0,0,0,0,0,7.01,B
PROD_04167,Nutrition Shake/Supplement #4167,Dietary Supplements & Shakes,265.4,40.1,5.4,4.4,8.4,5.4,212.9,1.9,0,0,0,0,0,9.86,A
PROD_04168,Lean Protein #4168,Lean Proteins & Poultry,243.2,23.9,2.7,0.2,9.7,1.1,130.9,3.1,0,0,0,0,0,6.97,B
PROD_04169,Superfood Oil/Nut #4169,Superfoods & Healthy Oils,132.6,6.0,0.7,0.7,13.5,0.7,46.7,2.8,0,0,0,0,1,6.21,C
PROD_04170,Prepared Meal #4170,Fast Food & Prepared Meals,839.2,13.1,52.8,3.0,49.0,18.0,1336.2,15.3,0,0,0,1,0,2.85,E
PROD_04171,Fresh Produce Item #4171,Whole Foods & Produce,97.4,2.3,21.3,5.8,1.3,13.4,43.1,0.0,0,0,0,0,0,5.11,C
PROD_04172,Prepared Meal #4172,Fast Food & Prepared Meals,405.2,30.1,85.7,3.5,23.8,18.5,1185.9,6.8,0,0,0,0,1,4.67,D
PROD_04173,Dairy Product #4173,Dairy & Cheese,181.5,7.3,16.3,0.0,31.9,6.9,494.3,3.1,0,0,0,1,0,3.96,D
PROD_04174,Grain/Legume #4174,Whole Grains & Legumes,245.3,9.2,54.5,9.0,1.3,1.2,30.1,0.5,0,0,0,0,1,6.13,C
PROD_04175,Beverage Item #4175,Beverages & Drinks,217.9,0.5,29.1,0.3,1.0,3.6,83.5,0.0,1,0,0,1,0,1.0,E
PROD_04176,Nutrition Shake/Supplement #4176,Dietary Supplements & Shakes,305.8,41.0,9.0,2.3,8.2,8.4,121.1,1.9,0,0,1,0,0,6.78,B
PROD_04177,Grain/Legume #4177,Whole Grains & Legumes,327.6,13.5,50.2,14.4,2.6,3.8,135.2,0.8,0,0,0,0,0,7.92,B
PROD_04178,Nutrition Shake/Supplement #4178,Dietary Supplements & Shakes,116.9,21.0,4.0,4.0,5.8,2.5,262.3,1.5,0,0,0,0,0,9.04,A
PROD_04179,Grain/Legume #4179,Whole Grains & Legumes,321.4,14.0,28.6,10.3,4.3,3.8,181.5,0.4,0,0,0,0,0,7.97,B
PROD_04180,Lean Protein #4180,Lean Proteins & Poultry,220.4,34.1,3.0,0.7,7.0,1.7,239.6,2.1,0,0,0,0,1,8.98,A
PROD_04181,Prepared Meal #4181,Fast Food & Prepared Meals,523.7,12.4,61.4,5.4,48.3,14.9,661.5,5.5,0,0,0,0,0,5.07,C
PROD_04182,Grain/Legume #4182,Whole Grains & Legumes,309.5,6.9,42.7,10.4,1.1,0.8,92.9,0.4,0,0,0,0,0,7.37,B
PROD_04183,Dairy Product #4183,Dairy & Cheese,155.6,11.8,9.3,0.0,24.7,2.3,280.2,11.5,0,0,1,0,0,4.28,D
PROD_04184,Beverage Item #4184,Beverages & Drinks,57.0,0.4,2.4,0.1,0.8,0.2,14.8,0.0,1,0,0,1,0,2.47,E
PROD_04185,Beverage Item #4185,Beverages & Drinks,198.0,0.7,36.7,0.2,0.5,36.7,55.7,0.0,0,0,0,1,0,1.0,E
PROD_04186,Grain/Legume #4186,Whole Grains & Legumes,206.5,15.3,54.6,12.7,2.5,4.0,191.8,0.8,0,0,0,0,0,8.25,A
PROD_04187,Superfood Oil/Nut #4187,Superfoods & Healthy Oils,198.6,3.5,7.3,0.2,16.4,1.3,44.6,1.2,0,0,0,0,1,4.94,D
PROD_04188,Nutrition Shake/Supplement #4188,Dietary Supplements & Shakes,169.8,36.3,7.0,6.4,7.1,7.0,102.0,1.9,0,0,1,0,0,10.0,A
PROD_04189,Condiment #4189,Condiments & Sauces,146.2,0.9,20.0,0.3,16.6,9.1,461.4,1.6,1,0,0,1,1,1.52,E
PROD_04190,Fresh Produce Item #4190,Whole Foods & Produce,53.8,2.4,20.3,7.5,0.9,3.4,14.6,0.1,0,0,0,0,0,5.82,C
PROD_04191,Dairy Product #4191,Dairy & Cheese,91.2,18.3,3.0,0.0,15.4,3.0,284.9,12.8,0,0,0,0,0,5.63,C
PROD_04192,Processed Snack #4192,Processed Snacks & Sweets,442.3,1.6,66.4,2.8,16.6,22.4,489.6,11.6,1,0,0,0,0,1.61,E
PROD_04193,Fresh Produce Item #4193,Whole Foods & Produce,112.7,3.9,9.7,2.7,1.2,4.8,29.4,0.2,0,0,0,0,0,6.61,B
PROD_04194,Superfood Oil/Nut #4194,Superfoods & Healthy Oils,152.5,1.9,1.8,1.8,14.6,0.7,2.6,3.7,0,0,0,0,1,4.75,D
PROD_04195,Processed Snack #4195,Processed Snacks & Sweets,322.0,2.9,64.7,1.7,16.4,35.0,538.1,3.2,1,0,0,1,0,1.0,E
PROD_04196,Beverage Item #4196,Beverages & Drinks,94.9,1.3,5.2,0.2,0.8,5.2,71.6,0.0,1,0,0,0,0,3.42,E
PROD_04197,Processed Snack #4197,Processed Snacks & Sweets,397.6,3.3,46.8,1.8,16.4,38.6,471.9,11.1,1,1,0,1,0,1.0,E
PROD_04198,Fresh Produce Item #4198,Whole Foods & Produce,63.3,3.0,17.5,6.6,0.7,10.5,33.2,0.0,0,0,0,0,0,5.33,C
PROD_04199,Lean Protein #4199,Lean Proteins & Poultry,194.6,42.3,4.5,0.9,5.9,1.5,143.3,3.0,0,0,0,0,0,9.34,A
PROD_04200,Dairy Product #4200,Dairy & Cheese,291.8,22.1,16.1,0.0,21.2,9.5,278.5,9.8,0,0,0,0,0,6.27,C
PROD_04201,Dairy Product #4201,Dairy & Cheese,195.7,10.2,3.3,0.0,27.3,3.3,314.8,11.2,0,0,0,0,0,5.2,C
PROD_04202,Condiment #4202,Condiments & Sauces,157.3,1.8,3.0,0.2,0.1,3.0,723.7,0.1,0,0,0,1,1,1.85,E
PROD_04203,Fresh Produce Item #4203,Whole Foods & Produce,69.1,0.9,12.0,3.7,2.0,10.6,23.5,0.4,0,0,0,0,1,5.56,C
PROD_04204,Beverage Item #4204,Beverages & Drinks,35.0,1.8,10.8,0.5,0.1,10.8,59.9,0.0,0,0,1,1,0,1.0,E
PROD_04205,Nutrition Shake/Supplement #4205,Dietary Supplements & Shakes,178.3,17.3,10.8,2.8,7.9,10.1,92.4,2.0,0,0,0,1,0,6.47,C
PROD_04206,Dairy Product #4206,Dairy & Cheese,374.2,12.9,16.1,0.0,31.4,7.5,513.6,4.9,0,0,0,0,0,5.99,C
PROD_04207,Condiment #4207,Condiments & Sauces,108.0,0.0,31.5,0.8,8.1,26.4,1076.5,1.0,0,0,0,1,0,1.0,E
PROD_04208,Fresh Produce Item #4208,Whole Foods & Produce,111.3,0.5,16.1,6.4,1.8,6.7,45.8,0.4,0,0,0,0,0,7.17,B
PROD_04209,Fresh Produce Item #4209,Whole Foods & Produce,41.9,2.7,18.6,3.4,0.7,7.0,32.1,0.1,0,0,0,0,0,6.46,C
PROD_04210,Grain/Legume #4210,Whole Grains & Legumes,222.4,14.8,41.6,10.6,2.9,3.0,61.8,0.6,0,0,0,0,1,7.63,B
PROD_04211,Prepared Meal #4211,Fast Food & Prepared Meals,515.1,21.0,66.2,3.5,38.6,17.7,1266.8,17.6,0,0,0,0,0,5.04,C
PROD_04212,Grain/Legume #4212,Whole Grains & Legumes,251.6,7.2,52.2,10.1,1.0,0.8,142.1,0.5,0,0,0,0,0,6.8,B
PROD_04213,Prepared Meal #4213,Fast Food & Prepared Meals,542.8,21.3,78.1,1.6,33.0,10.2,1602.9,15.1,0,0,0,0,0,5.36,C
PROD_04214,Condiment #4214,Condiments & Sauces,72.2,0.4,34.2,0.5,12.4,25.8,1235.8,1.2,1,0,0,0,0,1.0,E
PROD_04215,Superfood Oil/Nut #4215,Superfoods & Healthy Oils,208.3,3.7,2.0,0.4,25.6,1.2,49.1,3.6,0,0,0,0,1,5.09,C
PROD_04216,Condiment #4216,Condiments & Sauces,84.4,0.8,14.3,0.8,2.3,14.3,869.6,1.0,1,0,0,0,0,1.0,E
PROD_04217,Dairy Product #4217,Dairy & Cheese,393.3,24.3,11.6,0.0,19.9,3.5,606.9,15.7,0,0,0,0,0,4.83,D
PROD_04218,Beverage Item #4218,Beverages & Drinks,63.7,0.7,35.9,0.4,0.2,35.9,15.4,0.0,1,0,1,0,0,1.0,E
PROD_04219,Nutrition Shake/Supplement #4219,Dietary Supplements & Shakes,227.9,27.0,5.6,4.6,5.4,4.8,66.6,0.9,0,0,1,1,0,5.63,C
PROD_04220,Condiment #4220,Condiments & Sauces,107.5,0.3,24.7,0.7,2.0,1.5,951.7,1.9,0,0,0,1,0,1.0,E
PROD_04221,Fresh Produce Item #4221,Whole Foods & Produce,97.2,2.7,12.2,4.6,1.4,9.0,44.1,0.5,0,0,0,0,0,8.01,A
PROD_04222,Lean Protein #4222,Lean Proteins & Poultry,142.2,28.3,2.5,0.3,4.8,0.8,164.6,1.0,0,0,0,0,0,9.04,A
PROD_04223,Lean Protein #4223,Lean Proteins & Poultry,225.5,23.0,4.0,0.9,7.5,0.3,224.7,0.9,0,0,0,0,1,8.29,A
PROD_04224,Grain/Legume #4224,Whole Grains & Legumes,260.4,11.5,42.1,9.5,2.2,1.9,141.4,0.6,0,0,0,0,1,7.5,B
PROD_04225,Lean Protein #4225,Lean Proteins & Poultry,128.5,20.3,3.8,0.9,4.9,0.6,255.8,2.5,0,0,0,0,0,7.53,B
PROD_04226,Superfood Oil/Nut #4226,Superfoods & Healthy Oils,144.3,1.3,4.0,3.7,13.2,1.4,27.3,2.1,0,0,0,0,1,9.61,A
PROD_04227,Beverage Item #4227,Beverages & Drinks,148.1,1.8,45.0,0.3,0.3,37.3,48.2,0.0,1,0,1,1,0,1.0,E
PROD_04228,Beverage Item #4228,Beverages & Drinks,123.1,1.0,59.0,0.5,0.8,26.0,70.2,0.0,1,0,0,0,0,1.0,E
PROD_04229,Processed Snack #4229,Processed Snacks & Sweets,358.7,1.2,72.0,0.6,15.3,15.0,482.6,2.9,1,0,1,1,0,1.0,E
PROD_04230,Superfood Oil/Nut #4230,Superfoods & Healthy Oils,123.0,1.8,1.8,1.8,26.1,1.5,26.2,1.3,0,0,0,0,1,8.18,A
PROD_04231,Grain/Legume #4231,Whole Grains & Legumes,165.3,17.3,40.9,15.1,1.4,2.8,5.3,0.5,0,0,0,0,1,8.71,A
PROD_04232,Processed Snack #4232,Processed Snacks & Sweets,401.4,5.1,43.0,2.6,22.9,43.0,686.1,4.4,1,1,1,0,0,1.0,E
PROD_04233,Beverage Item #4233,Beverages & Drinks,233.7,0.5,12.1,0.3,0.2,12.1,102.1,0.0,0,0,0,1,0,4.02,D
PROD_04234,Nutrition Shake/Supplement #4234,Dietary Supplements & Shakes,281.1,15.5,20.5,6.4,3.8,8.9,114.2,1.7,0,0,0,0,0,8.12,A
PROD_04235,Beverage Item #4235,Beverages & Drinks,99.9,1.2,19.8,0.1,0.8,19.8,87.6,0.0,1,0,1,0,0,1.0,E
PROD_04236,Condiment #4236,Condiments & Sauces,44.8,1.0,33.7,0.9,15.4,26.3,303.9,0.5,1,0,1,0,1,2.26,E
PROD_04237,Lean Protein #4237,Lean Proteins & Poultry,163.4,33.9,4.4,1.0,10.8,0.2,302.5,1.8,0,0,0,0,1,7.79,B
PROD_04238,Beverage Item #4238,Beverages & Drinks,38.5,0.5,5.9,0.2,0.9,5.5,58.1,0.0,1,0,0,0,0,1.0,E
PROD_04239,Condiment #4239,Condiments & Sauces,175.4,1.2,13.1,0.6,12.5,13.1,641.7,2.2,0,0,0,0,1,3.91,D
PROD_04240,Grain/Legume #4240,Whole Grains & Legumes,193.6,14.9,30.4,12.2,1.2,2.0,195.8,0.3,0,0,0,0,0,8.33,A
PROD_04241,Lean Protein #4241,Lean Proteins & Poultry,178.4,38.3,0.2,0.2,9.9,0.2,361.5,3.0,0,0,0,0,0,9.42,A
PROD_04242,Fresh Produce Item #4242,Whole Foods & Produce,36.7,3.7,10.5,6.0,1.4,5.6,18.7,0.4,0,0,0,0,0,7.42,B
PROD_04243,Fresh Produce Item #4243,Whole Foods & Produce,80.6,1.2,15.9,5.9,0.7,6.1,7.7,0.5,0,0,0,0,0,6.6,B
PROD_04244,Grain/Legume #4244,Whole Grains & Legumes,266.7,16.2,35.2,5.3,4.7,4.6,93.9,0.3,0,0,0,0,0,8.16,A
PROD_04245,Condiment #4245,Condiments & Sauces,150.6,1.4,4.3,1.1,2.4,3.4,678.3,0.2,0,0,0,0,0,3.14,E
PROD_04246,Prepared Meal #4246,Fast Food & Prepared Meals,408.6,23.3,74.1,4.3,45.7,12.4,884.2,11.5,0,1,0,0,0,4.38,D
PROD_04247,Prepared Meal #4247,Fast Food & Prepared Meals,777.4,32.6,83.1,3.5,36.5,9.9,1378.6,9.4,0,0,0,0,0,5.47,C
PROD_04248,Beverage Item #4248,Beverages & Drinks,179.1,0.4,24.9,0.4,0.9,24.9,53.3,0.0,0,0,1,1,0,1.0,E
PROD_04249,Fresh Produce Item #4249,Whole Foods & Produce,62.8,1.2,24.1,6.2,1.2,10.2,42.8,0.3,0,0,0,0,0,3.7,D
PROD_04250,Processed Snack #4250,Processed Snacks & Sweets,408.8,5.9,66.4,3.0,16.4,14.6,308.3,11.6,1,1,0,1,0,1.0,E
PROD_04251,Dairy Product #4251,Dairy & Cheese,90.4,18.0,17.6,0.0,25.4,5.6,83.7,12.5,1,0,0,0,0,3.45,E
PROD_04252,Beverage Item #4252,Beverages & Drinks,63.8,0.6,32.5,0.2,1.0,14.5,20.1,0.0,0,0,1,1,0,1.0,E
PROD_04253,Prepared Meal #4253,Fast Food & Prepared Meals,878.6,20.5,81.5,5.8,52.6,13.4,1777.4,13.2,1,0,0,0,0,2.89,E
PROD_04254,Dairy Product #4254,Dairy & Cheese,344.7,12.1,6.1,0.0,24.3,6.1,82.6,5.1,0,0,0,1,0,4.93,D
PROD_04255,Condiment #4255,Condiments & Sauces,155.8,0.3,25.8,0.1,6.0,13.9,233.6,0.5,1,0,0,0,0,2.36,E
PROD_04256,Grain/Legume #4256,Whole Grains & Legumes,248.0,14.6,41.9,13.7,3.3,1.4,178.7,0.9,0,0,0,0,0,8.64,A
PROD_04257,Grain/Legume #4257,Whole Grains & Legumes,191.6,13.2,26.4,6.2,2.5,1.7,73.9,0.9,0,0,0,0,1,8.51,A
PROD_04258,Nutrition Shake/Supplement #4258,Dietary Supplements & Shakes,199.7,40.3,8.7,3.0,2.1,6.7,159.8,1.2,0,0,0,1,0,7.44,B
PROD_04259,Superfood Oil/Nut #4259,Superfoods & Healthy Oils,133.0,8.2,7.7,4.3,17.9,0.7,23.1,2.9,0,0,0,0,1,6.34,C
PROD_04260,Prepared Meal #4260,Fast Food & Prepared Meals,825.7,32.7,36.0,4.9,49.0,14.9,1464.2,14.9,0,0,0,0,0,4.62,D
PROD_04261,Dairy Product #4261,Dairy & Cheese,249.5,6.6,2.3,0.0,30.2,2.3,270.3,10.0,0,0,0,0,0,4.6,D
PROD_04262,Fresh Produce Item #4262,Whole Foods & Produce,74.9,1.6,22.5,4.4,0.8,10.3,46.4,0.3,0,0,0,0,0,3.2,E
PROD_04263,Grain/Legume #4263,Whole Grains & Legumes,303.2,13.3,47.9,6.4,2.7,3.6,93.6,0.7,0,0,0,0,0,6.38,C
PROD_04264,Nutrition Shake/Supplement #4264,Dietary Supplements & Shakes,233.8,25.3,10.5,5.5,5.7,8.8,332.4,2.1,0,0,0,0,0,9.35,A
PROD_04265,Prepared Meal #4265,Fast Food & Prepared Meals,903.7,28.7,69.7,2.6,24.9,11.8,1653.2,12.1,0,0,0,0,0,5.25,C
PROD_04266,Condiment #4266,Condiments & Sauces,134.4,1.4,5.1,1.2,11.0,5.1,513.8,0.7,0,0,0,0,0,3.76,D
PROD_04267,Prepared Meal #4267,Fast Food & Prepared Meals,815.6,24.9,93.0,2.3,27.0,6.1,783.1,13.4,0,1,0,0,0,4.4,D
PROD_04268,Nutrition Shake/Supplement #4268,Dietary Supplements & Shakes,136.7,38.2,23.3,2.2,5.8,0.9,137.3,1.4,0,0,1,0,0,6.99,B
PROD_04269,Condiment #4269,Condiments & Sauces,99.0,1.3,11.5,0.5,7.0,8.4,724.6,0.5,1,1,0,0,0,1.0,E
PROD_04270,Fresh Produce Item #4270,Whole Foods & Produce,93.2,2.8,8.5,4.2,1.8,8.5,39.2,0.3,0,0,0,0,0,8.54,A
PROD_04271,Nutrition Shake/Supplement #4271,Dietary Supplements & Shakes,194.8,44.2,20.8,6.7,5.9,0.6,299.5,0.6,0,0,0,1,0,8.34,A
PROD_04272,Beverage Item #4272,Beverages & Drinks,130.1,1.3,50.3,0.5,0.1,37.7,115.5,0.0,1,0,1,0,0,1.0,E
PROD_04273,Fresh Produce Item #4273,Whole Foods & Produce,45.4,1.1,8.9,6.2,1.8,8.9,25.2,0.3,0,0,0,0,0,5.66,C
PROD_04274,Condiment #4274,Condiments & Sauces,30.0,0.8,9.4,0.2,16.7,9.4,402.6,2.8,1,0,1,0,0,1.23,E
PROD_04275,Processed Snack #4275,Processed Snacks & Sweets,426.2,4.6,41.1,1.3,13.3,20.1,658.2,11.5,0,1,1,1,0,1.0,E
PROD_04276,Prepared Meal #4276,Fast Food & Prepared Meals,588.3,17.3,49.7,2.6,31.2,11.0,1198.1,5.3,0,1,0,1,0,1.76,E
PROD_04277,Nutrition Shake/Supplement #4277,Dietary Supplements & Shakes,302.6,35.6,4.6,4.6,2.8,4.6,326.9,2.2,0,0,1,0,0,8.03,A
PROD_04278,Superfood Oil/Nut #4278,Superfoods & Healthy Oils,126.9,5.3,7.8,3.5,15.5,1.3,2.0,2.4,0,0,0,0,1,7.0,B
PROD_04279,Condiment #4279,Condiments & Sauces,23.1,0.5,25.8,0.8,0.4,12.1,1102.6,0.4,0,1,0,1,0,1.0,E
PROD_04280,Superfood Oil/Nut #4280,Superfoods & Healthy Oils,262.0,6.6,7.2,2.8,13.1,0.5,8.8,2.0,0,0,0,0,1,6.14,C
PROD_04281,Superfood Oil/Nut #4281,Superfoods & Healthy Oils,137.1,4.7,5.1,0.1,11.9,0.2,18.7,2.9,0,0,0,0,1,5.91,C
PROD_04282,Nutrition Shake/Supplement #4282,Dietary Supplements & Shakes,301.6,37.3,15.8,3.4,3.4,3.4,201.1,2.2,0,0,0,0,0,8.13,A
PROD_04283,Beverage Item #4283,Beverages & Drinks,68.3,1.8,30.7,0.4,0.4,30.7,28.6,0.0,0,0,0,1,0,1.0,E
PROD_04284,Dairy Product #4284,Dairy & Cheese,241.4,16.4,16.3,0.0,11.7,2.2,464.3,5.1,0,0,0,0,0,5.73,C
PROD_04285,Condiment #4285,Condiments & Sauces,135.3,1.0,11.3,0.7,0.2,11.3,289.5,0.2,0,1,0,0,0,2.43,E
PROD_04286,Superfood Oil/Nut #4286,Superfoods & Healthy Oils,192.8,2.7,4.6,4.0,10.8,0.8,36.5,2.0,0,0,0,0,1,6.34,C
PROD_04287,Nutrition Shake/Supplement #4287,Dietary Supplements & Shakes,123.3,15.5,3.4,1.4,8.3,3.4,139.5,1.3,0,0,1,1,0,5.58,C
PROD_04288,Fresh Produce Item #4288,Whole Foods & Produce,110.7,2.1,15.1,7.6,1.1,8.5,21.3,0.4,0,0,0,0,0,6.69,B
PROD_04289,Dairy Product #4289,Dairy & Cheese,223.2,16.0,15.2,0.0,15.0,5.2,387.9,15.0,0,0,0,0,0,5.57,C
PROD_04290,Dairy Product #4290,Dairy & Cheese,237.0,18.0,8.8,0.0,30.9,3.9,330.2,9.1,0,0,0,0,0,5.16,C
PROD_04291,Grain/Legume #4291,Whole Grains & Legumes,317.6,7.0,62.0,15.2,1.0,2.8,119.5,0.6,0,0,0,0,0,5.34,C
PROD_04292,Beverage Item #4292,Beverages & Drinks,64.8,0.1,30.8,0.4,0.1,30.8,71.1,0.0,0,0,0,1,0,1.0,E
PROD_04293,Nutrition Shake/Supplement #4293,Dietary Supplements & Shakes,218.9,20.7,6.6,6.6,6.0,1.8,316.1,1.4,0,0,1,0,0,7.42,B
PROD_04294,Prepared Meal #4294,Fast Food & Prepared Meals,534.3,19.0,52.0,5.9,15.6,12.9,1299.5,13.3,0,0,0,0,0,4.06,D
PROD_04295,Prepared Meal #4295,Fast Food & Prepared Meals,711.2,28.0,93.4,3.8,14.1,4.6,1369.9,7.0,0,0,0,0,1,4.26,D
PROD_04296,Nutrition Shake/Supplement #4296,Dietary Supplements & Shakes,292.9,43.3,22.5,3.0,4.4,11.7,147.2,0.8,0,0,0,0,0,8.54,A
PROD_04297,Lean Protein #4297,Lean Proteins & Poultry,137.7,28.7,2.1,0.7,6.3,0.1,352.3,2.1,0,0,0,0,0,8.39,A
PROD_04298,Grain/Legume #4298,Whole Grains & Legumes,327.2,15.6,43.6,13.2,1.8,0.6,116.2,0.9,0,0,0,0,0,8.77,A
PROD_04299,Grain/Legume #4299,Whole Grains & Legumes,270.0,15.0,26.1,8.2,1.5,1.5,106.1,0.3,0,0,0,0,0,9.12,A
PROD_04300,Nutrition Shake/Supplement #4300,Dietary Supplements & Shakes,133.1,26.1,23.3,6.6,6.0,9.3,184.5,2.3,0,0,0,0,0,10.0,A
PROD_04301,Dairy Product #4301,Dairy & Cheese,111.4,22.2,10.5,0.0,20.2,3.7,407.1,2.7,0,0,0,0,0,7.58,B
PROD_04302,Lean Protein #4302,Lean Proteins & Poultry,152.4,29.1,3.7,0.6,6.9,0.6,331.7,1.8,0,0,0,0,0,8.73,A
PROD_04303,Dairy Product #4303,Dairy & Cheese,252.3,21.3,9.8,0.0,11.1,4.2,382.7,9.2,0,0,0,0,0,6.48,C
PROD_04304,Processed Snack #4304,Processed Snacks & Sweets,467.9,1.5,62.8,1.1,29.2,12.6,304.9,7.2,1,1,0,1,0,1.0,E
PROD_04305,Fresh Produce Item #4305,Whole Foods & Produce,109.6,0.6,10.2,5.3,0.7,10.2,36.0,0.0,0,0,0,0,0,6.83,B
PROD_04306,Condiment #4306,Condiments & Sauces,26.7,1.1,5.3,0.3,1.1,5.3,257.8,1.1,1,0,0,0,0,1.0,E
PROD_04307,Beverage Item #4307,Beverages & Drinks,60.3,0.7,46.3,0.2,0.5,2.8,72.2,0.0,0,0,1,1,0,1.0,E
PROD_04308,Grain/Legume #4308,Whole Grains & Legumes,265.6,10.1,44.0,15.7,3.0,4.6,13.4,0.3,0,0,0,0,0,7.88,B
PROD_04309,Processed Snack #4309,Processed Snacks & Sweets,316.8,1.0,49.3,2.0,10.7,33.7,387.7,8.9,1,0,0,1,0,1.0,E
PROD_04310,Prepared Meal #4310,Fast Food & Prepared Meals,445.8,28.3,65.8,1.8,37.8,5.4,1428.5,13.2,0,0,0,1,0,3.69,D
PROD_04311,Beverage Item #4311,Beverages & Drinks,68.4,0.8,48.7,0.2,0.8,16.2,89.7,0.0,1,0,0,0,0,1.0,E
PROD_04312,Fresh Produce Item #4312,Whole Foods & Produce,41.5,3.3,23.2,2.5,1.2,14.2,34.0,0.4,0,0,0,0,0,2.66,E
PROD_04313,Prepared Meal #4313,Fast Food & Prepared Meals,532.0,23.3,75.6,2.0,21.8,4.6,1668.0,12.0,0,0,0,0,0,2.86,E
PROD_04314,Processed Snack #4314,Processed Snacks & Sweets,327.1,3.1,32.4,1.9,8.0,17.0,245.5,8.0,0,0,0,1,0,2.55,E
PROD_04315,Nutrition Shake/Supplement #4315,Dietary Supplements & Shakes,294.8,18.7,15.9,5.3,3.5,0.8,127.0,1.7,0,0,1,0,0,6.27,C
PROD_04316,Dairy Product #4316,Dairy & Cheese,399.9,11.0,6.2,0.0,7.9,5.8,390.6,7.9,0,0,0,0,0,5.95,C
PROD_04317,Prepared Meal #4317,Fast Food & Prepared Meals,464.8,12.7,74.1,3.6,53.6,5.8,548.0,6.5,0,1,0,0,0,3.92,D
PROD_04318,Fresh Produce Item #4318,Whole Foods & Produce,63.1,3.5,17.7,3.8,1.3,12.6,23.2,0.3,0,0,0,0,0,5.3,C
PROD_04319,Prepared Meal #4319,Fast Food & Prepared Meals,534.8,24.4,36.0,1.5,44.2,18.5,725.6,12.3,1,0,0,0,0,4.53,D
PROD_04320,Fresh Produce Item #4320,Whole Foods & Produce,113.7,2.6,18.2,2.1,1.4,7.0,25.7,0.4,0,0,0,0,0,5.22,C
PROD_04321,Condiment #4321,Condiments & Sauces,146.5,1.5,21.4,0.6,1.0,1.5,256.1,1.0,1,0,0,0,0,1.43,E
PROD_04322,Nutrition Shake/Supplement #4322,Dietary Supplements & Shakes,290.1,16.8,5.2,4.9,7.8,4.1,214.4,0.5,0,0,0,0,0,7.88,B
PROD_04323,Fresh Produce Item #4323,Whole Foods & Produce,94.1,2.7,20.3,2.9,1.7,6.0,44.9,0.1,0,0,0,0,1,6.05,C
PROD_04324,Superfood Oil/Nut #4324,Superfoods & Healthy Oils,181.1,2.4,3.4,2.1,17.6,1.4,20.3,3.9,0,0,0,0,1,4.65,D
PROD_04325,Beverage Item #4325,Beverages & Drinks,135.0,2.0,7.9,0.2,0.6,7.9,69.7,0.0,1,0,0,0,0,3.38,E
PROD_04326,Superfood Oil/Nut #4326,Superfoods & Healthy Oils,219.7,2.2,7.5,3.9,15.2,0.9,3.4,3.0,0,0,0,0,1,5.88,C
PROD_04327,Beverage Item #4327,Beverages & Drinks,55.7,1.6,39.4,0.4,0.4,39.4,76.0,0.0,1,0,0,0,0,1.0,E
PROD_04328,Superfood Oil/Nut #4328,Superfoods & Healthy Oils,121.9,8.1,0.3,0.3,26.6,0.3,32.4,3.0,0,0,0,0,1,6.11,C
PROD_04329,Prepared Meal #4329,Fast Food & Prepared Meals,911.8,17.5,56.5,3.4,43.2,16.6,1748.3,6.6,0,1,0,0,0,3.1,E
PROD_04330,Condiment #4330,Condiments & Sauces,144.4,1.7,29.8,0.6,13.2,16.8,228.0,1.2,1,1,1,0,0,1.0,E
PROD_04331,Condiment #4331,Condiments & Sauces,55.9,0.1,16.2,0.9,14.3,2.4,701.4,2.9,1,0,0,1,0,1.0,E
PROD_04332,Fresh Produce Item #4332,Whole Foods & Produce,41.0,3.5,15.0,3.8,0.9,7.4,39.7,0.4,0,0,0,0,0,7.09,B
PROD_04333,Prepared Meal #4333,Fast Food & Prepared Meals,645.1,19.3,56.9,1.6,24.5,7.4,633.0,4.4,1,1,0,1,0,1.37,E
PROD_04334,Prepared Meal #4334,Fast Food & Prepared Meals,870.7,32.9,91.2,3.8,42.8,20.3,1065.9,12.7,0,0,0,0,0,5.53,C
PROD_04335,Dairy Product #4335,Dairy & Cheese,84.8,12.6,3.9,0.0,7.5,3.9,166.6,7.5,0,0,0,1,0,4.06,D
PROD_04336,Fresh Produce Item #4336,Whole Foods & Produce,29.3,3.4,11.1,4.3,2.0,2.2,37.5,0.5,0,0,0,0,1,8.92,A
PROD_04337,Condiment #4337,Condiments & Sauces,94.7,0.8,20.0,0.7,13.2,19.1,714.3,0.1,1,0,1,1,0,1.0,E
PROD_04338,Grain/Legume #4338,Whole Grains & Legumes,320.3,9.9,37.9,8.7,4.3,4.1,8.3,1.0,0,0,0,0,0,7.18,B
PROD_04339,Superfood Oil/Nut #4339,Superfoods & Healthy Oils,209.8,8.8,5.1,3.0,16.8,1.3,0.6,2.7,0,0,0,0,1,6.66,B
PROD_04340,Grain/Legume #4340,Whole Grains & Legumes,222.2,12.0,55.4,5.2,2.8,0.6,67.2,0.6,0,0,0,0,1,5.25,C
PROD_04341,Beverage Item #4341,Beverages & Drinks,76.8,1.4,28.1,0.2,0.7,28.1,85.7,0.0,1,0,1,0,0,1.0,E
PROD_04342,Beverage Item #4342,Beverages & Drinks,6.2,0.3,25.3,0.2,0.8,24.6,70.2,0.0,1,0,0,1,0,1.0,E
PROD_04343,Processed Snack #4343,Processed Snacks & Sweets,365.6,5.6,39.2,2.7,20.6,29.7,420.7,7.6,0,0,0,1,0,3.38,E
PROD_04344,Nutrition Shake/Supplement #4344,Dietary Supplements & Shakes,138.8,20.1,17.8,1.1,7.5,6.8,219.9,1.6,0,0,1,1,0,3.56,D
PROD_04345,Superfood Oil/Nut #4345,Superfoods & Healthy Oils,183.2,7.3,0.8,0.8,23.9,0.8,39.1,1.5,0,0,0,0,1,5.97,C
PROD_04346,Processed Snack #4346,Processed Snacks & Sweets,519.9,4.2,55.5,1.7,13.2,14.8,437.5,7.8,0,0,0,1,0,3.94,D
PROD_04347,Lean Protein #4347,Lean Proteins & Poultry,205.4,22.3,3.6,0.5,7.0,2.0,297.3,3.2,0,0,0,0,0,9.02,A
PROD_04348,Lean Protein #4348,Lean Proteins & Poultry,187.2,38.8,2.8,0.1,2.1,1.7,154.9,1.6,0,0,0,0,0,8.87,A
PROD_04349,Fresh Produce Item #4349,Whole Foods & Produce,45.3,1.5,19.2,7.8,1.9,8.8,44.9,0.0,0,0,0,0,0,5.03,C
PROD_04350,Prepared Meal #4350,Fast Food & Prepared Meals,614.3,14.8,42.3,2.6,17.5,8.9,1217.1,14.4,1,0,0,0,0,1.96,E
PROD_04351,Prepared Meal #4351,Fast Food & Prepared Meals,850.5,25.0,72.2,2.2,44.7,21.5,1101.2,17.5,1,1,0,0,0,2.83,E
PROD_04352,Dairy Product #4352,Dairy & Cheese,350.5,8.2,15.6,0.0,3.4,14.0,201.5,3.4,1,0,0,0,0,3.1,E
PROD_04353,Condiment #4353,Condiments & Sauces,107.8,0.1,16.4,1.5,0.2,10.9,1007.9,0.2,0,0,0,0,1,1.0,E
PROD_04354,Nutrition Shake/Supplement #4354,Dietary Supplements & Shakes,164.5,24.8,17.1,6.2,5.3,7.5,294.0,2.5,0,0,0,0,0,9.56,A
PROD_04355,Beverage Item #4355,Beverages & Drinks,18.2,1.5,16.5,0.1,0.6,14.0,80.5,0.0,0,0,0,0,0,1.07,E
PROD_04356,Beverage Item #4356,Beverages & Drinks,69.3,0.5,35.4,0.1,0.1,17.5,104.7,0.0,1,0,0,0,0,1.0,E
PROD_04357,Beverage Item #4357,Beverages & Drinks,190.2,1.1,35.4,0.3,0.8,10.1,117.9,0.0,0,0,0,1,0,1.0,E
PROD_04358,Processed Snack #4358,Processed Snacks & Sweets,484.2,5.0,68.5,0.9,20.9,42.2,177.3,10.0,1,0,0,0,0,2.41,E
PROD_04359,Dairy Product #4359,Dairy & Cheese,127.0,19.1,9.9,0.0,3.5,2.8,599.8,3.5,0,0,0,0,0,6.32,C
PROD_04360,Dairy Product #4360,Dairy & Cheese,318.4,23.2,10.8,0.0,30.6,4.1,250.2,16.1,0,0,0,0,0,5.35,C
PROD_04361,Beverage Item #4361,Beverages & Drinks,19.3,0.2,11.4,0.0,0.1,11.4,23.0,0.0,1,0,1,1,0,1.0,E
PROD_04362,Fresh Produce Item #4362,Whole Foods & Produce,81.1,3.4,12.9,2.1,0.5,2.5,22.7,0.2,0,0,0,0,1,6.17,C
PROD_04363,Lean Protein #4363,Lean Proteins & Poultry,133.0,23.6,0.8,0.1,5.3,0.8,228.8,0.9,0,0,0,0,0,8.46,A
PROD_04364,Beverage Item #4364,Beverages & Drinks,64.6,0.6,38.5,0.4,0.6,38.5,34.5,0.0,0,0,0,1,0,1.0,E
PROD_04365,Superfood Oil/Nut #4365,Superfoods & Healthy Oils,174.1,6.5,4.5,3.4,27.3,1.9,45.7,2.5,0,0,0,0,1,4.56,D
PROD_04366,Dairy Product #4366,Dairy & Cheese,380.9,12.5,12.5,0.0,3.2,11.3,597.2,3.2,0,0,0,0,0,4.88,D
PROD_04367,Beverage Item #4367,Beverages & Drinks,14.9,1.2,40.7,0.4,0.9,17.2,89.1,0.0,1,0,0,0,0,1.0,E
PROD_04368,Superfood Oil/Nut #4368,Superfoods & Healthy Oils,171.9,6.6,4.5,1.7,12.8,0.7,46.4,3.4,0,0,0,0,1,6.34,C
PROD_04369,Prepared Meal #4369,Fast Food & Prepared Meals,607.1,16.5,74.9,5.1,37.8,13.8,1415.2,5.6,1,1,0,0,0,1.06,E
PROD_04370,Fresh Produce Item #4370,Whole Foods & Produce,112.4,1.4,15.6,4.7,0.8,14.5,17.3,0.3,0,0,0,0,0,5.7,C
PROD_04371,Condiment #4371,Condiments & Sauces,175.6,1.1,32.2,1.0,11.7,10.3,1124.7,0.1,0,1,0,1,0,1.0,E
PROD_04372,Grain/Legume #4372,Whole Grains & Legumes,157.3,13.4,64.1,7.4,3.5,3.0,81.4,1.0,0,0,0,0,0,5.39,C
PROD_04373,Prepared Meal #4373,Fast Food & Prepared Meals,787.5,20.9,51.8,5.7,25.2,13.7,740.2,17.9,0,0,0,0,0,5.19,C
PROD_04374,Fresh Produce Item #4374,Whole Foods & Produce,43.1,1.5,10.4,3.4,1.9,5.4,26.8,0.4,0,0,0,0,0,5.88,C
PROD_04375,Beverage Item #4375,Beverages & Drinks,78.3,1.4,37.0,0.2,0.7,37.0,45.6,0.0,0,0,1,0,0,1.0,E
PROD_04376,Dairy Product #4376,Dairy & Cheese,364.0,20.6,14.9,0.0,13.9,3.2,483.4,13.9,0,0,0,0,0,5.56,C
PROD_04377,Nutrition Shake/Supplement #4377,Dietary Supplements & Shakes,289.9,21.7,8.8,6.3,6.9,1.3,125.6,2.1,0,0,1,0,0,5.66,C
PROD_04378,Fresh Produce Item #4378,Whole Foods & Produce,77.1,2.9,16.8,5.9,1.1,8.9,43.3,0.2,0,0,0,0,0,5.54,C
PROD_04379,Beverage Item #4379,Beverages & Drinks,187.9,1.3,26.3,0.1,0.5,26.3,79.4,0.0,0,0,0,1,0,1.0,E
PROD_04380,Lean Protein #4380,Lean Proteins & Poultry,195.0,21.2,0.3,0.2,3.5,0.3,198.5,0.9,0,0,0,0,0,8.68,A
PROD_04381,Lean Protein #4381,Lean Proteins & Poultry,189.1,25.5,0.2,0.2,6.5,0.2,343.2,3.0,0,0,0,0,0,8.11,A
PROD_04382,Processed Snack #4382,Processed Snacks & Sweets,479.2,2.5,39.9,2.5,8.9,21.4,320.8,5.0,1,0,0,1,0,2.33,E
PROD_04383,Beverage Item #4383,Beverages & Drinks,237.4,1.8,41.7,0.4,0.1,14.7,107.4,0.0,1,0,0,0,0,1.83,E
PROD_04384,Grain/Legume #4384,Whole Grains & Legumes,198.3,12.4,51.3,12.6,2.8,2.2,154.8,0.9,0,0,0,0,0,7.12,B
PROD_04385,Condiment #4385,Condiments & Sauces,118.5,1.0,34.9,0.4,13.1,11.5,318.0,2.6,1,0,0,0,1,2.06,E
PROD_04386,Fresh Produce Item #4386,Whole Foods & Produce,93.5,2.3,20.9,5.1,0.8,6.7,20.9,0.2,0,0,0,0,0,6.23,C
PROD_04387,Dairy Product #4387,Dairy & Cheese,356.1,18.2,2.1,0.0,11.6,2.1,438.2,8.7,0,0,0,0,0,6.06,C
PROD_04388,Lean Protein #4388,Lean Proteins & Poultry,218.1,37.8,3.6,0.5,7.1,1.1,271.1,1.1,0,0,0,0,0,9.35,A
PROD_04389,Processed Snack #4389,Processed Snacks & Sweets,354.3,5.0,65.4,1.0,18.0,39.6,690.1,2.7,1,0,1,1,0,1.0,E
PROD_04390,Nutrition Shake/Supplement #4390,Dietary Supplements & Shakes,300.1,42.4,9.6,2.1,4.8,1.5,63.2,2.5,0,0,1,0,0,6.76,B
PROD_04391,Nutrition Shake/Supplement #4391,Dietary Supplements & Shakes,103.5,20.5,7.3,2.0,3.5,4.4,276.3,1.9,0,0,0,0,0,8.28,A
PROD_04392,Condiment #4392,Condiments & Sauces,27.0,0.8,25.4,0.5,8.7,6.2,715.0,1.1,1,0,1,1,0,1.0,E
PROD_04393,Condiment #4393,Condiments & Sauces,62.3,0.5,25.5,1.2,2.1,4.4,967.3,0.4,0,0,0,0,1,1.75,E
PROD_04394,Condiment #4394,Condiments & Sauces,32.2,1.1,19.5,0.4,4.5,19.5,608.6,1.8,0,0,0,0,1,1.0,E
PROD_04395,Beverage Item #4395,Beverages & Drinks,200.8,1.1,37.8,0.2,0.8,14.5,71.6,0.0,1,0,0,0,0,1.0,E
PROD_04396,Nutrition Shake/Supplement #4396,Dietary Supplements & Shakes,148.8,35.7,14.3,3.4,4.1,4.8,181.2,1.0,0,0,0,0,0,10.0,A
PROD_04397,Superfood Oil/Nut #4397,Superfoods & Healthy Oils,175.3,7.5,5.6,1.6,22.9,1.5,6.9,2.7,0,0,0,0,1,6.43,C
PROD_04398,Dairy Product #4398,Dairy & Cheese,289.9,12.2,11.7,0.0,3.8,8.4,483.7,2.6,0,0,0,0,0,5.21,C
PROD_04399,Prepared Meal #4399,Fast Food & Prepared Meals,693.9,35.1,40.6,3.3,47.2,10.9,1701.1,6.1,0,0,0,0,0,5.09,C
PROD_04400,Beverage Item #4400,Beverages & Drinks,206.5,1.6,11.7,0.3,0.2,11.7,64.2,0.0,1,0,0,0,0,3.71,D
PROD_04401,Fresh Produce Item #4401,Whole Foods & Produce,94.8,3.8,24.0,6.1,1.7,14.7,7.0,0.2,0,0,0,0,0,4.8,D
PROD_04402,Dairy Product #4402,Dairy & Cheese,323.2,19.2,5.5,0.0,11.4,4.3,601.9,10.9,0,0,0,0,0,5.48,C
PROD_04403,Grain/Legume #4403,Whole Grains & Legumes,335.6,9.9,29.3,8.4,3.1,2.2,158.7,0.7,0,0,0,0,0,7.07,B
PROD_04404,Superfood Oil/Nut #4404,Superfoods & Healthy Oils,175.3,3.5,6.3,1.8,18.9,1.1,13.5,2.0,0,0,0,0,1,5.38,C
PROD_04405,Superfood Oil/Nut #4405,Superfoods & Healthy Oils,169.9,2.1,1.5,1.1,25.6,1.0,34.8,2.4,0,0,0,0,1,8.96,A
PROD_04406,Dairy Product #4406,Dairy & Cheese,164.7,17.1,4.9,0.0,27.7,4.9,175.5,12.6,0,0,0,0,0,6.26,C
PROD_04407,Superfood Oil/Nut #4407,Superfoods & Healthy Oils,223.3,6.1,5.2,2.8,21.3,1.7,46.1,1.3,0,0,0,0,1,6.0,C
PROD_04408,Grain/Legume #4408,Whole Grains & Legumes,141.0,8.2,35.7,14.8,2.9,4.6,14.3,0.2,0,0,0,0,0,7.89,B
PROD_04409,Superfood Oil/Nut #4409,Superfoods & Healthy Oils,245.3,8.3,7.9,0.5,12.8,0.4,40.9,2.1,0,0,0,0,1,6.38,C
PROD_04410,Fresh Produce Item #4410,Whole Foods & Produce,31.2,2.1,6.4,4.9,0.5,2.0,41.6,0.5,0,0,0,0,0,9.1,A
PROD_04411,Processed Snack #4411,Processed Snacks & Sweets,490.1,4.4,66.0,2.6,29.6,17.0,650.3,9.5,1,1,0,0,0,2.1,E
PROD_04412,Fresh Produce Item #4412,Whole Foods & Produce,40.3,2.6,13.9,6.1,0.7,12.7,22.5,0.4,0,0,0,0,1,6.82,B
PROD_04413,Nutrition Shake/Supplement #4413,Dietary Supplements & Shakes,248.2,16.5,10.3,3.5,5.2,4.7,186.2,1.6,0,0,1,0,0,4.76,D
PROD_04414,Nutrition Shake/Supplement #4414,Dietary Supplements & Shakes,152.8,30.5,10.9,4.3,2.6,2.3,165.2,1.3,0,0,1,0,0,8.29,A
PROD_04415,Fresh Produce Item #4415,Whole Foods & Produce,82.3,3.3,9.6,4.0,0.3,9.6,41.4,0.3,0,0,0,0,0,6.77,B
PROD_04416,Nutrition Shake/Supplement #4416,Dietary Supplements & Shakes,252.7,34.4,11.8,7.3,4.8,2.8,343.1,1.4,0,0,1,0,0,8.15,A
PROD_04417,Processed Snack #4417,Processed Snacks & Sweets,376.1,5.1,38.2,2.4,17.8,38.2,505.5,2.9,0,0,0,0,0,3.79,D
PROD_04418,Nutrition Shake/Supplement #4418,Dietary Supplements & Shakes,105.0,38.9,22.5,2.1,5.7,10.1,188.5,2.1,0,0,0,0,0,8.46,A
PROD_04419,Dairy Product #4419,Dairy & Cheese,299.3,18.3,11.6,0.0,8.3,6.1,644.7,8.3,1,0,0,0,0,3.45,E
PROD_04420,Superfood Oil/Nut #4420,Superfoods & Healthy Oils,180.5,6.7,4.8,0.2,16.9,0.8,49.5,3.4,0,0,0,0,1,5.76,C
PROD_04421,Condiment #4421,Condiments & Sauces,66.7,0.7,19.0,0.9,13.1,19.0,1247.8,0.1,0,0,0,0,0,3.07,E
PROD_04422,Nutrition Shake/Supplement #4422,Dietary Supplements & Shakes,263.1,21.7,10.6,3.1,6.7,5.2,308.0,0.9,0,0,0,0,0,7.06,B
PROD_04423,Prepared Meal #4423,Fast Food & Prepared Meals,546.0,22.3,62.9,4.8,27.9,4.3,1619.2,10.1,0,0,0,0,0,4.07,D
PROD_04424,Beverage Item #4424,Beverages & Drinks,20.3,1.4,3.5,0.2,0.9,3.5,46.8,0.0,0,0,1,0,0,4.97,D
PROD_04425,Prepared Meal #4425,Fast Food & Prepared Meals,927.8,17.3,35.9,5.0,52.1,8.4,659.3,7.1,0,0,0,0,1,4.84,D
PROD_04426,Grain/Legume #4426,Whole Grains & Legumes,161.8,8.4,27.8,6.4,2.0,2.1,159.3,0.4,0,0,0,0,0,7.78,B
PROD_04427,Prepared Meal #4427,Fast Food & Prepared Meals,915.8,27.7,45.9,5.0,40.7,20.8,817.4,17.6,0,0,0,0,0,5.62,C
PROD_04428,Condiment #4428,Condiments & Sauces,111.9,0.4,18.4,1.0,6.2,18.4,667.6,1.4,1,0,0,0,0,1.0,E
PROD_04429,Prepared Meal #4429,Fast Food & Prepared Meals,368.0,30.0,69.4,5.0,19.4,19.7,884.2,4.1,0,0,0,0,0,6.02,C
PROD_04430,Dairy Product #4430,Dairy & Cheese,345.2,8.5,16.7,0.0,4.0,3.3,551.3,4.0,0,0,0,0,0,4.16,D
PROD_04431,Prepared Meal #4431,Fast Food & Prepared Meals,898.2,32.7,90.4,4.6,32.4,12.9,726.2,9.4,1,0,0,0,0,4.56,D
PROD_04432,Beverage Item #4432,Beverages & Drinks,8.0,0.3,51.1,0.2,0.3,36.5,75.2,0.0,1,0,0,0,0,1.0,E
PROD_04433,Processed Snack #4433,Processed Snacks & Sweets,541.8,4.1,36.3,1.9,13.3,36.3,402.7,3.9,0,1,0,0,0,3.39,E
PROD_04434,Grain/Legume #4434,Whole Grains & Legumes,306.9,12.1,49.4,11.7,1.1,2.5,173.5,0.6,0,0,0,0,0,7.25,B
PROD_04435,Processed Snack #4435,Processed Snacks & Sweets,432.1,4.6,59.5,2.3,16.0,12.0,493.8,8.1,0,1,0,0,0,2.33,E
PROD_04436,Fresh Produce Item #4436,Whole Foods & Produce,100.5,0.7,5.2,5.2,1.9,3.1,17.6,0.4,0,0,0,0,0,8.44,A
PROD_04437,Superfood Oil/Nut #4437,Superfoods & Healthy Oils,258.5,6.2,6.9,3.7,23.0,1.7,1.0,2.3,0,0,0,0,1,5.4,C
PROD_04438,Dairy Product #4438,Dairy & Cheese,256.5,17.4,6.5,0.0,22.8,6.5,159.5,9.5,0,0,0,0,0,6.51,B
PROD_04439,Nutrition Shake/Supplement #4439,Dietary Supplements & Shakes,201.5,40.3,12.5,7.2,6.7,11.6,252.4,1.3,0,0,1,0,0,8.54,A
PROD_04440,Processed Snack #4440,Processed Snacks & Sweets,271.4,3.3,37.1,3.0,25.0,37.1,786.4,8.9,1,0,0,1,0,1.0,E
PROD_04441,Nutrition Shake/Supplement #4441,Dietary Supplements & Shakes,187.0,22.1,12.5,2.6,8.1,8.5,163.0,2.4,0,0,0,0,0,8.43,A
PROD_04442,Beverage Item #4442,Beverages & Drinks,40.9,1.6,18.2,0.0,0.7,18.2,73.6,0.0,0,0,0,0,0,1.0,E
PROD_04443,Condiment #4443,Condiments & Sauces,131.1,0.3,34.1,1.3,7.3,25.1,1273.9,1.4,0,0,0,1,0,1.0,E
PROD_04444,Condiment #4444,Condiments & Sauces,52.4,0.9,31.4,1.2,1.9,21.6,694.1,1.9,1,0,0,0,0,1.0,E
PROD_04445,Nutrition Shake/Supplement #4445,Dietary Supplements & Shakes,126.9,30.1,18.1,4.5,8.3,2.4,57.2,1.3,0,0,1,1,0,6.31,C
PROD_04446,Fresh Produce Item #4446,Whole Foods & Produce,41.9,0.8,19.2,2.0,1.5,4.5,19.5,0.1,0,0,0,0,0,4.18,D
PROD_04447,Dairy Product #4447,Dairy & Cheese,108.3,6.3,13.8,0.0,10.6,13.8,366.9,10.1,0,0,0,0,0,3.76,D
PROD_04448,Fresh Produce Item #4448,Whole Foods & Produce,71.2,2.2,21.7,6.8,0.4,9.1,48.6,0.4,0,0,0,0,0,5.19,C
PROD_04449,Grain/Legume #4449,Whole Grains & Legumes,310.4,12.9,29.9,9.6,2.2,4.4,103.9,0.7,0,0,0,0,0,7.99,B
PROD_04450,Grain/Legume #4450,Whole Grains & Legumes,171.4,7.4,42.5,7.0,2.0,3.1,83.8,0.9,0,0,0,0,0,6.51,B
PROD_04451,Superfood Oil/Nut #4451,Superfoods & Healthy Oils,265.1,7.0,5.0,0.6,15.8,1.0,5.7,2.7,0,0,0,0,1,6.2,C
PROD_04452,Dairy Product #4452,Dairy & Cheese,363.5,13.2,9.9,0.0,11.4,4.1,590.3,2.6,0,0,0,0,0,5.02,C
PROD_04453,Beverage Item #4453,Beverages & Drinks,59.9,0.3,10.1,0.3,0.2,10.1,48.7,0.0,0,0,1,1,0,1.0,E
PROD_04454,Processed Snack #4454,Processed Snacks & Sweets,471.6,1.6,49.0,2.6,22.6,19.1,673.7,7.8,0,0,0,0,0,5.28,C
PROD_04455,Prepared Meal #4455,Fast Food & Prepared Meals,772.0,37.7,59.3,5.6,38.0,19.6,743.2,14.7,0,0,0,0,0,5.34,C
PROD_04456,Beverage Item #4456,Beverages & Drinks,44.6,1.2,25.8,0.2,0.5,25.8,80.3,0.0,0,0,0,0,0,1.07,E
PROD_04457,Grain/Legume #4457,Whole Grains & Legumes,194.3,12.4,34.2,10.7,3.8,0.8,31.8,0.2,0,0,0,0,0,8.9,A
PROD_04458,Dairy Product #4458,Dairy & Cheese,394.2,9.7,9.3,0.0,31.6,2.4,465.0,8.3,0,0,0,0,0,5.54,C
PROD_04459,Prepared Meal #4459,Fast Food & Prepared Meals,437.0,13.7,35.2,2.8,27.3,7.2,837.6,11.9,1,1,0,0,0,1.51,E
PROD_04460,Fresh Produce Item #4460,Whole Foods & Produce,91.2,3.9,20.3,6.1,0.8,3.5,7.6,0.2,0,0,0,0,0,7.27,B
PROD_04461,Fresh Produce Item #4461,Whole Foods & Produce,31.9,3.7,7.6,2.5,0.3,7.5,29.4,0.0,0,0,0,0,0,6.6,B
PROD_04462,Lean Protein #4462,Lean Proteins & Poultry,125.3,40.5,4.1,0.1,7.3,1.0,388.9,1.3,0,0,0,0,0,7.72,B
PROD_04463,Processed Snack #4463,Processed Snacks & Sweets,528.9,3.9,53.0,2.8,16.4,31.7,699.7,8.2,1,0,0,0,0,3.52,D
PROD_04464,Fresh Produce Item #4464,Whole Foods & Produce,111.5,2.4,21.5,6.0,0.9,6.4,10.3,0.0,0,0,0,0,1,5.89,C
PROD_04465,Condiment #4465,Condiments & Sauces,134.4,0.9,14.1,0.3,13.6,4.0,273.7,0.3,1,0,0,0,0,2.54,E
PROD_04466,Beverage Item #4466,Beverages & Drinks,226.2,1.2,11.9,0.3,0.4,11.9,110.5,0.0,0,0,0,1,0,3.25,E
PROD_04467,Superfood Oil/Nut #4467,Superfoods & Healthy Oils,173.2,1.7,6.6,0.8,19.3,1.3,37.2,1.3,0,0,0,0,1,4.54,D
PROD_04468,Nutrition Shake/Supplement #4468,Dietary Supplements & Shakes,117.6,37.8,18.1,6.7,2.3,6.3,231.1,0.6,0,0,0,1,0,9.43,A
PROD_04469,Processed Snack #4469,Processed Snacks & Sweets,389.2,2.4,50.1,1.6,14.3,38.0,416.3,7.7,1,0,0,1,0,2.63,E
PROD_04470,Beverage Item #4470,Beverages & Drinks,209.4,1.1,48.4,0.4,0.2,42.8,81.4,0.0,0,0,1,0,0,1.0,E
PROD_04471,Condiment #4471,Condiments & Sauces,169.2,1.0,16.5,0.7,1.2,7.4,1328.7,1.0,0,0,0,1,0,2.25,E
PROD_04472,Grain/Legume #4472,Whole Grains & Legumes,141.1,13.5,47.5,15.6,4.6,2.8,123.8,0.5,0,0,0,0,1,7.94,B
PROD_04473,Fresh Produce Item #4473,Whole Foods & Produce,65.4,0.7,18.3,4.4,0.6,13.4,13.3,0.3,0,0,0,0,0,3.61,D
PROD_04474,Grain/Legume #4474,Whole Grains & Legumes,259.8,15.4,44.8,5.6,3.8,3.1,34.5,0.4,0,0,0,0,0,7.12,B
PROD_04475,Grain/Legume #4475,Whole Grains & Legumes,164.3,13.4,26.9,11.5,4.1,3.2,166.2,0.4,0,0,0,0,1,9.28,A
PROD_04476,Lean Protein #4476,Lean Proteins & Poultry,240.0,26.1,3.3,1.0,3.8,0.9,440.2,0.6,0,0,0,0,0,7.89,B
PROD_04477,Dairy Product #4477,Dairy & Cheese,117.1,10.3,17.9,0.0,19.7,10.2,555.4,10.9,0,0,0,0,0,4.37,D
PROD_04478,Nutrition Shake/Supplement #4478,Dietary Supplements & Shakes,263.9,18.3,15.0,1.1,8.5,6.5,61.0,1.9,0,0,0,1,0,5.72,C
PROD_04479,Condiment #4479,Condiments & Sauces,95.6,1.6,30.8,1.0,13.0,8.1,1089.3,1.8,1,0,0,0,0,1.85,E
PROD_04480,Condiment #4480,Condiments & Sauces,61.4,0.9,29.1,0.7,10.1,25.9,1107.8,0.2,1,1,1,1,0,1.0,E
PROD_04481,Beverage Item #4481,Beverages & Drinks,23.5,1.7,10.5,0.0,0.4,4.9,115.2,0.0,1,0,1,1,0,1.0,E
PROD_04482,Prepared Meal #4482,Fast Food & Prepared Meals,379.4,23.5,58.8,5.0,21.8,11.8,1392.2,12.4,0,0,0,0,0,3.75,D
PROD_04483,Fresh Produce Item #4483,Whole Foods & Produce,94.6,1.0,17.4,2.3,0.8,7.4,43.5,0.1,0,0,0,0,0,5.65,C
PROD_04484,Lean Protein #4484,Lean Proteins & Poultry,160.2,40.5,4.4,0.2,2.8,1.7,250.6,1.5,0,0,0,0,1,9.09,A
PROD_04485,Lean Protein #4485,Lean Proteins & Poultry,139.1,20.9,2.2,0.6,3.3,1.3,125.6,0.6,0,0,0,0,1,9.63,A
PROD_04486,Processed Snack #4486,Processed Snacks & Sweets,546.6,5.4,61.8,0.9,13.3,17.9,560.1,6.3,1,1,0,0,0,2.4,E
PROD_04487,Dairy Product #4487,Dairy & Cheese,118.5,6.8,15.9,0.0,14.3,3.5,162.2,3.7,0,0,0,0,0,6.53,B
PROD_04488,Dairy Product #4488,Dairy & Cheese,204.9,13.7,3.0,0.0,8.5,3.0,539.2,7.2,0,0,0,0,0,5.17,C
PROD_04489,Dairy Product #4489,Dairy & Cheese,159.3,22.1,13.6,0.0,10.6,2.2,86.9,10.6,0,0,0,1,0,3.79,D
PROD_04490,Dairy Product #4490,Dairy & Cheese,247.3,19.6,9.4,0.0,3.8,2.9,635.3,3.8,0,0,0,0,0,5.77,C
PROD_04491,Superfood Oil/Nut #4491,Superfoods & Healthy Oils,131.6,6.2,3.2,3.2,12.5,0.2,12.4,2.2,0,0,0,0,1,6.9,B
PROD_04492,Superfood Oil/Nut #4492,Superfoods & Healthy Oils,262.5,5.2,1.1,0.5,26.6,1.1,8.4,3.3,0,0,0,0,1,4.94,D
PROD_04493,Beverage Item #4493,Beverages & Drinks,227.1,1.0,29.9,0.4,0.8,28.4,17.1,0.0,0,0,0,1,0,1.0,E
PROD_04494,Prepared Meal #4494,Fast Food & Prepared Meals,500.9,37.5,68.9,4.9,43.2,17.6,1669.6,11.0,0,0,0,0,0,4.82,D
PROD_04495,Lean Protein #4495,Lean Proteins & Poultry,123.3,23.2,0.8,0.1,2.4,0.2,448.4,1.3,0,0,0,0,0,7.48,B
PROD_04496,Prepared Meal #4496,Fast Food & Prepared Meals,406.1,31.1,80.9,5.6,37.0,5.9,1567.5,8.4,0,0,0,1,1,3.72,D
PROD_04497,Grain/Legume #4497,Whole Grains & Legumes,194.9,9.1,51.1,6.8,2.9,3.4,30.4,0.4,0,0,0,0,0,5.22,C
PROD_04498,Lean Protein #4498,Lean Proteins & Poultry,140.1,42.7,3.9,0.1,5.1,2.0,205.9,2.5,0,0,0,0,1,9.37,A
PROD_04499,Dairy Product #4499,Dairy & Cheese,397.6,10.4,12.4,0.0,26.3,12.4,226.9,5.3,0,0,0,0,0,5.9,C
PROD_04500,Dairy Product #4500,Dairy & Cheese,345.7,14.8,7.3,0.0,20.7,7.3,534.1,17.3,0,0,0,0,0,3.72,D
PROD_04501,Condiment #4501,Condiments & Sauces,65.6,1.5,18.7,0.2,13.6,18.5,298.9,1.4,1,0,0,1,1,2.0,E
PROD_04502,Superfood Oil/Nut #4502,Superfoods & Healthy Oils,273.3,4.4,3.3,1.7,12.6,0.8,0.7,2.5,0,0,0,0,1,5.25,C
PROD_04503,Nutrition Shake/Supplement #4503,Dietary Supplements & Shakes,170.7,17.8,24.4,1.9,5.5,9.8,125.7,2.2,0,0,1,0,0,6.0,C
PROD_04504,Prepared Meal #4504,Fast Food & Prepared Meals,424.4,20.3,61.1,1.7,18.2,18.9,1761.1,8.5,1,0,0,0,0,3.53,D
PROD_04505,Grain/Legume #4505,Whole Grains & Legumes,264.0,17.0,50.1,5.3,2.5,3.6,97.6,0.5,0,0,0,0,0,7.18,B
PROD_04506,Lean Protein #4506,Lean Proteins & Poultry,198.4,44.6,3.9,0.5,10.5,1.1,226.7,3.1,0,0,0,0,1,8.91,A
PROD_04507,Dairy Product #4507,Dairy & Cheese,116.3,17.1,12.2,0.0,8.9,5.5,133.4,8.9,0,0,1,0,0,3.93,D
PROD_04508,Processed Snack #4508,Processed Snacks & Sweets,501.2,2.6,53.6,2.2,21.8,35.6,650.3,3.4,1,0,0,1,0,2.49,E
PROD_04509,Lean Protein #4509,Lean Proteins & Poultry,225.9,27.0,3.2,0.7,3.8,0.5,256.5,2.9,0,0,0,0,0,8.43,A
PROD_04510,Fresh Produce Item #4510,Whole Foods & Produce,32.6,0.5,19.4,7.7,0.1,3.5,43.7,0.1,0,0,0,0,0,4.8,D
PROD_04511,Processed Snack #4511,Processed Snacks & Sweets,529.3,2.1,37.3,2.8,25.9,20.6,673.2,9.5,1,0,0,1,0,1.57,E
PROD_04512,Lean Protein #4512,Lean Proteins & Poultry,224.0,40.9,1.1,0.4,9.1,1.0,392.0,2.2,0,0,0,0,0,8.35,A
PROD_04513,Nutrition Shake/Supplement #4513,Dietary Supplements & Shakes,126.9,32.5,4.9,2.8,3.1,4.9,303.2,0.8,0,0,1,1,0,5.99,C
PROD_04514,Grain/Legume #4514,Whole Grains & Legumes,302.6,13.9,38.1,6.3,4.9,1.6,169.7,0.9,0,0,0,0,0,6.78,B
PROD_04515,Dairy Product #4515,Dairy & Cheese,169.3,22.9,12.2,0.0,8.6,12.2,597.4,8.6,0,0,0,0,0,6.08,C
PROD_04516,Superfood Oil/Nut #4516,Superfoods & Healthy Oils,126.2,3.7,1.2,1.2,15.0,1.2,30.9,2.2,0,0,0,0,1,4.89,D
PROD_04517,Grain/Legume #4517,Whole Grains & Legumes,326.0,6.3,63.3,7.0,3.9,4.0,148.3,0.5,0,0,0,0,0,4.58,D
PROD_04518,Beverage Item #4518,Beverages & Drinks,196.9,0.7,31.3,0.0,0.1,30.4,102.5,0.0,1,0,0,0,0,1.0,E
PROD_04519,Dairy Product #4519,Dairy & Cheese,143.2,11.4,17.2,0.0,9.4,8.2,256.9,9.4,0,0,0,0,0,4.92,D
PROD_04520,Grain/Legume #4520,Whole Grains & Legumes,138.1,6.5,46.9,6.0,1.9,4.2,193.8,0.9,0,0,0,0,0,5.42,C
PROD_04521,Processed Snack #4521,Processed Snacks & Sweets,469.8,1.5,69.1,2.4,19.5,39.1,583.3,7.7,0,1,0,1,0,1.0,E
PROD_04522,Fresh Produce Item #4522,Whole Foods & Produce,47.8,2.7,15.1,3.6,0.4,11.4,41.6,0.1,0,0,0,0,0,4.46,D
PROD_04523,Condiment #4523,Condiments & Sauces,142.0,0.7,34.8,1.0,15.0,20.8,913.1,2.1,0,1,0,1,0,1.16,E
PROD_04524,Processed Snack #4524,Processed Snacks & Sweets,440.2,5.2,37.3,1.9,11.6,36.9,335.0,5.1,0,0,0,1,0,3.96,D
PROD_04525,Beverage Item #4525,Beverages & Drinks,197.2,1.1,10.9,0.3,0.0,10.9,100.9,0.0,1,0,0,1,0,1.87,E
PROD_04526,Dairy Product #4526,Dairy & Cheese,287.2,18.4,14.6,0.0,17.8,2.4,582.8,8.8,0,0,0,0,0,5.82,C
PROD_04527,Grain/Legume #4527,Whole Grains & Legumes,202.0,15.1,42.1,9.9,4.2,3.9,41.5,0.5,0,0,0,0,0,8.71,A
PROD_04528,Beverage Item #4528,Beverages & Drinks,128.3,1.6,21.8,0.2,0.5,1.0,29.5,0.0,0,0,1,0,0,1.81,E
PROD_04529,Condiment #4529,Condiments & Sauces,144.2,0.7,4.8,1.5,11.6,4.8,1108.0,1.8,1,0,0,0,0,2.09,E
PROD_04530,Condiment #4530,Condiments & Sauces,29.3,1.2,13.1,1.0,10.2,4.0,836.0,1.4,0,0,0,0,0,3.66,D
PROD_04531,Prepared Meal #4531,Fast Food & Prepared Meals,474.2,34.3,77.8,3.1,49.8,21.5,839.5,6.6,0,0,0,0,0,6.59,B
PROD_04532,Dairy Product #4532,Dairy & Cheese,273.0,18.3,11.2,0.0,14.8,9.6,571.6,14.8,0,0,0,0,0,5.32,C
PROD_04533,Superfood Oil/Nut #4533,Superfoods & Healthy Oils,226.3,5.5,2.4,2.3,24.9,1.8,10.3,2.4,0,0,0,0,1,4.84,D
PROD_04534,Lean Protein #4534,Lean Proteins & Poultry,138.5,33.3,0.8,0.6,4.6,0.6,437.0,2.9,0,0,0,0,0,6.52,B
PROD_04535,Condiment #4535,Condiments & Sauces,141.9,0.7,32.1,0.8,0.0,19.9,816.2,0.0,1,1,0,0,0,1.0,E
PROD_04536,Fresh Produce Item #4536,Whole Foods & Produce,80.3,2.4,6.7,5.9,0.4,6.7,31.7,0.4,0,0,0,0,0,7.64,B
PROD_04537,Nutrition Shake/Supplement #4537,Dietary Supplements & Shakes,190.5,38.9,6.4,6.4,4.2,2.3,98.6,2.5,0,0,1,1,0,7.81,B
PROD_04538,Lean Protein #4538,Lean Proteins & Poultry,216.6,39.7,4.9,0.1,10.8,0.6,181.1,0.9,0,0,0,0,0,8.45,A
PROD_04539,Fresh Produce Item #4539,Whole Foods & Produce,79.2,1.2,24.5,5.2,0.7,12.1,25.9,0.0,0,0,0,0,0,2.74,E
PROD_04540,Nutrition Shake/Supplement #4540,Dietary Supplements & Shakes,271.1,20.1,19.3,3.4,4.4,1.4,226.5,0.7,0,0,0,0,0,6.74,B
PROD_04541,Processed Snack #4541,Processed Snacks & Sweets,481.5,4.1,68.2,1.2,8.8,36.2,400.9,4.5,1,0,0,1,0,1.0,E
PROD_04542,Fresh Produce Item #4542,Whole Foods & Produce,72.2,0.6,23.9,5.3,0.1,11.1,8.2,0.1,0,0,0,0,0,3.83,D
PROD_04543,Prepared Meal #4543,Fast Food & Prepared Meals,551.8,19.0,44.7,1.7,21.3,9.1,977.9,5.5,0,0,0,0,0,5.31,C
PROD_04544,Grain/Legume #4544,Whole Grains & Legumes,169.9,14.5,60.8,13.4,2.3,2.1,41.9,0.9,0,0,0,0,1,6.95,B
PROD_04545,Prepared Meal #4545,Fast Food & Prepared Meals,479.6,34.3,51.5,5.6,29.0,4.2,1249.4,9.0,0,0,0,0,0,6.15,C
PROD_04546,Fresh Produce Item #4546,Whole Foods & Produce,108.7,0.7,25.0,3.8,0.5,7.4,5.4,0.4,0,0,0,0,0,4.75,D
PROD_04547,Nutrition Shake/Supplement #4547,Dietary Supplements & Shakes,125.4,44.9,13.4,1.3,2.1,2.0,113.5,2.0,0,0,0,1,0,7.28,B
PROD_04548,Lean Protein #4548,Lean Proteins & Poultry,176.6,33.0,3.7,0.9,6.8,0.7,153.5,2.4,0,0,0,0,0,8.46,A
PROD_04549,Lean Protein #4549,Lean Proteins & Poultry,138.9,42.3,3.7,0.1,9.0,0.6,246.6,1.4,0,0,0,0,1,9.22,A
PROD_04550,Grain/Legume #4550,Whole Grains & Legumes,241.4,14.8,41.6,8.9,1.3,2.5,81.6,0.7,0,0,0,0,0,8.18,A
PROD_04551,Condiment #4551,Condiments & Sauces,94.9,1.5,33.2,0.3,7.6,23.9,251.4,1.0,0,0,0,0,1,1.79,E
PROD_04552,Prepared Meal #4552,Fast Food & Prepared Meals,397.1,33.7,86.4,3.7,14.9,5.8,1292.9,14.9,0,0,0,0,0,3.69,D
PROD_04553,Dairy Product #4553,Dairy & Cheese,187.4,20.2,8.9,0.0,22.2,8.9,190.3,15.5,0,0,0,1,0,3.72,D
PROD_04554,Prepared Meal #4554,Fast Food & Prepared Meals,929.2,13.8,45.1,2.4,31.4,5.1,1753.3,11.8,0,0,0,0,0,3.81,D
PROD_04555,Dairy Product #4555,Dairy & Cheese,281.6,18.9,4.0,0.0,17.2,4.0,130.5,17.2,1,0,1,0,0,1.84,E
PROD_04556,Fresh Produce Item #4556,Whole Foods & Produce,53.8,3.7,23.2,2.3,0.8,13.9,13.1,0.3,0,0,0,0,0,3.4,E
PROD_04557,Lean Protein #4557,Lean Proteins & Poultry,122.7,39.3,3.1,0.8,6.1,0.5,220.7,0.7,0,0,0,0,0,9.37,A
PROD_04558,Grain/Legume #4558,Whole Grains & Legumes,190.4,9.7,56.1,7.8,4.9,4.1,199.9,0.6,0,0,0,0,0,5.65,C
PROD_04559,Dairy Product #4559,Dairy & Cheese,179.1,20.5,11.6,0.0,16.2,8.3,265.0,7.8,0,0,0,0,0,6.66,B
PROD_04560,Superfood Oil/Nut #4560,Superfoods & Healthy Oils,254.3,8.9,4.0,2.0,24.5,1.3,30.7,3.7,0,0,0,0,1,6.2,C
PROD_04561,Prepared Meal #4561,Fast Food & Prepared Meals,734.9,17.4,76.3,5.6,37.6,20.3,908.4,4.6,0,1,0,1,0,2.22,E
PROD_04562,Condiment #4562,Condiments & Sauces,54.1,1.9,31.1,1.3,1.7,18.4,443.8,1.7,1,0,0,0,1,1.0,E
PROD_04563,Superfood Oil/Nut #4563,Superfoods & Healthy Oils,253.3,6.9,1.5,0.6,15.6,1.0,2.3,3.5,0,0,0,0,1,6.29,C
PROD_04564,Fresh Produce Item #4564,Whole Foods & Produce,55.8,3.7,5.0,5.0,1.7,5.0,8.7,0.3,0,0,0,0,0,9.01,A
PROD_04565,Nutrition Shake/Supplement #4565,Dietary Supplements & Shakes,314.6,23.4,20.9,4.6,3.0,8.8,216.5,1.6,1,0,1,0,0,4.19,D
PROD_04566,Condiment #4566,Condiments & Sauces,111.9,1.5,26.2,1.0,7.4,25.8,594.7,2.3,0,1,0,0,0,1.0,E
PROD_04567,Processed Snack #4567,Processed Snacks & Sweets,517.5,5.4,67.5,2.3,22.6,21.1,367.7,4.7,0,0,0,1,0,2.47,E
PROD_04568,Processed Snack #4568,Processed Snacks & Sweets,211.0,5.3,69.9,1.6,9.7,43.2,196.8,8.1,0,0,0,1,0,1.0,E
PROD_04569,Beverage Item #4569,Beverages & Drinks,194.4,0.2,0.5,0.4,0.9,0.5,42.7,0.0,0,0,1,0,0,5.65,C
PROD_04570,Processed Snack #4570,Processed Snacks & Sweets,357.1,5.2,62.9,1.3,13.3,35.0,461.9,8.1,0,0,0,0,0,3.81,D
PROD_04571,Condiment #4571,Condiments & Sauces,97.2,1.1,18.9,1.3,13.9,9.8,461.8,0.2,1,0,0,1,1,1.0,E
PROD_04572,Beverage Item #4572,Beverages & Drinks,222.9,0.6,30.1,0.3,0.6,25.3,75.3,0.0,0,0,0,0,0,1.72,E
PROD_04573,Nutrition Shake/Supplement #4573,Dietary Supplements & Shakes,182.4,34.2,16.1,6.0,1.6,10.1,193.6,1.5,0,0,0,0,0,10.0,A
PROD_04574,Processed Snack #4574,Processed Snacks & Sweets,332.6,1.9,53.0,2.4,20.4,33.6,537.0,3.1,1,1,0,1,0,1.0,E
PROD_04575,Fresh Produce Item #4575,Whole Foods & Produce,94.2,2.3,7.0,7.0,0.3,7.0,7.3,0.3,0,0,0,0,0,7.02,B
PROD_04576,Fresh Produce Item #4576,Whole Foods & Produce,47.8,2.5,6.4,4.9,1.9,3.1,27.8,0.3,0,0,0,0,0,9.47,A
PROD_04577,Nutrition Shake/Supplement #4577,Dietary Supplements & Shakes,198.7,30.1,11.3,2.0,4.3,1.4,137.3,0.7,0,0,0,0,0,9.45,A
PROD_04578,Nutrition Shake/Supplement #4578,Dietary Supplements & Shakes,242.1,31.4,20.1,1.3,2.1,1.6,136.6,1.7,0,0,0,1,0,6.81,B
PROD_04579,Dairy Product #4579,Dairy & Cheese,144.9,14.3,16.4,0.0,31.7,12.5,497.1,9.1,0,0,0,0,0,5.96,C
PROD_04580,Fresh Produce Item #4580,Whole Foods & Produce,113.2,2.1,14.4,2.5,0.5,4.1,30.4,0.2,0,0,0,0,1,5.77,C
PROD_04581,Beverage Item #4581,Beverages & Drinks,202.1,1.9,17.7,0.3,0.3,2.3,101.2,0.0,0,0,1,1,0,1.84,E
PROD_04582,Superfood Oil/Nut #4582,Superfoods & Healthy Oils,273.6,8.5,5.2,4.5,23.5,0.7,30.2,1.7,0,0,0,0,1,7.44,B
PROD_04583,Condiment #4583,Condiments & Sauces,97.1,1.4,32.4,0.2,17.4,7.3,411.0,0.3,0,0,0,1,0,3.4,E
PROD_04584,Lean Protein #4584,Lean Proteins & Poultry,136.6,37.9,0.0,0.0,6.1,0.0,433.9,2.5,0,0,0,0,0,8.46,A
PROD_04585,Superfood Oil/Nut #4585,Superfoods & Healthy Oils,181.6,6.2,7.8,2.4,22.5,0.4,31.2,1.7,0,0,0,0,1,5.02,C
PROD_04586,Processed Snack #4586,Processed Snacks & Sweets,235.1,5.2,57.5,2.8,28.6,38.7,494.6,3.9,1,0,0,1,0,1.5,E
PROD_04587,Processed Snack #4587,Processed Snacks & Sweets,367.1,4.7,31.5,1.6,20.6,31.4,552.1,3.0,0,0,0,0,0,4.22,D
PROD_04588,Condiment #4588,Condiments & Sauces,103.2,0.1,24.3,0.4,8.2,18.7,779.7,0.7,0,0,0,0,0,1.0,E
PROD_04589,Prepared Meal #4589,Fast Food & Prepared Meals,442.7,35.9,76.1,5.4,50.8,14.9,458.9,11.8,0,1,0,0,0,5.05,C
PROD_04590,Superfood Oil/Nut #4590,Superfoods & Healthy Oils,163.4,2.6,0.6,0.6,27.5,0.6,6.3,3.1,0,0,0,0,1,9.37,A
PROD_04591,Fresh Produce Item #4591,Whole Foods & Produce,48.8,3.5,13.9,5.2,1.9,12.9,40.5,0.1,0,0,0,0,1,6.63,B
PROD_04592,Beverage Item #4592,Beverages & Drinks,159.5,2.0,42.9,0.4,0.7,34.1,70.8,0.0,0,0,0,1,0,1.0,E
PROD_04593,Grain/Legume #4593,Whole Grains & Legumes,240.8,16.2,62.9,15.7,3.1,3.2,118.4,0.6,0,0,0,0,0,7.96,B
PROD_04594,Condiment #4594,Condiments & Sauces,29.4,1.5,2.6,1.2,10.4,2.6,1139.7,0.4,1,1,0,1,0,1.0,E
PROD_04595,Grain/Legume #4595,Whole Grains & Legumes,338.1,15.8,26.1,13.6,1.7,3.1,162.3,0.6,0,0,0,0,0,7.59,B
PROD_04596,Nutrition Shake/Supplement #4596,Dietary Supplements & Shakes,281.5,39.7,9.2,6.6,1.8,2.9,204.4,1.3,0,0,1,0,0,7.62,B
PROD_04597,Lean Protein #4597,Lean Proteins & Poultry,205.7,24.3,1.4,0.4,6.3,0.4,112.9,3.5,0,0,0,0,0,9.05,A
PROD_04598,Nutrition Shake/Supplement #4598,Dietary Supplements & Shakes,116.5,30.5,7.0,5.1,2.0,2.4,284.5,2.0,0,0,0,0,0,10.0,A
PROD_04599,Processed Snack #4599,Processed Snacks & Sweets,331.7,4.0,69.6,1.3,8.7,22.8,774.1,8.7,1,1,0,1,0,1.0,E
PROD_04600,Dairy Product #4600,Dairy & Cheese,289.9,8.1,6.5,0.0,7.6,3.0,180.4,6.7,0,0,0,0,0,5.72,C
PROD_04601,Beverage Item #4601,Beverages & Drinks,155.2,1.9,8.5,0.2,0.6,8.5,78.6,0.0,0,0,1,1,0,1.72,E
PROD_04602,Lean Protein #4602,Lean Proteins & Poultry,180.4,31.4,1.9,0.1,3.9,0.4,427.6,3.4,0,0,0,0,1,8.64,A
PROD_04603,Beverage Item #4603,Beverages & Drinks,186.0,1.4,3.3,0.2,0.4,3.3,26.9,0.0,1,0,0,1,0,2.03,E
PROD_04604,Prepared Meal #4604,Fast Food & Prepared Meals,560.2,17.7,38.7,4.8,20.0,5.7,932.8,4.8,1,1,0,0,0,2.1,E
PROD_04605,Superfood Oil/Nut #4605,Superfoods & Healthy Oils,136.1,5.3,5.7,3.8,20.1,1.0,35.7,1.4,0,0,0,0,1,7.19,B
PROD_04606,Beverage Item #4606,Beverages & Drinks,198.4,0.6,46.0,0.0,0.4,7.0,105.0,0.0,0,0,1,0,0,1.08,E
PROD_04607,Nutrition Shake/Supplement #4607,Dietary Supplements & Shakes,208.1,20.3,7.6,4.0,6.8,7.6,116.6,1.6,0,0,0,0,0,8.02,A
PROD_04608,Grain/Legume #4608,Whole Grains & Legumes,135.0,16.7,42.2,11.6,1.8,1.1,21.9,0.8,0,0,0,0,0,8.47,A
PROD_04609,Nutrition Shake/Supplement #4609,Dietary Supplements & Shakes,302.3,19.8,6.7,2.3,4.7,6.7,314.4,1.7,0,0,0,0,0,7.26,B
PROD_04610,Condiment #4610,Condiments & Sauces,99.1,1.6,29.5,0.2,13.8,16.3,1114.9,2.8,1,0,0,0,0,1.65,E
PROD_04611,Prepared Meal #4611,Fast Food & Prepared Meals,465.6,30.0,41.7,4.3,14.1,12.4,1423.8,14.1,0,0,0,0,0,4.92,D
PROD_04612,Nutrition Shake/Supplement #4612,Dietary Supplements & Shakes,296.9,40.2,18.1,4.3,1.7,4.0,268.3,0.6,0,0,0,0,0,8.81,A
PROD_04613,Superfood Oil/Nut #4613,Superfoods & Healthy Oils,247.8,2.4,1.4,1.1,16.0,1.4,38.7,2.1,0,0,0,0,1,8.23,A
PROD_04614,Fresh Produce Item #4614,Whole Foods & Produce,81.4,3.2,9.5,7.3,1.2,9.5,20.6,0.2,0,0,0,0,0,7.18,B
PROD_04615,Lean Protein #4615,Lean Proteins & Poultry,169.5,42.9,4.3,0.3,4.9,1.6,220.6,2.2,0,0,0,0,0,8.75,A
PROD_04616,Lean Protein #4616,Lean Proteins & Poultry,186.1,36.0,1.3,0.6,3.7,1.3,321.2,2.2,0,0,0,0,0,7.99,B
PROD_04617,Processed Snack #4617,Processed Snacks & Sweets,326.8,5.1,45.3,1.2,28.2,21.8,780.7,10.4,0,0,0,0,0,3.43,E
PROD_04618,Fresh Produce Item #4618,Whole Foods & Produce,53.1,2.4,14.4,4.1,1.0,11.7,25.7,0.3,0,0,0,0,0,4.74,D
PROD_04619,Superfood Oil/Nut #4619,Superfoods & Healthy Oils,237.1,2.8,6.4,4.2,24.3,0.8,17.4,2.3,0,0,0,0,1,8.92,A
PROD_04620,Lean Protein #4620,Lean Proteins & Poultry,117.6,37.7,4.0,1.0,5.9,1.0,399.9,1.3,0,0,0,0,1,8.26,A
PROD_04621,Lean Protein #4621,Lean Proteins & Poultry,233.4,31.6,1.7,1.0,10.2,0.4,245.5,0.8,0,0,0,0,1,8.46,A
PROD_04622,Prepared Meal #4622,Fast Food & Prepared Meals,618.3,33.6,85.9,2.1,29.5,7.4,1354.6,9.4,0,0,0,0,0,5.09,C
PROD_04623,Prepared Meal #4623,Fast Food & Prepared Meals,667.6,22.4,42.5,1.6,44.5,20.8,1044.6,4.9,0,0,0,0,0,5.43,C
PROD_04624,Lean Protein #4624,Lean Proteins & Poultry,129.3,25.4,3.2,0.2,5.5,1.6,99.9,0.7,0,0,0,0,0,8.91,A
PROD_04625,Condiment #4625,Condiments & Sauces,140.3,0.5,3.1,0.4,16.6,1.5,354.7,0.2,1,0,0,0,0,3.2,E
PROD_04626,Processed Snack #4626,Processed Snacks & Sweets,325.1,5.9,48.4,0.9,23.2,38.7,331.4,10.2,1,0,0,1,0,1.71,E
PROD_04627,Processed Snack #4627,Processed Snacks & Sweets,465.3,5.5,49.6,2.6,17.4,26.7,465.3,10.3,0,0,0,0,0,5.07,C
PROD_04628,Lean Protein #4628,Lean Proteins & Poultry,169.0,21.5,4.6,0.9,6.2,0.4,238.2,0.8,0,0,0,0,0,8.92,A
PROD_04629,Processed Snack #4629,Processed Snacks & Sweets,401.8,2.6,42.4,2.8,26.4,12.3,268.1,9.3,0,0,0,0,0,4.25,D
PROD_04630,Beverage Item #4630,Beverages & Drinks,73.3,1.5,28.9,0.4,0.9,28.9,38.6,0.0,0,0,0,1,0,1.0,E
PROD_04631,Beverage Item #4631,Beverages & Drinks,35.0,1.0,35.6,0.0,0.9,17.3,82.3,0.0,0,0,0,0,0,1.0,E
PROD_04632,Prepared Meal #4632,Fast Food & Prepared Meals,716.5,13.6,55.7,5.7,42.7,10.6,1518.8,15.7,1,0,0,0,0,2.43,E
PROD_04633,Condiment #4633,Condiments & Sauces,115.2,0.4,25.3,0.2,6.1,21.9,1197.2,1.0,1,0,0,0,1,1.0,E
PROD_04634,Superfood Oil/Nut #4634,Superfoods & Healthy Oils,240.5,7.7,1.7,1.7,14.2,0.0,7.9,3.8,0,0,0,0,1,5.96,C
PROD_04635,Processed Snack #4635,Processed Snacks & Sweets,285.1,5.4,60.0,1.6,26.0,19.8,305.5,7.9,0,1,0,1,0,2.14,E
PROD_04636,Nutrition Shake/Supplement #4636,Dietary Supplements & Shakes,253.7,32.7,15.8,6.0,4.0,5.7,339.9,1.8,0,0,0,1,0,7.8,B
PROD_04637,Nutrition Shake/Supplement #4637,Dietary Supplements & Shakes,276.8,16.0,6.0,6.0,2.4,6.0,267.1,1.8,0,0,0,0,0,8.11,A
PROD_04638,Processed Snack #4638,Processed Snacks & Sweets,342.2,5.9,41.1,2.9,27.0,18.6,377.4,9.2,1,0,0,1,0,2.98,E
PROD_04639,Condiment #4639,Condiments & Sauces,64.5,0.4,27.5,0.9,7.9,5.9,913.2,1.9,1,0,0,0,0,1.0,E
PROD_04640,Grain/Legume #4640,Whole Grains & Legumes,166.9,15.5,34.2,9.7,3.1,3.7,34.3,0.3,0,0,0,0,0,8.17,A
PROD_04641,Dairy Product #4641,Dairy & Cheese,306.6,12.3,15.8,0.0,27.9,2.9,251.7,4.9,0,0,0,0,0,5.54,C
PROD_04642,Dairy Product #4642,Dairy & Cheese,209.5,8.1,14.0,0.0,12.2,10.5,387.5,12.2,0,0,0,1,0,1.83,E
PROD_04643,Processed Snack #4643,Processed Snacks & Sweets,526.3,4.8,41.1,0.9,9.1,18.3,626.0,8.5,0,1,0,1,0,1.54,E
PROD_04644,Condiment #4644,Condiments & Sauces,135.6,1.5,30.0,0.6,13.7,2.6,267.7,1.0,1,0,0,0,0,4.36,D
PROD_04645,Dairy Product #4645,Dairy & Cheese,326.3,6.5,10.8,0.0,13.0,6.4,379.5,7.4,0,0,0,1,0,2.97,E
PROD_04646,Dairy Product #4646,Dairy & Cheese,224.5,23.1,16.8,0.0,6.6,15.9,631.6,6.6,0,0,1,0,0,3.81,D
PROD_04647,Processed Snack #4647,Processed Snacks & Sweets,518.4,2.9,65.5,1.5,16.0,43.2,604.4,10.5,0,0,0,1,0,3.32,E
PROD_04648,Dairy Product #4648,Dairy & Cheese,88.0,21.6,17.0,0.0,26.5,15.3,587.2,17.2,0,0,0,0,0,5.84,C
PROD_04649,Condiment #4649,Condiments & Sauces,170.5,1.8,31.5,0.5,2.4,19.3,728.7,2.4,0,0,0,0,0,1.0,E
PROD_04650,Grain/Legume #4650,Whole Grains & Legumes,341.0,11.1,35.4,11.3,4.2,0.6,113.8,0.9,0,0,0,0,0,8.01,A
PROD_04651,Grain/Legume #4651,Whole Grains & Legumes,227.9,14.7,42.1,9.8,3.6,3.8,170.1,0.8,0,0,0,0,0,7.36,B
PROD_04652,Processed Snack #4652,Processed Snacks & Sweets,495.1,4.6,59.9,1.1,29.3,14.7,694.9,4.5,1,0,0,1,0,2.2,E
PROD_04653,Condiment #4653,Condiments & Sauces,99.0,1.3,33.7,0.9,1.7,10.9,493.0,0.8,1,0,0,0,0,1.0,E
PROD_04654,Processed Snack #4654,Processed Snacks & Sweets,449.2,1.9,57.3,1.8,21.3,36.0,503.7,5.6,1,0,0,1,0,1.67,E
PROD_04655,Beverage Item #4655,Beverages & Drinks,34.9,1.9,29.5,0.2,0.1,27.7,91.7,0.0,1,0,0,1,0,1.0,E
PROD_04656,Fresh Produce Item #4656,Whole Foods & Produce,34.4,1.1,8.1,6.9,0.3,8.1,48.6,0.3,0,0,0,0,0,6.37,C
PROD_04657,Beverage Item #4657,Beverages & Drinks,91.8,1.0,5.6,0.1,0.7,5.6,29.4,0.0,1,0,0,1,0,1.21,E
PROD_04658,Dairy Product #4658,Dairy & Cheese,363.3,6.5,4.8,0.0,6.9,4.8,43.1,2.1,0,0,0,0,0,5.05,C
PROD_04659,Fresh Produce Item #4659,Whole Foods & Produce,69.2,1.5,21.3,4.3,0.4,12.3,5.1,0.1,0,0,0,0,0,3.4,E
PROD_04660,Beverage Item #4660,Beverages & Drinks,194.7,2.0,1.2,0.3,0.7,1.2,88.1,0.0,1,0,1,1,0,1.84,E
PROD_04661,Dairy Product #4661,Dairy & Cheese,276.5,16.7,14.0,0.0,25.7,5.0,335.0,9.6,0,0,0,0,0,4.71,D
PROD_04662,Processed Snack #4662,Processed Snacks & Sweets,446.4,3.5,73.1,2.0,22.6,40.4,710.0,2.8,1,1,1,0,0,1.0,E
PROD_04663,Condiment #4663,Condiments & Sauces,116.5,1.9,18.2,1.2,1.8,11.7,818.1,1.8,1,0,0,0,0,1.0,E
PROD_04664,Grain/Legume #4664,Whole Grains & Legumes,259.0,10.8,57.7,7.8,3.5,2.6,179.1,0.7,0,0,0,0,0,5.4,C
PROD_04665,Lean Protein #4665,Lean Proteins & Poultry,183.2,27.4,4.5,0.8,6.5,1.3,184.8,0.7,0,0,0,0,0,8.51,A
PROD_04666,Lean Protein #4666,Lean Proteins & Poultry,122.0,39.2,0.2,0.2,6.1,0.2,259.2,2.8,0,0,0,0,0,8.71,A
PROD_04667,Nutrition Shake/Supplement #4667,Dietary Supplements & Shakes,316.0,26.6,23.1,4.1,5.3,6.5,69.1,0.9,0,0,0,1,0,5.81,C
PROD_04668,Grain/Legume #4668,Whole Grains & Legumes,199.8,15.3,44.4,8.8,1.6,4.1,9.0,0.5,0,0,0,0,0,7.82,B
PROD_04669,Prepared Meal #4669,Fast Food & Prepared Meals,915.3,37.2,78.7,4.6,52.5,9.2,653.8,8.1,0,1,0,1,0,3.5,D
PROD_04670,Processed Snack #4670,Processed Snacks & Sweets,340.4,5.0,42.0,1.5,8.3,30.3,703.5,2.8,0,0,0,1,0,2.67,E
PROD_04671,Dairy Product #4671,Dairy & Cheese,100.7,10.0,16.2,0.0,11.6,13.5,243.3,11.6,0,0,0,0,0,4.76,D
PROD_04672,Beverage Item #4672,Beverages & Drinks,26.9,1.6,29.7,0.2,0.7,9.4,99.1,0.0,1,0,1,1,0,1.0,E
PROD_04673,Beverage Item #4673,Beverages & Drinks,104.3,0.0,31.4,0.2,0.6,31.4,94.5,0.0,0,0,1,1,0,1.0,E
PROD_04674,Grain/Legume #4674,Whole Grains & Legumes,152.9,11.3,65.0,6.3,4.3,4.1,91.8,1.0,0,0,0,0,0,5.37,C
PROD_04675,Processed Snack #4675,Processed Snacks & Sweets,253.3,2.8,43.3,2.0,8.9,22.2,153.1,2.6,0,0,0,1,0,2.13,E
PROD_04676,Condiment #4676,Condiments & Sauces,165.3,0.8,34.7,0.2,3.4,14.8,1242.0,1.1,0,0,0,1,0,1.0,E
PROD_04677,Lean Protein #4677,Lean Proteins & Poultry,244.5,35.1,3.7,0.8,2.4,1.0,106.0,2.4,0,0,0,0,0,8.48,A
PROD_04678,Superfood Oil/Nut #4678,Superfoods & Healthy Oils,170.1,1.1,5.1,2.8,21.3,1.2,6.9,3.1,0,0,0,0,1,8.46,A
PROD_04679,Processed Snack #4679,Processed Snacks & Sweets,470.5,3.4,63.5,2.0,16.1,39.6,662.2,4.1,1,1,0,1,0,1.0,E
PROD_04680,Lean Protein #4680,Lean Proteins & Poultry,234.9,36.3,0.3,0.3,5.3,0.3,151.6,2.3,0,0,0,0,1,8.99,A
PROD_04681,Prepared Meal #4681,Fast Food & Prepared Meals,781.7,22.4,40.1,3.4,21.1,15.3,805.4,17.4,0,1,0,0,0,4.09,D
PROD_04682,Lean Protein #4682,Lean Proteins & Poultry,184.5,28.2,1.5,0.6,6.8,0.6,123.6,3.0,0,0,0,0,0,8.89,A
PROD_04683,Superfood Oil/Nut #4683,Superfoods & Healthy Oils,202.5,9.0,3.7,2.7,13.8,0.3,47.0,3.9,0,0,0,0,1,5.4,C
PROD_04684,Condiment #4684,Condiments & Sauces,40.9,0.8,7.1,1.4,3.2,7.1,298.7,2.8,0,0,1,1,0,1.0,E
PROD_04685,Grain/Legume #4685,Whole Grains & Legumes,187.7,11.0,50.6,11.7,2.0,1.4,90.3,0.4,0,0,0,0,0,6.65,B
PROD_04686,Lean Protein #4686,Lean Proteins & Poultry,169.7,29.4,4.1,0.2,3.4,1.0,324.9,0.6,0,0,0,0,0,8.46,A
PROD_04687,Lean Protein #4687,Lean Proteins & Poultry,167.9,37.8,0.4,0.1,6.8,0.2,425.7,2.5,0,0,0,0,0,8.19,A
PROD_04688,Nutrition Shake/Supplement #4688,Dietary Supplements & Shakes,144.7,32.0,9.2,7.4,9.0,0.5,277.7,0.7,0,0,1,0,0,8.45,A
PROD_04689,Lean Protein #4689,Lean Proteins & Poultry,193.4,24.4,3.9,0.5,7.9,1.4,216.5,0.5,0,0,0,0,0,7.87,B
PROD_04690,Processed Snack #4690,Processed Snacks & Sweets,341.7,3.1,62.3,1.1,23.4,45.0,711.8,8.5,0,0,0,1,0,1.0,E
PROD_04691,Grain/Legume #4691,Whole Grains & Legumes,210.6,9.9,38.7,8.5,3.1,3.1,88.0,0.5,0,0,0,0,0,7.35,B
PROD_04692,Beverage Item #4692,Beverages & Drinks,74.8,1.9,25.3,0.1,0.9,25.3,29.3,0.0,0,0,0,1,0,1.0,E
PROD_04693,Beverage Item #4693,Beverages & Drinks,238.5,2.0,58.9,0.3,0.3,30.8,78.5,0.0,1,0,0,0,0,1.0,E
PROD_04694,Prepared Meal #4694,Fast Food & Prepared Meals,859.1,21.5,76.3,1.7,31.6,7.0,1716.9,15.1,1,0,0,1,0,2.31,E
PROD_04695,Processed Snack #4695,Processed Snacks & Sweets,408.5,2.2,37.9,1.9,15.8,36.1,534.3,10.4,1,1,0,0,0,1.5,E
PROD_04696,Beverage Item #4696,Beverages & Drinks,151.6,0.4,35.7,0.2,0.4,35.7,101.2,0.0,1,0,0,1,0,1.0,E
PROD_04697,Superfood Oil/Nut #4697,Superfoods & Healthy Oils,170.9,2.8,2.3,2.3,11.7,0.7,30.6,1.1,0,0,0,0,1,5.0,C
PROD_04698,Fresh Produce Item #4698,Whole Foods & Produce,67.3,1.9,5.2,5.2,0.4,5.2,20.7,0.0,0,0,0,0,0,7.79,B
PROD_04699,Processed Snack #4699,Processed Snacks & Sweets,508.5,3.7,45.1,2.2,21.5,30.5,404.3,3.2,0,0,0,1,0,3.77,D
PROD_04700,Superfood Oil/Nut #4700,Superfoods & Healthy Oils,236.3,1.4,2.7,2.3,10.4,0.4,8.4,2.4,0,0,0,0,1,8.26,A
PROD_04701,Prepared Meal #4701,Fast Food & Prepared Meals,372.6,34.4,74.5,5.0,21.5,9.8,1049.1,13.2,0,0,0,1,0,4.71,D
PROD_04702,Fresh Produce Item #4702,Whole Foods & Produce,100.1,2.5,6.1,6.1,1.5,5.8,17.9,0.3,0,0,0,0,1,8.46,A
PROD_04703,Grain/Legume #4703,Whole Grains & Legumes,172.2,6.6,31.8,14.4,3.9,2.0,179.9,0.7,0,0,0,0,0,8.05,A
PROD_04704,Prepared Meal #4704,Fast Food & Prepared Meals,574.7,36.0,89.0,5.1,48.0,9.2,945.8,7.4,0,0,0,0,0,5.91,C
PROD_04705,Fresh Produce Item #4705,Whole Foods & Produce,35.5,2.8,7.2,5.7,0.4,7.2,23.7,0.1,0,0,0,0,1,7.76,B
PROD_04706,Dairy Product #4706,Dairy & Cheese,172.0,12.4,10.9,0.0,28.3,8.3,369.7,8.3,1,0,0,0,0,3.69,D
PROD_04707,Prepared Meal #4707,Fast Food & Prepared Meals,689.2,37.1,84.1,3.1,38.6,4.9,1061.4,12.5,0,0,0,1,0,4.29,D
PROD_04708,Beverage Item #4708,Beverages & Drinks,135.6,0.0,57.6,0.1,0.8,53.7,87.5,0.0,0,0,1,1,0,1.0,E
PROD_04709,Dairy Product #4709,Dairy & Cheese,269.5,22.9,3.1,0.0,23.1,3.1,146.6,4.1,0,0,0,0,0,7.05,B
PROD_04710,Fresh Produce Item #4710,Whole Foods & Produce,65.3,2.1,19.8,5.0,0.7,4.5,6.0,0.3,0,0,0,0,0,6.33,C
PROD_04711,Grain/Legume #4711,Whole Grains & Legumes,145.0,12.4,46.9,8.6,4.5,1.9,105.7,0.3,0,0,0,0,1,8.33,A
PROD_04712,Nutrition Shake/Supplement #4712,Dietary Supplements & Shakes,198.7,23.4,16.3,3.7,3.3,11.0,211.0,0.9,0,0,0,0,0,8.61,A
PROD_04713,Grain/Legume #4713,Whole Grains & Legumes,244.3,15.3,53.3,11.3,3.6,1.3,8.9,0.9,0,0,0,0,0,7.81,B
PROD_04714,Prepared Meal #4714,Fast Food & Prepared Meals,921.1,23.2,89.3,4.9,51.1,15.6,662.0,4.8,0,1,0,1,0,3.43,E
PROD_04715,Processed Snack #4715,Processed Snacks & Sweets,330.4,5.1,39.4,2.1,18.1,32.6,772.7,10.2,1,1,0,1,0,1.0,E
PROD_04716,Lean Protein #4716,Lean Proteins & Poultry,208.3,33.5,3.4,0.5,1.6,1.3,272.1,1.6,0,0,0,0,1,8.61,A
PROD_04717,Superfood Oil/Nut #4717,Superfoods & Healthy Oils,231.3,7.2,2.5,0.6,22.3,0.2,23.1,1.7,0,0,0,0,1,5.87,C
PROD_04718,Grain/Legume #4718,Whole Grains & Legumes,246.5,16.6,32.6,7.3,4.5,4.7,168.4,0.2,0,0,0,0,0,7.28,B
PROD_04719,Grain/Legume #4719,Whole Grains & Legumes,307.7,7.9,61.8,8.7,2.3,1.3,6.4,0.5,0,0,0,0,1,6.31,C
PROD_04720,Lean Protein #4720,Lean Proteins & Poultry,223.5,38.7,4.0,0.7,6.2,1.8,415.0,1.8,0,0,0,0,0,8.48,A
PROD_04721,Superfood Oil/Nut #4721,Superfoods & Healthy Oils,121.6,6.9,4.6,1.7,16.6,0.2,43.6,1.7,0,0,0,0,1,6.06,C
PROD_04722,Condiment #4722,Condiments & Sauces,153.5,1.5,27.2,0.8,3.1,8.7,893.5,0.9,0,0,1,0,0,1.0,E
PROD_04723,Beverage Item #4723,Beverages & Drinks,167.6,0.1,48.7,0.3,0.1,36.3,76.7,0.0,1,0,0,1,0,1.0,E
PROD_04724,Processed Snack #4724,Processed Snacks & Sweets,256.5,2.0,54.6,2.0,28.8,27.5,346.6,4.3,1,1,0,1,0,1.0,E
PROD_04725,Nutrition Shake/Supplement #4725,Dietary Supplements & Shakes,247.5,29.1,20.0,7.5,6.5,1.4,233.1,1.9,0,0,1,0,0,9.25,A
PROD_04726,Lean Protein #4726,Lean Proteins & Poultry,199.2,32.9,4.3,0.0,2.9,0.1,115.2,2.6,0,0,0,0,1,9.14,A
PROD_04727,Condiment #4727,Condiments & Sauces,144.1,0.5,11.3,1.3,8.0,11.3,203.3,0.2,0,0,1,0,1,3.34,E
PROD_04728,Lean Protein #4728,Lean Proteins & Poultry,178.2,35.6,0.1,0.1,5.1,0.1,192.1,3.3,0,0,0,0,0,9.08,A
PROD_04729,Prepared Meal #4729,Fast Food & Prepared Meals,643.6,26.8,56.9,2.6,16.4,7.1,683.0,16.4,0,1,0,1,0,2.42,E
PROD_04730,Condiment #4730,Condiments & Sauces,104.1,0.9,8.0,0.1,11.2,8.0,1099.2,2.7,0,0,1,0,0,2.1,E
PROD_04731,Condiment #4731,Condiments & Sauces,78.0,0.0,17.3,0.1,15.1,14.3,1028.1,2.5,1,0,1,1,1,1.0,E
PROD_04732,Nutrition Shake/Supplement #4732,Dietary Supplements & Shakes,157.7,22.3,9.5,5.5,6.7,4.4,286.5,1.3,0,0,1,1,0,6.27,C
PROD_04733,Processed Snack #4733,Processed Snacks & Sweets,442.4,1.7,41.9,1.0,25.1,15.0,313.8,7.3,1,1,0,0,0,2.06,E
PROD_04734,Fresh Produce Item #4734,Whole Foods & Produce,101.5,3.2,24.7,7.7,0.2,2.3,27.4,0.1,0,0,0,0,0,6.96,B
PROD_04735,Prepared Meal #4735,Fast Food & Prepared Meals,895.3,32.1,68.1,3.6,33.2,15.1,1186.2,10.8,0,0,0,0,0,5.7,C
PROD_04736,Processed Snack #4736,Processed Snacks & Sweets,475.0,1.3,37.9,2.6,20.5,34.1,359.0,7.1,0,0,0,0,0,4.94,D
PROD_04737,Fresh Produce Item #4737,Whole Foods & Produce,57.6,3.1,13.4,4.6,1.6,12.8,40.6,0.2,0,0,0,0,0,6.98,B
PROD_04738,Fresh Produce Item #4738,Whole Foods & Produce,91.6,3.7,16.8,7.2,0.5,13.8,15.2,0.1,0,0,0,0,0,6.16,C
PROD_04739,Lean Protein #4739,Lean Proteins & Poultry,237.1,22.3,1.5,0.5,6.2,1.5,208.0,1.2,0,0,0,0,0,7.57,B
PROD_04740,Processed Snack #4740,Processed Snacks & Sweets,538.3,2.7,38.4,1.0,16.8,13.7,467.0,9.5,0,0,0,1,0,3.02,E
PROD_04741,Processed Snack #4741,Processed Snacks & Sweets,525.5,1.5,40.0,2.3,14.5,37.3,422.6,10.1,0,1,0,1,0,2.17,E
PROD_04742,Beverage Item #4742,Beverages & Drinks,89.3,1.4,3.9,0.0,0.3,3.9,68.7,0.0,1,0,0,1,0,2.41,E
PROD_04743,Fresh Produce Item #4743,Whole Foods & Produce,49.7,3.2,13.2,6.9,1.7,6.6,20.5,0.5,0,0,0,0,0,7.2,B
PROD_04744,Nutrition Shake/Supplement #4744,Dietary Supplements & Shakes,138.2,40.1,24.6,6.4,4.2,6.9,250.9,0.9,0,0,0,0,0,10.0,A
PROD_04745,Processed Snack #4745,Processed Snacks & Sweets,392.1,5.8,65.9,2.2,28.4,17.3,394.4,10.5,1,0,0,1,0,1.68,E
PROD_04746,Fresh Produce Item #4746,Whole Foods & Produce,65.2,3.5,15.6,4.7,0.7,4.0,49.6,0.0,0,0,0,0,0,7.85,B
PROD_04747,Nutrition Shake/Supplement #4747,Dietary Supplements & Shakes,118.0,15.7,18.6,1.7,8.0,7.6,149.3,1.1,1,0,0,0,0,5.72,C
PROD_04748,Grain/Legume #4748,Whole Grains & Legumes,337.7,14.0,49.1,8.4,3.4,4.5,78.2,0.4,0,0,0,0,0,7.48,B
PROD_04749,Superfood Oil/Nut #4749,Superfoods & Healthy Oils,195.2,1.8,2.7,2.7,17.2,1.9,35.4,2.1,0,0,0,0,1,8.79,A
PROD_04750,Grain/Legume #4750,Whole Grains & Legumes,289.8,10.6,52.3,9.5,3.5,4.2,177.5,0.2,0,0,0,0,0,6.61,B
PROD_04751,Beverage Item #4751,Beverages & Drinks,135.2,0.0,33.5,0.3,0.0,33.5,72.9,0.0,0,0,0,0,0,1.29,E
PROD_04752,Superfood Oil/Nut #4752,Superfoods & Healthy Oils,122.8,4.8,6.4,4.0,19.8,0.4,28.0,2.2,0,0,0,0,1,6.02,C
PROD_04753,Superfood Oil/Nut #4753,Superfoods & Healthy Oils,275.3,1.4,2.2,2.2,23.7,1.6,44.2,1.5,0,0,0,0,1,9.0,A
PROD_04754,Condiment #4754,Condiments & Sauces,34.4,0.2,3.7,0.8,4.4,3.7,302.0,1.9,0,0,0,1,0,2.0,E
PROD_04755,Grain/Legume #4755,Whole Grains & Legumes,225.5,17.5,28.8,13.7,1.8,2.8,154.6,0.8,0,0,0,0,0,8.8,A
PROD_04756,Processed Snack #4756,Processed Snacks & Sweets,350.4,3.0,60.2,2.2,14.8,18.2,235.4,3.6,0,1,0,1,0,1.33,E
PROD_04757,Dairy Product #4757,Dairy & Cheese,324.0,21.4,7.5,0.0,12.5,7.5,458.7,10.7,0,0,0,1,0,4.85,D
PROD_04758,Processed Snack #4758,Processed Snacks & Sweets,490.2,3.6,68.7,1.6,18.6,25.9,212.7,3.9,0,0,0,1,0,1.73,E
PROD_04759,Condiment #4759,Condiments & Sauces,37.1,1.1,11.5,1.5,6.5,11.5,494.7,0.6,1,0,0,0,0,1.02,E
PROD_04760,Processed Snack #4760,Processed Snacks & Sweets,375.4,5.9,31.1,3.0,14.1,24.6,639.1,4.7,0,1,0,1,0,1.5,E
PROD_04761,Nutrition Shake/Supplement #4761,Dietary Supplements & Shakes,152.1,43.2,24.0,4.7,6.3,9.7,66.8,1.2,0,0,0,0,0,9.74,A
PROD_04762,Fresh Produce Item #4762,Whole Foods & Produce,56.2,3.3,12.8,6.2,0.4,7.2,29.8,0.1,0,0,0,0,0,7.41,B
PROD_04763,Condiment #4763,Condiments & Sauces,81.1,0.1,6.0,0.1,1.0,3.3,1035.9,0.3,1,0,1,0,0,1.0,E
PROD_04764,Grain/Legume #4764,Whole Grains & Legumes,227.6,7.1,56.2,5.9,1.8,1.2,18.3,0.9,0,0,0,0,0,4.85,D
PROD_04765,Lean Protein #4765,Lean Proteins & Poultry,184.1,32.0,4.9,0.8,3.1,1.0,363.5,2.1,0,0,0,0,0,7.68,B
PROD_04766,Superfood Oil/Nut #4766,Superfoods & Healthy Oils,184.6,7.6,1.7,1.7,23.4,0.2,43.7,3.2,0,0,0,0,1,5.52,C
PROD_04767,Prepared Meal #4767,Fast Food & Prepared Meals,387.4,30.1,61.8,4.8,15.5,14.3,1053.5,10.0,0,1,0,0,0,4.47,D
PROD_04768,Fresh Produce Item #4768,Whole Foods & Produce,76.0,1.0,24.5,6.9,1.3,5.6,46.0,0.2,0,0,0,0,0,4.74,D
PROD_04769,Beverage Item #4769,Beverages & Drinks,101.4,1.5,58.5,0.0,0.8,20.3,26.9,0.0,1,0,0,0,0,1.13,E
PROD_04770,Condiment #4770,Condiments & Sauces,68.2,1.3,35.0,0.7,14.6,25.7,211.6,0.9,1,0,0,1,0,1.0,E
PROD_04771,Nutrition Shake/Supplement #4771,Dietary Supplements & Shakes,184.6,18.8,9.6,7.5,5.2,2.8,249.1,1.3,0,0,1,0,0,9.14,A
PROD_04772,Beverage Item #4772,Beverages & Drinks,68.9,0.9,31.4,0.1,0.4,31.4,81.0,0.0,1,0,0,0,0,1.0,E
PROD_04773,Superfood Oil/Nut #4773,Superfoods & Healthy Oils,249.9,3.1,7.0,1.0,26.4,1.6,44.1,1.7,0,0,0,0,1,5.08,C
PROD_04774,Superfood Oil/Nut #4774,Superfoods & Healthy Oils,187.0,1.9,1.9,1.9,20.2,0.5,47.2,3.3,0,0,0,0,1,8.84,A
PROD_04775,Prepared Meal #4775,Fast Food & Prepared Meals,537.6,16.2,94.1,4.0,20.1,19.0,1726.3,16.3,1,1,0,0,0,1.0,E
PROD_04776,Nutrition Shake/Supplement #4776,Dietary Supplements & Shakes,120.9,33.5,21.0,2.2,2.5,3.5,133.9,2.4,0,0,1,0,0,6.86,B
PROD_04777,Prepared Meal #4777,Fast Food & Prepared Meals,788.9,34.7,37.7,4.7,40.5,15.2,848.7,4.6,1,1,0,0,0,3.08,E
PROD_04778,Prepared Meal #4778,Fast Food & Prepared Meals,780.6,36.6,55.0,4.9,53.2,5.8,1164.4,4.2,0,1,0,0,0,4.64,D
PROD_04779,Fresh Produce Item #4779,Whole Foods & Produce,87.4,3.1,12.9,3.6,0.2,12.9,31.2,0.2,0,0,0,0,0,6.55,B
PROD_04780,Superfood Oil/Nut #4780,Superfoods & Healthy Oils,241.8,8.6,3.6,0.4,21.3,0.2,31.1,2.6,0,0,0,0,1,6.28,C
PROD_04781,Lean Protein #4781,Lean Proteins & Poultry,159.1,23.6,1.2,0.7,6.5,1.1,179.2,3.0,0,0,0,0,0,8.89,A
PROD_04782,Processed Snack #4782,Processed Snacks & Sweets,213.0,4.3,35.7,1.7,11.5,13.3,288.0,6.9,0,1,0,0,0,1.46,E
PROD_04783,Lean Protein #4783,Lean Proteins & Poultry,140.3,41.5,3.0,0.2,7.4,1.4,322.2,2.7,0,0,0,0,0,9.14,A
PROD_04784,Beverage Item #4784,Beverages & Drinks,234.0,0.6,36.4,0.4,0.6,36.4,62.1,0.0,0,0,1,0,0,1.0,E
PROD_04785,Prepared Meal #4785,Fast Food & Prepared Meals,721.5,30.9,53.4,3.9,40.6,12.3,1180.8,5.1,0,0,0,1,0,3.37,E
PROD_04786,Lean Protein #4786,Lean Proteins & Poultry,185.5,39.1,1.0,0.3,3.6,1.0,393.4,1.0,0,0,0,0,0,7.64,B
PROD_04787,Grain/Legume #4787,Whole Grains & Legumes,281.0,11.9,43.9,14.7,3.5,1.6,26.6,0.9,0,0,0,0,0,7.99,B
PROD_04788,Fresh Produce Item #4788,Whole Foods & Produce,67.1,0.8,14.1,6.7,0.3,9.9,23.5,0.3,0,0,0,0,0,6.11,C
PROD_04789,Lean Protein #4789,Lean Proteins & Poultry,152.0,34.1,0.8,0.7,7.3,0.8,418.4,3.2,0,0,0,0,0,7.82,B
PROD_04790,Superfood Oil/Nut #4790,Superfoods & Healthy Oils,237.5,1.6,5.1,3.5,24.0,1.5,25.4,1.8,0,0,0,0,1,8.02,A
PROD_04791,Prepared Meal #4791,Fast Food & Prepared Meals,947.6,37.5,66.5,2.4,21.5,5.0,1276.0,10.7,0,0,0,0,1,6.64,B
PROD_04792,Lean Protein #4792,Lean Proteins & Poultry,181.1,26.4,3.4,0.8,11.5,0.1,266.0,2.0,0,0,0,0,0,8.64,A
PROD_04793,Condiment #4793,Condiments & Sauces,47.1,0.7,27.3,0.7,2.4,25.1,1077.0,1.7,0,0,0,0,0,1.0,E
PROD_04794,Condiment #4794,Condiments & Sauces,81.0,0.4,17.9,1.0,5.5,17.9,944.7,1.1,1,0,1,0,0,1.0,E
PROD_04795,Prepared Meal #4795,Fast Food & Prepared Meals,904.4,17.6,41.9,1.8,28.1,10.3,1160.3,14.3,0,0,0,1,0,3.14,E
PROD_04796,Prepared Meal #4796,Fast Food & Prepared Meals,905.9,14.9,76.4,5.5,17.4,4.5,899.8,15.1,0,0,0,0,0,5.4,C
PROD_04797,Fresh Produce Item #4797,Whole Foods & Produce,84.2,2.1,23.7,6.2,0.2,12.2,17.4,0.2,0,0,0,0,1,3.59,D
PROD_04798,Beverage Item #4798,Beverages & Drinks,229.9,0.7,8.3,0.2,0.8,8.3,52.2,0.0,0,0,1,1,0,2.54,E
PROD_04799,Grain/Legume #4799,Whole Grains & Legumes,194.8,6.8,62.3,11.7,2.3,2.1,82.1,0.8,0,0,0,0,0,5.85,C
PROD_04800,Processed Snack #4800,Processed Snacks & Sweets,513.6,4.5,70.3,2.4,11.2,43.6,273.6,7.2,1,1,0,1,0,1.0,E
PROD_04801,Nutrition Shake/Supplement #4801,Dietary Supplements & Shakes,174.1,41.8,6.4,2.2,2.3,6.4,98.4,1.6,0,0,1,0,0,7.82,B
PROD_04802,Processed Snack #4802,Processed Snacks & Sweets,400.1,4.3,47.2,1.9,23.6,27.3,366.7,10.3,0,1,0,1,0,1.07,E
PROD_04803,Prepared Meal #4803,Fast Food & Prepared Meals,713.2,25.9,52.7,3.8,16.7,6.6,848.3,16.7,0,0,0,0,0,5.67,C
PROD_04804,Superfood Oil/Nut #4804,Superfoods & Healthy Oils,146.7,7.0,5.6,4.0,22.6,0.3,48.9,1.6,0,0,0,0,1,7.57,B
PROD_04805,Fresh Produce Item #4805,Whole Foods & Produce,52.0,0.9,5.9,4.7,0.6,5.3,15.0,0.2,0,0,0,0,0,5.44,C
PROD_04806,Fresh Produce Item #4806,Whole Foods & Produce,75.6,2.5,18.0,7.1,0.6,9.2,20.2,0.2,0,0,0,0,1,5.78,C
PROD_04807,Grain/Legume #4807,Whole Grains & Legumes,284.6,16.7,38.7,9.5,3.4,3.5,111.2,0.8,0,0,0,0,0,8.37,A
PROD_04808,Dairy Product #4808,Dairy & Cheese,399.2,6.3,3.0,0.0,19.9,3.0,484.6,14.0,0,0,0,0,0,4.73,D
PROD_04809,Condiment #4809,Condiments & Sauces,156.5,0.8,28.3,1.0,16.7,1.6,448.8,2.1,0,0,0,0,0,4.31,D
PROD_04810,Condiment #4810,Condiments & Sauces,141.3,1.0,16.7,0.6,0.2,16.7,549.8,0.2,0,1,0,0,0,1.0,E
PROD_04811,Dairy Product #4811,Dairy & Cheese,258.1,7.5,2.7,0.0,25.4,2.7,227.6,18.8,1,0,0,0,0,3.59,D
PROD_04812,Fresh Produce Item #4812,Whole Foods & Produce,73.5,2.1,6.8,6.0,1.6,6.6,39.2,0.3,0,0,0,0,0,7.41,B
PROD_04813,Beverage Item #4813,Beverages & Drinks,235.6,0.0,30.2,0.3,0.8,30.2,18.2,0.0,1,0,1,0,0,1.0,E
PROD_04814,Fresh Produce Item #4814,Whole Foods & Produce,94.7,1.8,19.5,6.6,1.8,7.6,9.3,0.0,0,0,0,0,0,5.94,C
PROD_04815,Processed Snack #4815,Processed Snacks & Sweets,501.9,4.6,54.2,2.9,28.9,41.6,281.4,4.5,0,1,0,0,0,3.89,D
PROD_04816,Prepared Meal #4816,Fast Food & Prepared Meals,866.0,26.0,88.4,3.6,27.0,11.2,779.2,16.4,0,1,0,0,0,4.42,D
PROD_04817,Dairy Product #4817,Dairy & Cheese,217.6,9.5,6.1,0.0,23.3,5.9,428.7,10.4,0,0,0,0,0,5.37,C
PROD_04818,Prepared Meal #4818,Fast Food & Prepared Meals,640.5,24.4,72.8,1.9,37.9,8.0,607.6,15.4,0,0,0,1,1,4.97,D
PROD_04819,Prepared Meal #4819,Fast Food & Prepared Meals,499.3,37.6,85.8,1.6,31.3,10.5,1641.8,7.7,0,1,0,1,0,2.33,E
PROD_04820,Fresh Produce Item #4820,Whole Foods & Produce,110.6,0.5,19.9,4.2,0.5,7.7,13.9,0.4,0,0,0,0,0,5.1,C
PROD_04821,Superfood Oil/Nut #4821,Superfoods & Healthy Oils,253.7,7.6,4.7,4.5,11.1,0.6,10.6,1.4,0,0,0,0,1,7.3,B
PROD_04822,Prepared Meal #4822,Fast Food & Prepared Meals,882.9,36.9,75.8,1.9,41.7,14.0,536.9,7.6,1,0,0,0,0,4.97,D
PROD_04823,Grain/Legume #4823,Whole Grains & Legumes,252.2,7.2,44.8,12.6,1.8,1.0,173.4,0.3,0,0,0,0,0,6.68,B
PROD_04824,Beverage Item #4824,Beverages & Drinks,45.1,1.4,31.4,0.5,0.9,31.4,30.3,0.0,1,0,1,0,0,1.0,E
PROD_04825,Dairy Product #4825,Dairy & Cheese,136.2,14.7,17.6,0.0,24.2,15.1,533.4,14.3,0,0,0,0,0,3.4,E
PROD_04826,Lean Protein #4826,Lean Proteins & Poultry,243.2,40.2,4.6,1.0,7.7,0.4,346.4,0.5,0,0,0,0,1,9.26,A
PROD_04827,Nutrition Shake/Supplement #4827,Dietary Supplements & Shakes,245.1,27.0,4.6,4.6,1.6,4.6,333.6,1.1,1,0,1,0,0,6.98,B
PROD_04828,Nutrition Shake/Supplement #4828,Dietary Supplements & Shakes,126.9,30.9,15.7,7.7,4.7,10.8,146.0,1.4,0,0,0,0,0,10.0,A
PROD_04829,Prepared Meal #4829,Fast Food & Prepared Meals,399.3,15.5,47.9,1.5,15.9,16.6,1286.1,15.9,0,0,0,1,0,1.13,E
PROD_04830,Dairy Product #4830,Dairy & Cheese,308.6,17.9,3.6,0.0,15.5,3.6,99.6,15.5,0,0,0,0,0,5.77,C
PROD_04831,Lean Protein #4831,Lean Proteins & Poultry,234.5,26.7,0.3,0.3,10.1,0.3,155.1,2.1,0,0,0,0,0,8.76,A
PROD_04832,Dairy Product #4832,Dairy & Cheese,267.3,7.3,8.2,0.0,27.8,8.2,305.2,7.3,0,0,0,0,0,4.52,D
PROD_04833,Grain/Legume #4833,Whole Grains & Legumes,157.4,11.2,54.4,15.2,4.5,4.4,74.9,0.9,0,0,0,0,0,6.97,B
PROD_04834,Grain/Legume #4834,Whole Grains & Legumes,168.0,11.5,62.3,9.5,4.5,2.6,152.7,0.8,0,0,0,0,0,5.82,C
PROD_04835,Beverage Item #4835,Beverages & Drinks,201.1,0.7,37.3,0.1,0.3,24.6,44.6,0.0,1,0,0,0,0,1.0,E
PROD_04836,Dairy Product #4836,Dairy & Cheese,244.6,21.9,13.1,0.0,16.5,4.7,302.5,5.5,0,0,0,0,0,6.88,B
PROD_04837,Nutrition Shake/Supplement #4837,Dietary Supplements & Shakes,274.5,41.3,16.5,3.9,7.9,7.0,307.1,1.0,0,0,1,0,0,7.48,B
PROD_04838,Nutrition Shake/Supplement #4838,Dietary Supplements & Shakes,171.4,23.6,19.9,1.9,5.7,9.6,271.9,2.4,1,0,1,0,0,6.24,C
PROD_04839,Superfood Oil/Nut #4839,Superfoods & Healthy Oils,157.0,1.4,0.2,0.2,19.0,0.2,15.0,3.4,0,0,0,0,1,8.57,A
PROD_04840,Lean Protein #4840,Lean Proteins & Poultry,162.9,20.7,3.4,0.0,7.5,1.2,283.8,1.0,0,0,0,0,1,7.94,B
PROD_04841,Prepared Meal #4841,Fast Food & Prepared Meals,542.0,19.1,72.1,5.1,32.2,12.9,1329.4,5.7,0,0,0,0,0,4.86,D
PROD_04842,Grain/Legume #4842,Whole Grains & Legumes,167.2,11.2,46.3,9.2,1.6,1.8,128.4,0.8,0,0,0,0,0,7.0,B
PROD_04843,Condiment #4843,Condiments & Sauces,42.9,0.5,27.3,1.5,15.2,19.5,1298.5,0.9,1,0,0,0,1,1.71,E
PROD_04844,Prepared Meal #4844,Fast Food & Prepared Meals,449.5,31.7,37.2,2.5,14.7,8.1,520.6,13.4,0,1,0,1,0,3.3,E
PROD_04845,Superfood Oil/Nut #4845,Superfoods & Healthy Oils,215.3,6.7,0.6,0.6,24.5,0.6,2.1,3.1,0,0,0,0,1,5.84,C
PROD_04846,Dairy Product #4846,Dairy & Cheese,92.9,11.7,16.7,0.0,9.5,10.6,593.5,9.5,0,0,0,0,0,4.45,D
PROD_04847,Nutrition Shake/Supplement #4847,Dietary Supplements & Shakes,245.1,22.6,6.1,6.1,6.2,1.7,239.8,0.9,0,0,1,0,0,6.59,B
PROD_04848,Prepared Meal #4848,Fast Food & Prepared Meals,398.8,26.4,45.3,4.8,38.2,10.2,1402.6,7.3,0,1,0,0,0,3.22,E
PROD_04849,Fresh Produce Item #4849,Whole Foods & Produce,77.0,3.4,12.4,4.1,0.8,4.6,33.0,0.3,0,0,0,0,0,8.36,A
PROD_04850,Grain/Legume #4850,Whole Grains & Legumes,203.4,15.8,63.7,7.5,1.5,1.9,96.1,0.4,0,0,0,0,0,6.25,C
PROD_04851,Beverage Item #4851,Beverages & Drinks,175.6,0.2,4.2,0.3,0.9,4.2,70.4,0.0,0,0,0,1,0,3.73,D
PROD_04852,Prepared Meal #4852,Fast Food & Prepared Meals,917.1,15.9,55.4,5.9,38.4,16.1,1643.5,13.7,0,1,0,0,0,2.95,E
PROD_04853,Beverage Item #4853,Beverages & Drinks,20.3,0.9,10.3,0.1,0.5,10.3,85.3,0.0,1,0,0,1,0,1.0,E
PROD_04854,Beverage Item #4854,Beverages & Drinks,83.1,1.6,10.3,0.1,0.1,10.3,23.6,0.0,1,0,1,0,0,1.0,E
PROD_04855,Superfood Oil/Nut #4855,Superfoods & Healthy Oils,177.3,4.5,7.0,2.4,19.2,0.5,33.4,1.1,0,0,0,0,1,5.0,C
PROD_04856,Beverage Item #4856,Beverages & Drinks,57.5,1.7,50.0,0.1,0.8,47.2,74.9,0.0,1,0,0,0,0,1.0,E
PROD_04857,Processed Snack #4857,Processed Snacks & Sweets,256.3,3.0,33.9,1.3,16.2,20.4,215.9,7.5,0,1,0,1,0,1.33,E
PROD_04858,Beverage Item #4858,Beverages & Drinks,170.2,0.3,3.6,0.1,0.2,3.6,63.3,0.0,0,0,0,1,0,3.9,D
PROD_04859,Grain/Legume #4859,Whole Grains & Legumes,225.6,6.4,52.2,15.6,2.7,2.4,13.9,0.9,0,0,0,0,0,7.01,B
PROD_04860,Dairy Product #4860,Dairy & Cheese,127.0,18.9,9.1,0.0,19.8,6.4,135.0,8.1,0,0,0,0,0,5.26,C
PROD_04861,Condiment #4861,Condiments & Sauces,173.8,0.2,10.1,0.7,4.5,10.1,645.1,2.3,0,0,0,1,0,2.11,E
PROD_04862,Superfood Oil/Nut #4862,Superfoods & Healthy Oils,279.5,4.5,2.9,2.9,10.6,1.1,10.5,2.1,0,0,0,0,1,4.9,D
PROD_04863,Processed Snack #4863,Processed Snacks & Sweets,442.5,5.3,43.8,1.6,10.3,40.3,213.5,9.2,1,0,0,0,0,3.06,E
PROD_04864,Beverage Item #4864,Beverages & Drinks,100.8,1.5,27.2,0.0,0.5,27.2,104.1,0.0,0,0,0,1,0,1.0,E
PROD_04865,Nutrition Shake/Supplement #4865,Dietary Supplements & Shakes,259.8,36.5,19.7,5.3,5.9,5.7,183.2,2.2,0,0,0,0,0,9.34,A
PROD_04866,Grain/Legume #4866,Whole Grains & Legumes,156.5,13.6,54.9,14.6,3.3,2.0,171.1,0.7,0,0,0,0,0,7.7,B
PROD_04867,Condiment #4867,Condiments & Sauces,74.8,1.8,12.9,1.0,8.5,12.9,391.2,1.3,1,0,0,1,0,1.0,E
PROD_04868,Beverage Item #4868,Beverages & Drinks,117.3,0.0,48.9,0.2,0.7,3.6,67.6,0.0,0,0,0,1,0,1.0,E
PROD_04869,Condiment #4869,Condiments & Sauces,146.3,1.2,10.9,0.3,16.6,10.9,1168.9,0.7,0,1,0,1,0,1.0,E
PROD_04870,Lean Protein #4870,Lean Proteins & Poultry,130.0,23.3,3.6,0.5,7.8,1.5,160.9,1.7,0,0,0,0,0,8.76,A
PROD_04871,Grain/Legume #4871,Whole Grains & Legumes,205.9,6.9,34.6,14.1,1.8,2.3,58.3,0.2,0,0,0,0,0,8.43,A
PROD_04872,Nutrition Shake/Supplement #4872,Dietary Supplements & Shakes,131.1,34.6,22.6,1.8,2.9,4.3,245.1,1.5,0,0,1,0,0,7.19,B
PROD_04873,Nutrition Shake/Supplement #4873,Dietary Supplements & Shakes,263.6,25.6,8.8,3.5,3.1,3.9,220.4,2.2,0,0,1,0,0,6.27,C
PROD_04874,Prepared Meal #4874,Fast Food & Prepared Meals,609.7,26.7,65.6,4.1,41.2,10.8,535.9,4.8,0,0,0,0,0,5.63,C
PROD_04875,Nutrition Shake/Supplement #4875,Dietary Supplements & Shakes,226.5,25.1,7.6,2.5,4.0,6.3,225.1,1.2,0,0,1,1,0,5.79,C
PROD_04876,Lean Protein #4876,Lean Proteins & Poultry,190.5,25.0,2.0,0.5,7.6,0.4,341.6,1.4,0,0,0,0,0,8.1,A
PROD_04877,Beverage Item #4877,Beverages & Drinks,142.1,0.8,26.7,0.4,0.5,26.7,53.5,0.0,0,0,1,0,0,1.0,E
PROD_04878,Prepared Meal #4878,Fast Food & Prepared Meals,873.8,15.1,73.5,3.0,21.7,7.3,1625.8,16.0,0,1,0,0,1,2.39,E
PROD_04879,Nutrition Shake/Supplement #4879,Dietary Supplements & Shakes,280.8,19.5,23.1,4.4,2.8,6.7,311.0,1.3,0,0,0,0,0,7.99,B
PROD_04880,Lean Protein #4880,Lean Proteins & Poultry,168.6,20.1,0.2,0.1,10.0,0.2,126.4,1.3,0,0,0,0,0,8.45,A
PROD_04881,Superfood Oil/Nut #4881,Superfoods & Healthy Oils,144.1,8.7,5.6,3.8,22.2,0.2,23.3,3.0,0,0,0,0,1,7.25,B
PROD_04882,Processed Snack #4882,Processed Snacks & Sweets,296.2,2.0,69.7,0.5,13.6,25.4,587.0,12.0,1,0,0,0,0,1.0,E
PROD_04883,Beverage Item #4883,Beverages & Drinks,84.3,1.5,8.3,0.3,0.8,8.3,116.7,0.0,0,0,1,0,0,3.8,D
PROD_04884,Lean Protein #4884,Lean Proteins & Poultry,228.7,25.8,1.2,0.5,8.5,1.2,58.9,1.4,0,0,0,0,0,8.87,A
PROD_04885,Prepared Meal #4885,Fast Food & Prepared Meals,668.8,13.3,94.0,4.7,39.8,7.4,1162.9,11.0,0,1,0,0,0,3.66,D
PROD_04886,Grain/Legume #4886,Whole Grains & Legumes,250.6,6.4,31.0,6.9,3.5,3.1,160.6,0.6,0,0,0,0,0,6.83,B
PROD_04887,Grain/Legume #4887,Whole Grains & Legumes,293.4,6.0,42.0,7.1,4.1,3.5,142.8,0.3,0,0,0,0,0,5.79,C
PROD_04888,Grain/Legume #4888,Whole Grains & Legumes,294.2,15.0,64.4,11.0,2.6,3.4,127.2,1.0,0,0,0,0,0,6.91,B
PROD_04889,Beverage Item #4889,Beverages & Drinks,45.0,1.6,10.8,0.3,0.1,10.8,96.1,0.0,0,0,0,0,0,2.24,E
PROD_04890,Beverage Item #4890,Beverages & Drinks,228.3,1.7,38.4,0.2,0.4,38.4,34.0,0.0,0,0,0,0,0,2.11,E
PROD_04891,Condiment #4891,Condiments & Sauces,103.7,1.6,29.5,0.2,10.7,27.6,919.6,2.1,0,0,1,1,0,1.0,E
PROD_04892,Dairy Product #4892,Dairy & Cheese,366.7,13.3,18.0,0.0,7.1,7.4,574.0,7.1,0,0,0,0,0,5.71,C
PROD_04893,Lean Protein #4893,Lean Proteins & Poultry,207.1,34.1,3.9,0.5,10.0,1.8,349.8,2.7,0,0,0,0,0,8.66,A
PROD_04894,Dairy Product #4894,Dairy & Cheese,196.8,14.3,10.3,0.0,4.6,10.3,436.1,4.6,0,0,1,1,0,2.49,E
PROD_04895,Dairy Product #4895,Dairy & Cheese,213.4,22.6,17.6,0.0,19.7,4.0,300.8,12.2,0,0,0,0,0,5.78,C
PROD_04896,Dairy Product #4896,Dairy & Cheese,330.7,13.5,16.9,0.0,29.1,5.7,115.6,17.2,0,0,0,0,0,4.45,D
PROD_04897,Grain/Legume #4897,Whole Grains & Legumes,203.5,16.3,56.5,15.3,3.8,3.1,55.6,0.7,0,0,0,0,0,7.97,B
PROD_04898,Dairy Product #4898,Dairy & Cheese,254.5,12.8,16.4,0.0,25.2,3.1,607.7,9.9,0,0,0,0,0,4.24,D
PROD_04899,Dairy Product #4899,Dairy & Cheese,302.1,9.7,17.5,0.0,6.1,10.5,129.3,6.1,0,0,0,1,0,4.46,D
PROD_04900,Superfood Oil/Nut #4900,Superfoods & Healthy Oils,215.7,1.0,1.6,1.6,19.2,1.4,15.4,2.8,0,0,0,0,1,8.5,A
PROD_04901,Grain/Legume #4901,Whole Grains & Legumes,343.4,6.2,35.3,15.2,1.2,2.1,132.2,1.0,0,0,0,0,0,7.25,B
PROD_04902,Lean Protein #4902,Lean Proteins & Poultry,187.7,27.0,4.3,0.3,8.4,0.4,301.7,3.0,0,0,0,0,0,8.12,A
PROD_04903,Superfood Oil/Nut #4903,Superfoods & Healthy Oils,279.0,1.2,2.7,2.7,21.6,1.1,31.9,2.0,0,0,0,0,1,8.44,A
PROD_04904,Fresh Produce Item #4904,Whole Foods & Produce,117.7,2.3,9.4,6.7,1.5,7.4,34.6,0.0,0,0,0,0,0,6.89,B
PROD_04905,Dairy Product #4905,Dairy & Cheese,179.2,9.4,15.8,0.0,8.8,15.5,642.3,8.8,0,0,0,0,0,3.8,D
PROD_04906,Nutrition Shake/Supplement #4906,Dietary Supplements & Shakes,140.2,30.3,14.4,6.1,3.0,1.6,249.8,1.5,0,0,1,0,0,9.61,A
PROD_04907,Prepared Meal #4907,Fast Food & Prepared Meals,740.2,12.7,86.5,3.2,19.6,17.6,1106.7,4.4,0,0,0,0,0,5.08,C
PROD_04908,Prepared Meal #4908,Fast Food & Prepared Meals,684.0,32.5,56.1,5.8,26.8,17.3,1130.1,12.6,1,0,0,0,0,3.41,E
PROD_04909,Grain/Legume #4909,Whole Grains & Legumes,235.1,12.9,32.2,8.6,4.6,1.8,128.9,0.3,0,0,0,0,0,8.67,A
PROD_04910,Processed Snack #4910,Processed Snacks & Sweets,405.4,3.9,52.1,2.0,29.5,24.6,424.8,5.1,1,1,0,1,0,1.0,E
PROD_04911,Grain/Legume #4911,Whole Grains & Legumes,158.8,16.8,29.0,15.8,1.4,3.5,133.8,0.9,0,0,0,0,0,10.0,A
PROD_04912,Fresh Produce Item #4912,Whole Foods & Produce,85.4,1.4,19.6,6.6,1.5,7.7,12.1,0.3,0,0,0,0,0,5.84,C
PROD_04913,Beverage Item #4913,Beverages & Drinks,65.8,1.5,37.7,0.2,0.5,23.2,26.1,0.0,0,0,0,0,0,1.2,E
PROD_04914,Dairy Product #4914,Dairy & Cheese,377.3,9.9,14.8,0.0,3.5,14.3,399.5,3.5,0,0,1,0,0,4.68,D
PROD_04915,Superfood Oil/Nut #4915,Superfoods & Healthy Oils,128.7,4.6,0.8,0.8,13.2,0.8,45.0,1.5,0,0,0,0,1,5.77,C
PROD_04916,Condiment #4916,Condiments & Sauces,62.5,1.1,14.8,0.4,13.1,14.8,594.7,1.9,1,0,0,1,0,1.0,E
PROD_04917,Lean Protein #4917,Lean Proteins & Poultry,200.1,40.2,3.4,0.6,5.4,1.8,103.4,3.2,0,0,0,0,0,8.36,A
PROD_04918,Grain/Legume #4918,Whole Grains & Legumes,326.3,7.8,63.3,16.0,1.1,0.9,89.6,0.2,0,0,0,0,0,6.26,C
PROD_04919,Lean Protein #4919,Lean Proteins & Poultry,218.6,45.0,4.7,0.3,5.7,1.6,205.3,2.6,0,0,0,0,0,9.46,A
PROD_04920,Dairy Product #4920,Dairy & Cheese,279.4,19.8,17.3,0.0,13.9,9.2,588.0,13.4,0,0,0,0,0,3.98,D
PROD_04921,Superfood Oil/Nut #4921,Superfoods & Healthy Oils,134.9,7.0,7.4,1.0,14.5,0.3,9.4,1.9,0,0,0,0,1,5.73,C
PROD_04922,Beverage Item #4922,Beverages & Drinks,172.4,1.0,25.9,0.5,0.6,19.6,61.1,0.0,1,0,0,0,0,1.0,E
PROD_04923,Grain/Legume #4923,Whole Grains & Legumes,235.1,11.6,41.7,14.4,4.9,2.1,62.4,0.8,0,0,0,0,0,7.79,B
PROD_04924,Dairy Product #4924,Dairy & Cheese,106.0,14.2,8.8,0.0,22.9,4.8,640.1,4.6,0,0,0,1,0,3.51,D
PROD_04925,Prepared Meal #4925,Fast Food & Prepared Meals,757.9,12.8,65.6,2.5,52.9,16.8,1469.6,13.9,0,1,0,0,0,2.7,E
PROD_04926,Lean Protein #4926,Lean Proteins & Poultry,171.2,30.0,0.1,0.1,9.2,0.1,148.4,2.5,0,0,0,0,0,8.84,A
PROD_04927,Grain/Legume #4927,Whole Grains & Legumes,215.3,16.7,41.8,9.9,1.3,3.2,187.6,0.4,0,0,0,0,0,7.71,B
PROD_04928,Nutrition Shake/Supplement #4928,Dietary Supplements & Shakes,202.9,18.5,10.4,3.6,4.1,8.5,153.7,1.1,0,0,0,0,0,8.06,A
PROD_04929,Processed Snack #4929,Processed Snacks & Sweets,276.2,4.1,34.7,0.7,10.3,24.9,380.3,2.5,1,1,0,1,0,1.0,E
PROD_04930,Processed Snack #4930,Processed Snacks & Sweets,425.6,5.2,68.4,2.6,18.9,33.8,354.5,10.7,1,0,0,1,0,1.0,E
PROD_04931,Beverage Item #4931,Beverages & Drinks,141.2,1.9,5.9,0.5,0.8,5.9,24.3,0.0,0,0,0,1,0,3.62,D
PROD_04932,Lean Protein #4932,Lean Proteins & Poultry,190.4,24.7,4.2,0.4,9.2,1.3,335.7,1.5,0,0,0,0,0,7.97,B
PROD_04933,Superfood Oil/Nut #4933,Superfoods & Healthy Oils,132.4,1.5,5.9,4.2,22.5,0.6,11.3,2.7,0,0,0,0,1,9.33,A
PROD_04934,Nutrition Shake/Supplement #4934,Dietary Supplements & Shakes,244.7,23.3,4.6,4.6,7.9,4.6,336.8,1.2,0,0,1,0,0,6.08,C
PROD_04935,Nutrition Shake/Supplement #4935,Dietary Supplements & Shakes,202.9,42.5,11.0,2.8,2.1,5.7,256.6,2.1,0,0,0,0,0,8.56,A
PROD_04936,Grain/Legume #4936,Whole Grains & Legumes,208.9,10.0,47.8,9.3,2.6,1.4,85.8,0.8,0,0,0,0,0,6.06,C
PROD_04937,Superfood Oil/Nut #4937,Superfoods & Healthy Oils,133.3,4.1,4.5,1.3,10.7,0.8,23.1,3.7,0,0,0,0,1,5.3,C
PROD_04938,Grain/Legume #4938,Whole Grains & Legumes,190.3,9.1,54.6,15.3,1.5,2.2,168.1,0.6,0,0,0,0,0,6.31,C
PROD_04939,Beverage Item #4939,Beverages & Drinks,147.9,1.3,3.6,0.4,0.6,3.6,118.2,0.0,1,0,0,1,0,1.71,E
PROD_04940,Dairy Product #4940,Dairy & Cheese,260.7,23.0,3.7,0.0,18.8,3.7,644.8,13.5,0,0,0,0,0,4.56,D
PROD_04941,Prepared Meal #4941,Fast Food & Prepared Meals,539.2,36.2,42.8,2.8,40.4,7.1,1785.2,7.1,1,0,0,0,0,3.76,D
PROD_04942,Nutrition Shake/Supplement #4942,Dietary Supplements & Shakes,195.9,36.2,9.1,5.4,5.4,9.1,252.0,1.7,0,0,0,1,0,8.6,A
PROD_04943,Grain/Legume #4943,Whole Grains & Legumes,298.2,15.3,54.0,13.7,3.4,1.8,74.7,0.6,0,0,0,0,0,8.15,A
PROD_04944,Condiment #4944,Condiments & Sauces,83.5,1.7,27.7,1.2,12.4,10.4,492.7,0.8,0,0,0,0,0,4.42,D
PROD_04945,Lean Protein #4945,Lean Proteins & Poultry,236.6,42.4,0.8,0.8,3.1,0.8,284.8,2.5,0,0,0,0,0,9.12,A
PROD_04946,Nutrition Shake/Supplement #4946,Dietary Supplements & Shakes,310.1,26.5,8.3,5.7,2.1,2.0,341.1,1.1,1,0,0,0,0,6.82,B
PROD_04947,Dairy Product #4947,Dairy & Cheese,294.7,12.1,17.6,0.0,3.2,10.7,568.3,3.2,0,0,0,0,0,4.44,D
PROD_04948,Dairy Product #4948,Dairy & Cheese,391.0,14.6,16.7,0.0,31.7,13.8,283.4,14.8,0,0,0,1,0,3.29,E
PROD_04949,Prepared Meal #4949,Fast Food & Prepared Meals,424.4,22.3,39.6,5.0,22.0,7.0,731.5,7.2,0,0,0,1,0,4.5,D
PROD_04950,Superfood Oil/Nut #4950,Superfoods & Healthy Oils,140.0,3.0,6.6,0.8,19.8,0.8,10.0,3.9,0,0,0,0,1,4.27,D
PROD_04951,Fresh Produce Item #4951,Whole Foods & Produce,44.1,2.7,10.5,4.6,0.2,10.5,9.1,0.2,0,0,0,0,0,6.45,C
PROD_04952,Beverage Item #4952,Beverages & Drinks,205.2,0.8,55.1,0.2,0.5,2.9,84.8,0.0,0,0,0,0,0,2.16,E
PROD_04953,Lean Protein #4953,Lean Proteins & Poultry,127.2,28.6,3.8,0.7,8.1,2.0,184.8,2.0,0,0,0,0,0,8.86,A
PROD_04954,Beverage Item #4954,Beverages & Drinks,42.2,1.7,40.7,0.4,0.8,7.5,86.5,0.0,0,0,0,0,0,2.97,E
PROD_04955,Fresh Produce Item #4955,Whole Foods & Produce,93.7,0.6,11.9,7.2,1.3,4.7,26.0,0.0,0,0,0,0,0,6.53,B
PROD_04956,Processed Snack #4956,Processed Snacks & Sweets,281.5,1.2,72.8,1.1,14.6,33.2,428.6,6.5,1,0,0,1,0,1.0,E
PROD_04957,Processed Snack #4957,Processed Snacks & Sweets,361.8,2.9,58.4,2.1,22.5,21.1,761.8,4.5,1,1,0,0,0,1.0,E
PROD_04958,Fresh Produce Item #4958,Whole Foods & Produce,71.1,0.9,21.9,6.9,1.4,14.0,23.0,0.1,0,0,0,0,0,3.76,D
PROD_04959,Grain/Legume #4959,Whole Grains & Legumes,327.9,6.6,29.3,12.5,2.5,1.8,39.8,0.7,0,0,0,0,0,7.21,B
PROD_04960,Fresh Produce Item #4960,Whole Foods & Produce,100.6,0.9,11.5,2.6,1.9,10.9,5.9,0.2,0,0,0,0,0,4.5,D
PROD_04961,Grain/Legume #4961,Whole Grains & Legumes,169.3,6.7,37.9,8.3,3.9,2.6,61.8,0.7,0,0,0,0,1,6.68,B
PROD_04962,Fresh Produce Item #4962,Whole Foods & Produce,51.8,2.1,24.1,3.9,0.6,4.2,22.6,0.1,0,0,0,0,0,5.15,C
PROD_04963,Lean Protein #4963,Lean Proteins & Poultry,117.4,37.8,1.0,0.0,9.8,1.0,183.7,0.7,0,0,0,0,0,9.19,A
PROD_04964,Nutrition Shake/Supplement #4964,Dietary Supplements & Shakes,156.3,22.2,21.2,2.8,5.6,7.7,273.4,0.6,0,0,1,0,0,7.01,B
PROD_04965,Beverage Item #4965,Beverages & Drinks,49.7,0.6,4.7,0.2,0.7,4.7,93.0,0.0,0,0,1,1,0,1.09,E
PROD_04966,Fresh Produce Item #4966,Whole Foods & Produce,107.0,1.4,16.8,2.2,0.2,14.5,45.3,0.0,0,0,0,0,0,3.33,E
PROD_04967,Fresh Produce Item #4967,Whole Foods & Produce,109.0,3.3,16.4,4.1,1.1,2.4,16.0,0.2,0,0,0,0,0,7.74,B
PROD_04968,Beverage Item #4968,Beverages & Drinks,114.0,0.4,4.8,0.2,0.4,4.8,24.1,0.0,0,0,1,1,0,1.95,E
PROD_04969,Lean Protein #4969,Lean Proteins & Poultry,171.8,30.8,0.4,0.4,9.1,0.3,143.5,0.5,0,0,0,0,0,9.04,A
PROD_04970,Superfood Oil/Nut #4970,Superfoods & Healthy Oils,242.0,5.9,5.2,1.3,11.7,1.1,30.7,3.9,0,0,0,0,1,4.98,D
PROD_04971,Dairy Product #4971,Dairy & Cheese,398.1,13.1,4.6,0.0,20.9,4.6,602.5,9.3,0,0,0,0,0,4.01,D
PROD_04972,Fresh Produce Item #4972,Whole Foods & Produce,32.4,3.2,13.3,7.3,0.4,6.1,17.6,0.4,0,0,0,0,0,6.02,C
PROD_04973,Condiment #4973,Condiments & Sauces,152.8,1.2,12.3,0.4,3.8,12.3,1076.9,0.8,1,0,0,1,0,1.0,E
PROD_04974,Dairy Product #4974,Dairy & Cheese,173.5,7.6,8.0,0.0,4.9,2.3,434.0,4.8,1,0,1,0,0,1.01,E
PROD_04975,Dairy Product #4975,Dairy & Cheese,318.4,15.3,9.2,0.0,16.4,2.5,264.6,4.2,0,0,0,0,0,6.35,C
PROD_04976,Dairy Product #4976,Dairy & Cheese,111.8,18.9,7.1,0.0,13.5,7.1,282.9,5.8,0,0,0,0,0,6.29,C
PROD_04977,Dairy Product #4977,Dairy & Cheese,118.0,19.1,14.7,0.0,4.4,14.4,422.7,4.4,0,0,0,0,0,7.08,B
PROD_04978,Grain/Legume #4978,Whole Grains & Legumes,232.5,12.0,44.3,6.8,3.6,4.1,95.0,0.9,0,0,0,0,0,7.26,B
PROD_04979,Prepared Meal #4979,Fast Food & Prepared Meals,694.2,15.3,56.0,4.1,24.2,13.1,1202.0,17.2,1,0,0,0,0,1.79,E
PROD_04980,Superfood Oil/Nut #4980,Superfoods & Healthy Oils,230.8,2.6,5.8,3.6,12.8,0.6,47.1,1.2,0,0,0,0,1,9.68,A
PROD_04981,Nutrition Shake/Supplement #4981,Dietary Supplements & Shakes,174.4,24.7,17.9,1.4,7.0,6.6,101.9,1.0,1,0,0,0,0,7.17,B
PROD_04982,Dairy Product #4982,Dairy & Cheese,201.9,14.2,17.9,0.0,3.1,8.0,79.6,3.1,1,0,0,0,0,5.53,C
PROD_04983,Superfood Oil/Nut #4983,Superfoods & Healthy Oils,125.8,3.0,0.7,0.7,25.4,0.7,26.0,2.1,0,0,0,0,1,8.75,A
PROD_04984,Lean Protein #4984,Lean Proteins & Poultry,247.7,20.1,1.7,0.3,7.4,1.7,313.1,0.6,0,0,0,0,0,7.04,B
PROD_04985,Fresh Produce Item #4985,Whole Foods & Produce,35.5,2.0,23.0,2.2,1.3,6.3,33.0,0.1,0,0,0,0,0,3.91,D
PROD_04986,Processed Snack #4986,Processed Snacks & Sweets,523.1,1.9,52.1,0.9,23.5,39.5,403.2,6.3,1,1,0,1,0,1.0,E
PROD_04987,Superfood Oil/Nut #4987,Superfoods & Healthy Oils,137.3,8.9,1.3,1.3,15.5,0.8,47.9,2.9,0,0,0,0,1,7.32,B
PROD_04988,Fresh Produce Item #4988,Whole Foods & Produce,109.7,0.8,14.1,6.2,1.9,3.1,21.6,0.2,0,0,0,0,0,6.49,C
PROD_04989,Condiment #4989,Condiments & Sauces,30.6,1.2,2.4,0.4,12.0,2.4,440.2,0.2,0,0,0,1,0,2.4,E
PROD_04990,Nutrition Shake/Supplement #4990,Dietary Supplements & Shakes,189.5,32.4,24.8,7.7,8.4,1.5,277.1,2.3,0,0,1,0,0,7.99,B
PROD_04991,Dairy Product #4991,Dairy & Cheese,169.4,11.0,14.9,0.0,31.8,8.5,178.6,5.9,0,0,0,0,0,5.89,C
PROD_04992,Condiment #4992,Condiments & Sauces,166.0,0.7,27.0,1.3,10.8,12.5,246.4,1.0,1,0,0,0,0,2.41,E
PROD_04993,Fresh Produce Item #4993,Whole Foods & Produce,30.3,1.7,5.2,5.2,1.4,5.2,36.1,0.3,0,0,0,0,0,7.77,B
PROD_04994,Prepared Meal #4994,Fast Food & Prepared Meals,555.0,15.1,77.8,1.9,43.8,11.8,672.4,6.2,0,0,0,0,0,5.24,C
PROD_04995,Beverage Item #4995,Beverages & Drinks,146.1,0.1,50.0,0.1,0.8,33.2,29.5,0.0,0,0,0,0,0,1.0,E
PROD_04996,Superfood Oil/Nut #4996,Superfoods & Healthy Oils,279.6,5.1,4.5,1.4,17.5,1.0,12.9,1.7,0,0,0,0,1,5.21,C
PROD_04997,Lean Protein #4997,Lean Proteins & Poultry,217.1,35.0,3.5,0.7,7.2,1.6,283.8,0.8,0,0,0,0,0,9.27,A
PROD_04998,Nutrition Shake/Supplement #4998,Dietary Supplements & Shakes,101.3,16.3,14.0,5.3,3.8,1.6,284.7,1.3,0,0,0,0,0,9.54,A
PROD_04999,Nutrition Shake/Supplement #4999,Dietary Supplements & Shakes,243.6,19.9,23.9,2.2,2.9,7.8,176.4,0.6,0,0,1,1,0,3.9,D
PROD_05000,Fresh Produce Item #5000,Whole Foods & Produce,29.6,1.3,19.8,6.0,0.7,10.2,34.9,0.3,0,0,0,0,0,3.68,D
